Temperature,Vibration,Pressure,RPM,Operating_Hours,Flow_Rate,Failure,Fault_Type
59.39957433737233,3.2134778688720798,9.378050794846766,1418.7128218418945,2895.7485099478945,116.31547176192353,0,Normal
57.71347615507232,2.754074999098234,8.76521173198762,1434.0664550924498,3531.3667724119737,133.0051834930166,0,Normal
64.28726381069296,2.5708486599392737,8.484242470409765,1455.910677978659,539.4590482897801,112.51884001289065,0,Normal
67.8281645094336,2.663510794137756,9.015219392818395,1501.6587555626145,5611.012092616818,122.4560244800429,0,Normal
74.49422982191712,4.884023666282944,7.391982498555004,1122.1292104892284,9385.940260847534,85.19163529077366,1,Shaft Misalignment
69.26234321716476,1.7624898413197503,9.226058849591281,1450.5659705986304,1382.348045149357,115.94717753379348,0,Normal
67.00000002806783,3.8732743965281733,7.618381650548257,1481.2810955029652,2957.2019045157685,112.70706158276877,0,Normal
64.72824362799899,1.9497831827555256,7.719879011223141,1524.1864853543834,2621.9300077137696,113.8293908675411,0,Normal
71.7744646576092,2.1097156003244697,9.12491054852684,1429.9242354000933,577.8614815560682,115.64301288529361,0,Normal
67.88916144319963,3.150064782008731,8.594823698505994,1368.5808228579529,3391.3901743867336,127.47449390136617,0,Normal
87.2408437028281,8.274914554913988,8.20039475615732,1558.2669383192274,9267.602378739533,119.95024519636156,1,Bearing Failure
81.08802932632938,6.12316232050344,8.779224805310495,1125.344621969994,6049.61421441781,111.09829077663493,1,Shaft Misalignment
59.8133564311514,3.206187618129092,8.211605018268374,1461.8169650800305,596.3960558061011,121.48573351495172,0,Normal
71.37341924839743,1.8186184571453026,8.754647661821004,1425.357151386547,1952.1815420425628,117.736189784154,0,Normal
64.49403241366191,3.0489629349261422,7.847834125544016,1425.8234836501188,2368.201511024031,121.67719506777802,0,Normal
58.45939211513757,2.047733524865433,9.276639593846246,1452.1405861031867,5800.368102171804,127.44068643833093,0,Normal
60.17392961624726,2.643242755174814,7.863081337432898,1450.5877638217746,6529.648944735957,123.08933198398711,0,Normal
67.2527297284695,2.2793757495780587,8.199775429986703,1447.7804558253108,2173.086864022504,117.84516946661365,0,Normal
54.14919530719922,1.9267588809360685,8.17491386395692,1396.9518884254524,1221.801517397339,120.53976020205778,0,Normal
71.90602061472104,7.038211605492258,7.041375357740759,1800.0,9472.79013863586,97.25730077595945,1,Shaft Misalignment
69.41493102730895,2.8099342268799012,8.728757450922519,1485.51643545007,6701.102726774716,126.95038670644439,0,Normal
64.21219022223111,2.645060133930586,8.636659822255963,1513.5032365136947,2371.290031618881,115.39531636923766,0,Normal
81.93843939293983,6.020475005368216,9.140522962209129,1224.3949409466857,5018.407749789114,89.17075837282547,1,Shaft Misalignment
65.51560917054029,1.4616963348285457,8.876846949777006,1455.1797461158437,4694.746551128951,125.67528784469285,0,Normal
60.346031881533655,2.135892537223909,8.279799334631369,1420.4012864040435,3776.542464776659,113.49932357840683,0,Normal
87.41943938087866,8.510839735020314,10.470338631299338,1375.330813006668,7005.720608749853,109.4982721372651,1,Bearing Failure
65.52986139129784,2.4507819596341545,9.140327780441131,1482.2120792289616,4540.79947955663,109.5590881064158,0,Normal
70.45902669537323,2.45786778308943,7.238861041256024,1443.9213047073586,2729.282378050508,128.48115054937017,0,Normal
74.53219181906378,5.331351125981504,6.525697587571058,1459.1983859580118,3726.771102434527,63.66360491245273,1,Cavitation
70.8408420072705,2.723364766023124,7.679882066668265,1428.087390530936,2222.7269679135584,101.19635317900511,0,Normal
60.71862293329421,5.71050991956638,6.259593076838477,1397.0329656362587,3758.9457559215252,77.85074564977899,1,Cavitation
78.8661999333288,5.84216249015974,5.95414603181941,1419.9807153564448,8362.64512657167,79.11722951652281,1,Cavitation
75.36026955450781,2.1729211917553735,8.028560220563422,1456.2589293640317,870.8794939318757,108.07819059471832,0,Normal
59.08825414546954,2.929156920220243,8.980512904287368,1404.3198185874792,3998.894149035148,114.40952165289069,0,Normal
80.54420709535853,6.80633201905893,6.099635835436375,1484.0088040031637,5637.969194223543,86.45962511547354,1,Cavitation
87.15181975244755,8.032813132323419,8.691667188503681,1163.5982347590564,4687.673885847424,112.9843682788365,1,Shaft Misalignment
58.51871865961882,2.5726695160183946,8.716213640417793,1469.516323594315,3961.4452539172735,113.85817828949442,0,Normal
65.36651014676592,3.1598200227821933,8.645811125331592,1455.4216525460977,3544.551842611819,114.40629722004705,0,Normal
81.90387377020284,7.761106278944512,8.250990493857733,1174.872683466927,4802.6606097574395,107.12852267162684,1,Shaft Misalignment
54.78230823051882,2.1816517866116745,8.472829579481676,1416.8743944954842,6138.331415086933,114.46750877844981,0,Normal
89.61077139920039,7.525755350923263,7.670300405472916,1467.6487530333463,6254.835883353253,112.73261221420144,1,Bearing Failure
90.11091753927617,7.813843031904567,9.328520086378928,1427.1249430195778,9516.790540958877,103.1583448219502,1,Bearing Failure
66.15921046067425,3.187618086485239,8.111314257577046,1512.3515673798759,3389.7277569512853,107.75630872205298,0,Normal
92.5612809779807,8.437066875102031,7.587636844228019,1422.0582855928699,8908.074108056535,87.11934504961967,1,Bearing Failure
98.09988745556518,7.8927683630511245,7.238575927252432,1442.566458205888,8657.377165858858,101.66522749906461,1,Bearing Failure
88.69520067640653,6.723942613157184,8.083674591213432,1413.5711974763644,9013.994150344806,103.58951553815888,1,Bearing Failure
73.30389854327287,6.530322881436889,7.071448222871817,1481.8184427389924,3095.209484194904,71.25761913753144,1,Cavitation
71.8007064118649,7.929611094094432,7.825450393610616,1188.186781004043,8881.463867350729,101.44628238469801,1,Shaft Misalignment
65.96392038862149,2.8169729994848005,8.351178732001753,1446.8604150249464,1539.6055113571663,119.60898213184325,0,Normal
98.05612875255957,7.47004535387347,8.232171773144694,1452.53497626561,7236.381954798837,100.95846094292678,1,Bearing Failure
66.27943741163111,1.9146119117522935,8.570044772713079,1469.5161095110154,3789.760206502354,116.84016685954668,0,Normal
84.31111196007335,6.118319965889947,7.972546506067166,1453.9019566287907,7461.861379803573,95.97092976981422,1,Bearing Failure
77.79915113803857,7.175164400988294,5.916777268193333,1723.6099764124856,5269.311573825214,118.32410058420716,1,Shaft Misalignment
73.19901045757533,8.029089859949066,6.352434977349354,1440.5559931643272,3139.360280766706,73.796792202098,1,Cavitation
62.824736998820704,1.6131986468174895,7.354353596557967,1405.6601163681287,4107.559062086533,118.96980596172604,0,Normal
63.47313131953176,1.1694120875681437,8.110995543816724,1404.427533117298,2794.231728485704,119.29231643318111,0,Normal
76.5249100953361,5.162325813912316,8.42852013303301,1639.727265048046,5289.231594245424,97.64725280622444,1,Shaft Misalignment
58.64040499443639,2.626837940482395,9.031328645393764,1434.9746533693785,4687.384603932516,127.12417742116375,0,Normal
65.72015450989613,2.5108710865755226,9.391012056350736,1435.244675882519,5651.842411277537,129.28398791528025,0,Normal
63.92229060764888,1.8187604288878847,8.365901184704294,1515.0954365836499,1562.4322083760253,114.28309750300562,0,Normal
70.0040654851917,4.747000242831606,5.706259256254358,1389.7956524914403,3648.7918340362507,69.50821621661098,1,Cavitation
70.6452822466763,6.6627534577542145,5.648934807439648,1468.791016286922,3198.212023385276,61.7577987892213,1,Cavitation
59.351187475445016,2.8784675621512736,8.13110742967709,1445.1994665348595,2090.043508375516,126.80074962129629,0,Normal
60.40636682497277,3.3681459668922744,9.06981437730788,1401.478806841678,2667.646271501673,106.11189939138544,0,Normal
64.27547710459284,2.232433771683304,8.556570228526512,1435.4753335537773,1461.729171711138,103.94034511403993,0,Normal
67.23633279125535,2.1431078137275543,8.520399109111906,1407.0004173147838,5946.3283855416375,119.98125277480383,0,Normal
70.48940768031646,5.76096891399492,7.472215893229018,1132.964773885961,7672.359663954536,123.35580437856083,1,Shaft Misalignment
65.76881914772353,3.0231067419244546,8.52464871260858,1469.209170476228,5271.493452008586,125.72691703656918,0,Normal
75.75509943162156,7.605934138728761,5.398631315896573,1367.3511553024373,3128.474373628955,68.54033642203733,1,Cavitation
72.55662992891702,2.5679766563755217,8.464535890563559,1450.3056434374587,3760.055980633501,107.87976374636271,0,Normal
64.61409861943152,2.825718232214932,8.486298854566748,1436.3992083750618,1958.2567114164694,119.40049942621022,0,Normal
70.86721138316223,2.3364731671829144,8.329700646545069,1470.0057213245555,4078.7091245188676,118.29998908247067,0,Normal
62.260473478965324,1.698482557498832,8.86206827965725,1501.6303369648972,4760.333859864299,140.70327178824547,0,Normal
87.48707563209926,6.046006386736341,5.479442869887677,1591.2165295501522,6029.596824536401,81.60870570004452,1,Cavitation
87.87447377570155,9.396123276254347,7.047415515189245,1383.4326666732268,6064.678159818079,122.12711411276273,1,Bearing Failure
66.21032810677156,2.5234387064404142,8.198708093409646,1505.1900025551072,5396.298726353473,108.09393429741574,0,Normal
91.62464473263427,5.882828109954455,8.242418897157421,1412.1970941190996,7656.271303071266,97.65838133878985,1,Bearing Failure
77.13918161817361,7.0196374682685905,7.901204224938544,1150.926917851722,5644.987944841157,113.47019577145456,1,Shaft Misalignment
77.59457443326811,6.594794959676071,7.826766794371309,1180.9388861693974,5589.373479364176,107.7279338628598,1,Shaft Misalignment
71.31363847101277,1.6496887493231338,8.155408254311869,1418.0690089878726,4714.787690489855,118.17790969030104,0,Normal
61.249531712558465,1.5965742025724154,8.584340429705255,1465.207095504218,1308.0039451332707,120.75066356308456,0,Normal
65.46772729693073,1.891347026029849,8.234994347979306,1412.8029356052336,4120.0655972458035,110.20020794376154,0,Normal
60.00833931713765,2.9926733557651035,8.579023560925808,1479.053442969575,4459.959249502762,112.56706716158641,0,Normal
89.4084902704491,6.6199100126788535,6.798001927852721,1485.2682312405684,6891.909899150725,111.70598939334798,1,Bearing Failure
57.87483746548163,1.6319256077020812,8.096002415442564,1490.515622961495,1261.1115274099875,114.6657616170295,0,Normal
64.6420715355306,1.9696462301029927,8.571542468513996,1470.2554698893157,3493.309539403162,125.36549736580986,0,Normal
77.26952614720673,5.11428620020031,5.487582690782759,1394.9356755080087,6054.020672895709,83.85720980843789,1,Cavitation
67.51398647262789,3.1290909242227305,8.007094751762263,1489.0549469191794,1151.5689067393441,127.44699609549795,0,Normal
78.81907102869881,7.195638802099669,5.303116479916966,1413.2517023227797,7220.836632781987,72.72889603246968,1,Cavitation
61.2257072339873,3.5300576495106104,8.171478151363544,1445.0652757849239,2750.5918626479624,116.42465310171187,0,Normal
64.57114689564337,1.86160880685271,8.622804280307577,1457.4242465143038,4173.615966145286,120.13810606123731,0,Normal
68.87290248865871,2.6074684068210803,8.06419890092135,1426.4893638011536,4735.918666709776,127.97647485162913,0,Normal
77.07775370737116,5.7239773514444305,5.934359263652334,1397.67313267572,5233.842591438287,71.36866852795035,1,Cavitation
60.14405065431004,3.8063922286253327,7.587511126519441,1420.450450987803,3924.2189725635876,114.98377718535684,0,Normal
74.23197960299623,3.660015848628614,8.628375399330894,1449.5393964769341,2536.129813177343,128.24527846593247,0,Normal
71.5000854700395,3.9744606688688204,5.516500416161477,1343.1275646800102,8389.963939826299,60.67202746190728,1,Cavitation
62.879617033165104,2.341900316244377,8.368147347211723,1472.317511260975,3803.4475609737397,121.72125136713242,0,Normal
85.51279635579067,9.20189443741529,8.577308465934495,1508.7226666704403,6106.400921852021,103.81084348523409,1,Bearing Failure
84.57289615549489,7.543828799460428,8.669061921578736,1420.94449888415,9516.817350341531,104.5407117125984,1,Bearing Failure
69.38084583595617,2.098992883091919,8.469462164323811,1407.662374654334,6535.610963811883,100.01551186005648,0,Normal
75.80038458096753,6.685396656467761,8.442330237410468,1163.1248966921266,5340.732211955001,110.62189530685242,1,Shaft Misalignment
75.6809793140275,5.291873135991552,4.623258403184455,1465.02737242005,7674.571534877975,60.10859037195869,1,Cavitation
64.6524702501049,2.4709520444727597,8.247289982472529,1462.0762948613415,2538.795909641846,117.394694229472,0,Normal
57.34565033600091,1.979153623218204,8.257497625218916,1469.6199796401606,1693.2858840502272,122.16761748447053,0,Normal
65.87271529976552,1.5558222573749216,8.540674441673382,1469.0725438009842,1377.7478884235584,116.08126446394876,0,Normal
75.86930060734134,5.200362330137584,9.523936853241864,1123.7672480342032,5247.172395702838,115.92102961019334,1,Shaft Misalignment
66.3028737788386,5.199777264600097,5.523653523108251,1430.9184452293393,8631.53314906378,83.92100531284196,1,Cavitation
73.53602383055116,8.857588209276843,8.620556161452868,1384.7393383161245,7781.621714311339,107.51880360092855,1,Bearing Failure
77.53541681415216,5.086793098776187,5.509734279576847,1350.5869538845225,4998.656183977612,96.45555300316265,1,Cavitation
64.02605189358383,2.316814507888861,8.649599883044448,1425.0561247866945,688.7593643599259,111.96219017883637,0,Normal
72.69127479326936,4.695996822163362,6.363216858373015,1530.0996327306707,7250.153616231967,71.73573761120876,1,Cavitation
76.36961976078175,4.630268338045009,7.955687744053065,1716.0705803542821,8670.251498886171,100.78417688559708,1,Shaft Misalignment
78.66945213761318,2.3966753541068266,7.660802978928423,1498.53068768034,1030.933430687357,124.85701843079741,0,Normal
82.21650005064895,4.1300727049519175,6.559161412283657,1475.322762325388,6059.339689233661,76.71940410713356,1,Cavitation
66.15083101789696,2.995248470949242,9.482370500824636,1471.1387321987818,4419.7897004470615,123.0192606711195,0,Normal
87.45745539594823,7.605121096530441,8.490230419424341,1394.408574019544,6893.292955360686,108.69248443350956,1,Bearing Failure
69.61589152811459,3.0099331877325346,7.788869908894916,1522.6568228544577,5162.339317558693,129.14206958732916,0,Normal
60.35467529553187,1.476160353717131,8.606121743973073,1463.4278632861897,6879.167082391387,117.75304603361873,0,Normal
67.78858661988998,5.938662003557794,7.76935748984741,1800.0,4301.097402427773,102.25197695247311,1,Shaft Misalignment
73.33566738937105,6.701189059400443,7.954105251779178,1745.100094453328,6223.793675672133,87.9313743780695,1,Shaft Misalignment
76.54993221292037,6.847518035905269,9.425443260259351,1217.6765375550342,9369.27191185536,98.01303064741192,1,Shaft Misalignment
61.556527832773824,2.3134171201083564,8.70125810486766,1476.7775348616988,3285.664945737032,119.10298845110924,0,Normal
73.31664877468475,5.9268496092981495,7.710870247213306,1638.6875906147495,5802.2009300531845,90.7623073665434,1,Shaft Misalignment
69.39124448572056,5.233135961995448,5.83403613462431,1501.438449571174,6885.118773420979,82.0134803613503,1,Cavitation
65.68352661378631,2.4676224039611596,8.712783022941291,1465.7715818384459,598.624397116926,118.94059532045331,0,Normal
75.73027924148946,5.6953489158741535,5.19574241658926,1378.1894037235447,6722.266117090603,95.49440797954581,1,Cavitation
78.94953873426947,5.699557191172448,5.766441806232444,1408.3696390130576,7653.389030804884,79.19224901075214,1,Cavitation
57.55420010927252,2.508201074524549,7.905782204470377,1383.971154657705,5846.933610263539,112.42411776424308,0,Normal
65.65908866298359,3.430688248838811,8.884728655401451,1511.466233149599,985.3740462874065,115.50790382844407,0,Normal
66.06948090937536,7.013608231209133,7.031137705591304,1402.0121237367814,9784.800847906938,100.66452827924607,1,Bearing Failure
80.30906695735752,5.223942676960872,7.393832125599649,1724.697472089421,8219.351799467806,114.92374141326452,1,Shaft Misalignment
57.762688714864204,1.2987143651005404,8.270332437973718,1444.6380493399124,6836.828476911674,120.75541779482825,0,Normal
86.05889533934567,7.940507172603624,7.891260912118794,1448.4824084134596,8388.497508710198,97.14588006677343,1,Bearing Failure
78.973339301393,4.864709729928448,7.356968479033878,1714.3009905008985,6209.0484746662305,104.8880082854023,1,Shaft Misalignment
89.43236997013646,8.046057737563824,7.65967876905527,1490.7846276624086,8489.737744313785,106.4482385479938,1,Bearing Failure
68.10709224843366,6.200926519920664,5.589597000478857,1456.2281061551473,8960.833657545772,85.58184090187287,1,Cavitation
75.40683657902817,6.6901362449020585,9.89452870144213,1172.2297342178622,5012.808856315943,102.59997597536207,1,Shaft Misalignment
61.81913003382725,2.7350754465842404,8.56565470769723,1481.447537651281,3789.1601889274466,116.45148175506738,0,Normal
66.57485935777666,2.6289896904727286,9.061713643547881,1477.079763895002,5544.906123994894,131.37356706627878,0,Normal
58.1308258755067,3.327081776476903,8.557912293613473,1465.5841809636795,4859.727615376905,102.23663192851899,0,Normal
81.94906619105468,9.191794673814492,8.739929582837242,1786.9034494648274,6527.0774108885025,107.48657922762082,1,Shaft Misalignment
71.24718640373035,1.5437227658863715,8.652522843182773,1440.3378359818569,1789.3002170891893,121.24017493712202,0,Normal
72.71066727044715,3.1956987721441803,7.757787719135525,1446.6145445107697,685.6091954374474,117.52308120454681,0,Normal
65.2002057398157,4.768583830933812,6.670028634598367,1360.4069129863642,5680.332745044028,70.35348653926759,1,Cavitation
74.06137463253877,3.6170861648492534,9.114824291682421,1398.726313553696,860.3862615075129,131.28816293817985,0,Normal
82.03930094780375,7.228125168090546,8.123114083343394,1407.230739109346,6756.364177435611,93.9257495439929,1,Bearing Failure
56.14612788704472,3.1052512430104264,8.02224061579038,1440.5391793837705,5363.524194315764,106.67583159423833,0,Normal
64.62662644947977,1.6718309641725684,8.368092358502174,1494.9866182317362,1389.2128745704229,111.82035279400519,0,Normal
64.76945236526088,2.9443834293151077,8.76689307046002,1457.8496951575398,1427.5523388907802,112.79882895044884,0,Normal
87.77513543183825,7.355050549577419,7.92865293611933,1549.3968228824353,7649.090089897519,107.1457835371222,1,Bearing Failure
81.67623771620681,5.916888522913557,8.655727284471299,1707.3823259004555,8510.153022459837,110.8371141982395,1,Shaft Misalignment
54.668028716380576,2.4686044313507822,8.888274273464333,1488.3008851365023,6169.981287921127,130.4867342442641,0,Normal
62.19230908473877,3.1329596541255182,8.451364118260344,1441.9103176252584,4745.560598299236,115.95520005785687,0,Normal
62.7104711750278,3.0800399922067045,8.811760177689163,1446.2246169576126,3256.7301315912105,117.33017308883035,0,Normal
76.43633964560397,5.962085321867231,5.849263012452694,1439.9777508661386,6486.097417489617,81.92157713477029,1,Cavitation
77.86490177219643,7.028736259297481,6.617158560148003,1495.0659672704387,9731.470760506532,105.04601087097139,1,Bearing Failure
66.12295316624996,2.396485376003952,8.02919111720815,1470.23737223283,5081.215241465595,124.1180551821106,0,Normal
63.274424295352226,2.0249481056976584,8.66978546340136,1457.792395919105,2396.943902493025,120.32762327740974,0,Normal
82.05541976230626,7.718434495057685,8.186549907094465,1501.8929819318103,8389.006921072021,103.1641771050684,1,Bearing Failure
68.65479488188109,2.10960410357897,7.454848550573422,1443.1896701281637,1194.336454265939,112.92397541551983,0,Normal
70.3091007438938,6.35716258570127,5.3520264982056105,1463.5517126430623,8055.763193175798,92.29261699182987,1,Cavitation
80.03154980347173,5.988253461911835,9.54476345243813,1436.5999378339538,8645.328642798684,109.34578500965418,1,Bearing Failure
96.11765228662419,5.409881492830095,7.541815322114532,1457.895577633712,8316.290110743977,110.71705893036317,1,Bearing Failure
59.09322517708577,2.38164961578862,7.761325395572562,1472.7277726921916,2669.9734182320076,116.31686133874676,0,Normal
66.20620124203364,2.5507030874157177,8.898997274806119,1486.9403446418949,4782.861742736572,111.59501342537759,0,Normal
60.63654032042995,2.503928735031024,9.267663866688306,1422.7440034920155,3855.037703656638,128.43188386701658,0,Normal
81.91817731977318,5.745617140635697,8.167239268308972,1248.494162997618,4626.660007203919,102.56517178218267,1,Shaft Misalignment
80.53166321848741,7.393791308281001,8.154424846071217,1439.8785379010724,9646.732017318944,118.801232895854,1,Bearing Failure
91.64728199871855,6.306408435965983,9.213718196865026,1526.6424423107933,7735.093606641889,93.60652025831509,1,Bearing Failure
80.67751473513349,7.07139776305129,8.748093486094232,1427.660898785771,9139.473247975553,120.65454659959113,1,Bearing Failure
62.341809149365126,2.7504395665219175,8.388989924809989,1430.384029897503,4557.179940749402,108.27110736100758,0,Normal
70.9203080720424,1.1439287020783477,8.41988460826724,1518.056949617615,6573.145053410139,126.75882872020034,0,Normal
86.26664551399571,7.515387564501268,6.545036175776634,1431.4088665185702,8699.478423614639,91.90016963844057,1,Bearing Failure
85.7923712383582,7.702462818419253,8.129341497800379,1392.4494742243999,6542.466474172064,105.67781957171528,1,Bearing Failure
60.84743850861229,2.258751114925556,8.462245013716597,1490.0373071678268,6207.748780407059,133.956670960602,0,Normal
65.73389506364494,2.1714511560321714,8.81671611345938,1410.9408821813347,6859.945463393121,122.04277510196101,0,Normal
92.56215131955145,7.670483169196242,8.278430175083507,1505.8179013045747,6881.69243237997,87.99935053082031,1,Bearing Failure
81.01120762101536,7.754069335623554,8.999296451408453,1104.4001343445825,5895.648010785962,103.93679076187182,1,Shaft Misalignment
65.21330705433004,5.331856951672233,5.896689725962079,1382.5911477286254,6443.851050190451,78.125457891773,1,Cavitation
79.73910388206234,4.616982191255526,4.75341098880442,1525.404142507201,4216.031437843828,82.09132204017504,1,Cavitation
85.73097756898316,5.946399503073232,7.714324233745679,1681.5949768165124,6310.360793768217,136.85094482159846,1,Shaft Misalignment
71.8583462118788,7.227777828227304,7.84301884599236,1490.1551538475696,9747.93485934385,110.27747909391495,1,Bearing Failure
66.09981049907582,2.1964561987415734,9.772517761701803,1510.329397263247,1754.7518184095538,118.01914281665724,0,Normal
71.08849072095708,2.6527598619225516,9.04524236245382,1497.9950193512273,6869.71040782881,125.93967130874096,0,Normal
92.83885333001359,8.298438725982553,6.388517364251665,1440.847303141773,7643.649172531414,103.61738506049467,1,Bearing Failure
64.95616358180224,3.181246651274653,8.45015545218582,1465.886417625868,6701.923462058382,123.35814104184219,0,Normal
77.01055842164959,6.147622925250819,8.19887930674513,1426.793488162103,9044.433767018487,110.72236726944558,1,Bearing Failure
95.04356948412885,9.08473964304512,8.031826568363236,1409.209123920793,6393.575457596141,110.12819563658225,1,Bearing Failure
82.68030590854764,6.597537705894728,5.44434838652526,1455.8562108074925,3698.6731445082687,65.57373397978417,1,Cavitation
65.21927548849871,2.988335688123398,8.202425110866775,1463.1668408906,2248.718067043421,112.53641223861584,0,Normal
63.099815768553235,2.257122772347824,9.066402348587404,1513.8958917288649,2067.8440350821493,125.15751842627387,0,Normal
55.949039223180165,2.0149719119609455,8.070666353275668,1517.2139981547298,4320.379423070136,123.80672301475174,0,Normal
60.0539430809531,2.5892960374189804,8.953728951193813,1515.5768219402562,6084.948225361682,120.08083640844744,0,Normal
56.79164325539117,3.246103409852727,8.773538018356394,1499.9471948398727,4530.523366434112,118.00011692245192,0,Normal
62.80191923491497,2.6199893199182123,8.978704922616094,1401.0240090711588,2517.0158550326805,116.7650773945574,0,Normal
62.60550834095092,1.6330464975125207,8.205246413847693,1463.0463545566306,2258.0491865073072,119.3038782134549,0,Normal
65.67714417359979,2.2445092009800693,7.671428207433848,1468.8556505105996,1218.8112357657058,130.17519636339154,0,Normal
74.04778376517363,6.3192805843941295,8.121494922853945,1665.0375721216742,6817.816403982706,112.25491572263014,1,Shaft Misalignment
67.80553874367149,3.8085452916210842,8.349477752278572,1378.0456244493253,1963.2615466838138,102.90733691996653,0,Normal
59.671290716610166,3.342018929983066,8.426185790975818,1404.432769419103,6974.312811973618,111.59185644197736,0,Normal
92.02335994715601,8.719230137592039,7.055521318136819,1382.9192975178642,7986.616928879571,101.86738562255962,1,Bearing Failure
66.68806296277593,2.9054511289055225,7.689244954205583,1396.4099098525598,3462.282791055151,123.66711207965655,0,Normal
61.96368882313282,2.5107490466962767,8.562391131696323,1433.0283488147018,1590.8436117990077,114.62032375052631,0,Normal
61.17596079925705,3.039742608331086,8.806768088641613,1404.3047189984225,6524.993029737459,130.30953175325612,0,Normal
70.21968085211358,1.9762240434994347,8.321786650886102,1466.8592826687614,1441.9900901978874,115.36557675020083,0,Normal
69.28285056882024,3.0755604752036114,9.092350004134504,1478.3930395410905,4238.057088300424,123.02111657429313,0,Normal
60.75430176743504,2.367161045088943,8.097931155919657,1514.0447474255707,4032.2929281808524,134.37613213198364,0,Normal
87.8546677107635,6.967626383329608,8.30822726589951,1347.0510610583096,6414.563233996224,87.82042810770986,1,Bearing Failure
53.68595018654604,1.7451119630908054,8.54556051466676,1409.7306774992644,5751.4715607412045,136.31361635777958,0,Normal
67.61169315236093,1.9169598275369666,7.864895378306526,1447.6979411904736,5707.864351583588,115.41188783583657,0,Normal
66.34267965122288,2.252323693388625,8.351062938356918,1429.5984730194266,1089.3852289841684,116.32875868701205,0,Normal
75.27046220717988,2.863242702857648,8.736319881495007,1471.2320633469092,2942.435760725759,111.41447780746361,0,Normal
74.04428265861404,3.341573771996462,8.541228514948791,1409.4273127608315,3946.6787863788572,126.48607487804536,0,Normal
59.350559560486246,2.473188159135886,8.30562735316425,1431.1981925938053,3575.15559968559,122.5640513007891,0,Normal
57.249738070777106,3.0385693101181728,8.68816664108594,1407.9636507578346,4310.514429491717,109.88251171927769,0,Normal
73.21667983189414,5.5961104658747995,7.720190412309553,1577.2095824724206,6573.902816536859,114.0786063770449,1,Bearing Failure
65.74498160984186,2.5881315815162704,9.025683468262937,1458.9099696715498,5560.677864713598,121.34367116923906,0,Normal
78.01372761686102,7.57036516022993,8.890324695357059,1187.7024038850886,6314.051094127392,104.57631589458327,1,Shaft Misalignment
75.21823296014526,6.586532441080155,8.69303997755143,1721.2461743077101,8610.53915218938,113.1990077675885,1,Shaft Misalignment
96.60175011892568,7.691450715957353,8.46351812776325,1360.0818701710473,8675.600422474472,98.04063597549285,1,Bearing Failure
76.75980537104027,4.823301814229094,6.114542704507,1418.8634709498126,3042.7801213260364,69.58936785581376,1,Cavitation
92.48917470636488,7.6714097959035055,8.410968548410207,1382.08399194434,6036.022657057901,97.04575208245194,1,Bearing Failure
70.49826516444118,6.13027296907476,6.003171559589609,1460.508977867793,3972.6366582693654,91.58638716847402,1,Cavitation
80.80760978759602,6.710278539176077,6.076639080062718,1438.864245982181,8630.797884113259,92.83544720413313,1,Cavitation
70.89369888002625,3.5640010342025965,8.50564311158016,1451.2699503049516,6817.44184581695,115.80264975547709,0,Normal
85.13879918365919,6.703951149965766,8.809519541437087,1343.3735187167465,8865.599401453544,118.87010395010795,1,Bearing Failure
65.34212655603952,1.9323612927246587,8.952374901629412,1458.411382555809,3191.6235628271197,124.30427871323569,0,Normal
56.50786545381325,1.336883897836148,8.798166791932736,1378.5989664372119,539.0050808808829,118.17425972452375,0,Normal
62.66627094712477,1.8494537478329747,8.561366080819136,1444.0421082040111,1380.8596781449012,124.06926243423872,0,Normal
59.14416166099382,3.2518382361573477,7.981279151795837,1524.153366300089,4348.019384035744,97.94829762327431,0,Normal
68.3819230075548,7.42037984802835,5.3888322643236375,1344.824995413725,6394.509385347495,89.95858319913862,1,Cavitation
83.2990579499497,6.6070094829197705,7.952541723554056,1376.4481737217702,7134.751838466836,105.0746632059372,1,Bearing Failure
64.86392933811071,1.6421654541817774,7.789553007388278,1441.8732588406128,5311.981139913882,118.71477370907141,0,Normal
79.86499337469697,7.597694260942334,8.579836227447254,1729.7275503684193,6866.551200355371,113.39443217156345,1,Shaft Misalignment
68.91551644829916,7.3633765135383396,5.497421882197001,1495.5209249842785,6427.277506509103,72.50450865644599,1,Cavitation
76.71474382054444,6.732675905371485,6.506786517212462,1397.1044693190272,3675.9185206068955,67.82837040457746,1,Cavitation
82.8087363978776,8.372878949918787,8.263770549728545,1407.3364986039705,9371.712050173152,103.55459779551607,1,Bearing Failure
50.91694599991366,2.525050584020709,7.928005499338314,1421.9528539230544,921.4224221102429,115.42278453661964,0,Normal
86.7256585886128,6.324710708872346,7.354797094765545,1750.7260022837622,6442.0914673247435,117.89924850933633,1,Shaft Misalignment
69.67712306411474,2.0077515532600576,8.5636963087771,1408.9943109793353,3918.554713346128,116.78469978580647,0,Normal
61.70911656195178,2.9559621891758967,8.881550012273957,1431.3420323237253,574.3123983693263,118.1498058770994,0,Normal
83.16683990493688,7.2848861998295105,9.079593639362912,1509.6610911889254,6553.102110711235,114.02271399943453,1,Bearing Failure
68.01325379617627,2.4690085608940664,8.449141289082313,1374.6821658122385,2997.6875954424513,110.59295836316326,0,Normal
59.98144615137711,2.4137279461466985,7.414452985278743,1450.761806408377,3919.8034765620505,129.48594811223987,0,Normal
73.04444046706568,2.3103404295693695,8.374210361486552,1414.1286245711035,6988.748345326446,116.93294478190985,0,Normal
85.49050650832102,7.150301254641249,8.017970620645329,1464.975548564463,9704.245491147012,103.52828352151563,1,Bearing Failure
88.29309035925691,6.8333548070420225,8.347716429743002,1380.519891608666,8208.742956682592,88.16272306688666,1,Bearing Failure
60.40286319601733,2.4845609464663885,8.003009309694605,1509.9233744682283,5814.36455518505,112.54002410936833,0,Normal
60.28147284284962,2.1969896375528943,8.418037011622243,1466.090493786575,2670.697901381034,123.491281909499,0,Normal
62.13140745144049,2.0659664786053225,8.914913182914548,1436.755321651813,4913.323928037091,116.51895447974573,0,Normal
61.644150950707576,2.2028041486478016,8.696141527691784,1428.9986976796458,1323.243237113668,104.55954616127771,0,Normal
62.47653892328308,3.1155605243503395,9.22601661461526,1464.2991836323222,5148.300753000935,102.08202249850174,0,Normal
68.77027142422857,2.933813742238103,7.894319433025234,1489.9977737324411,3682.98527404573,119.4216587222841,0,Normal
55.692282359191765,2.4461527983909317,9.131045248012922,1448.7127773948393,4722.276140015953,122.07964245235385,0,Normal
93.1437490247381,5.483705689576834,8.220847765826445,1489.2318702785426,7787.576640226304,91.49202577389315,1,Bearing Failure
85.12019112310765,6.98401901065092,8.291811143813028,1489.5179171674306,8719.347039030881,107.32194504642328,1,Bearing Failure
68.74543929150047,2.410755571120517,8.426825664915901,1403.7636087030169,6054.416687732877,117.85875383995557,0,Normal
64.98668906008672,3.2714159623432457,8.790960094719155,1520.2072401613086,4321.62454952372,116.39434752658192,0,Normal
61.50869075624304,2.574505410846768,8.309618298069097,1399.2213893594874,6590.17015040652,132.10024561842042,0,Normal
59.51194508862137,2.2830231343764726,9.217785496581811,1376.8637647663215,6662.346332043787,120.10544208709352,0,Normal
74.21903049951402,5.775079769064479,5.486269416762148,1460.8719540362922,8869.342011488246,78.52912892119201,1,Cavitation
62.53861813300978,2.5106877536084995,8.742569499665986,1438.3251791528012,6095.470420133592,126.02460452665701,0,Normal
65.31768977578409,2.645557562292076,8.203135403157129,1402.1812113333795,5429.903550049242,124.99685315915423,0,Normal
88.97590171009955,6.497417234399283,8.389553237278532,1406.9963689672288,9335.615803448902,101.80338560533313,1,Bearing Failure
64.24776126874258,2.4358561059455544,8.934912840698006,1421.6875679601328,4944.471361055729,116.53833897650331,0,Normal
65.62779261236788,2.0809157450721125,8.459360225993207,1468.3440181551052,6020.181072247703,127.26578019273383,0,Normal
67.36041297637104,2.7711940605667107,8.162301756513068,1502.0594777702397,968.2400126203806,130.67585880594802,0,Normal
85.7206527478745,7.6158607588419995,8.122160963082056,1428.8617075990499,6097.680410575726,116.64688094986037,1,Bearing Failure
84.87244184410126,6.945629333817292,8.560258076204626,1503.3485816540422,7894.095859879846,116.91751125557998,1,Bearing Failure
67.07412241017937,2.2950540206689856,8.93359653095947,1412.4118960699138,6388.425863025209,129.2604255334025,0,Normal
59.367861555586224,1.9877935550272379,8.544303195362374,1430.3072482008386,1994.7492001067224,123.29252575331425,0,Normal
71.78883760778005,5.965427774514181,5.544370271065236,1434.8825216834125,8594.70252648386,84.7330580461206,1,Cavitation
64.55311726904671,2.6308927590524704,8.636577522077662,1491.7265806667067,5017.151803903903,135.37003795912227,0,Normal
82.87694737028083,6.028790813738482,5.859105995700968,1416.2904719830888,3715.26265704344,77.36746126508355,1,Cavitation
75.90556144444714,7.001870413541088,5.800080253703542,1363.0801210739107,8498.477508602566,75.1324304855466,1,Cavitation
73.51491105899945,6.666550257603408,8.182179594536557,1223.5642150942779,4251.0331974002065,91.13675919221592,1,Shaft Misalignment
66.55319549782395,3.0852821900425056,8.000353096186835,1411.549180033981,6558.8454764575645,121.08287988873774,0,Normal
64.2892441319909,3.035840696192064,8.573825920268725,1498.6851968462445,3115.0227773734837,107.82235756059316,0,Normal
77.48293405929876,5.625594436935524,9.186841253594725,1300.2877136831073,9265.229405743648,107.09869217105292,1,Shaft Misalignment
73.18899847848137,6.59442737971476,7.515497064736749,1784.50903193893,6209.598629837382,104.69984267952098,1,Shaft Misalignment
81.6225159192049,7.89299030851397,8.401305139315651,1235.9636395031057,8759.207882954046,100.54122209357539,1,Shaft Misalignment
88.74205865488248,7.417610712447856,8.091545077385842,1316.0630973750542,7527.507978454002,96.90445484202309,1,Bearing Failure
79.34105809192778,6.341559473447963,5.997064447946054,1470.1988382527734,5612.616773412214,72.44346443708984,1,Cavitation
64.60311929989844,2.628677960480531,8.451807681842551,1499.494791742544,3577.237349117396,117.93820350730964,0,Normal
73.51194308039679,4.715061467127896,8.814297492955946,1718.76322895988,5993.529167380083,99.6283573761168,1,Shaft Misalignment
67.11808106036253,2.9850953646573113,7.735497181701429,1439.9739770225262,5187.901338614962,119.82975695874177,0,Normal
58.22397296329783,1.3930717762971367,8.743761029347839,1518.1644208346722,6834.95987061107,125.25856876095631,0,Normal
81.33054750632975,6.353140328039616,6.410324304610655,1366.553163794004,6292.558484055035,108.88182292724152,1,Bearing Failure
77.23333848946659,6.378720408518215,8.621710125220408,1502.5627466003157,8428.231970022762,109.18680128864304,1,Bearing Failure
88.39014778713268,8.313280406064592,7.40930228580257,1345.3796438562078,9106.427359185562,106.56823016098193,1,Bearing Failure
87.92620930415166,7.327154325185889,7.694964852120567,1476.5390120898692,8134.901654685777,97.49270392994401,1,Bearing Failure
63.414603326204606,1.8626021910551112,7.874311484937479,1492.4558417307505,2235.7101951897184,121.06636440411499,0,Normal
68.30592737408003,2.1587028474660457,8.037795715885,1366.7886953103018,6888.884013587984,113.63859990068933,0,Normal
63.904707059876955,2.496037653709981,8.488078115931941,1429.2243471163783,661.423648620093,133.05511078696176,0,Normal
89.80703765732491,7.443054185361607,7.714535119216958,1366.6000510251845,7514.092173853012,103.23592946371673,1,Bearing Failure
65.57290308550422,3.151589736667195,8.329176652175802,1410.004188310076,6600.043380377781,137.54882092488057,0,Normal
91.35519762064526,6.445913120170799,8.22696611088644,1506.743746759014,9276.2298226774,101.80487550080964,1,Bearing Failure
55.46889659203449,2.7125134559289727,8.732032333852587,1493.4912538248361,805.2012550106097,117.31968306910541,0,Normal
87.22093644226292,7.007080038610508,8.137095450525214,1432.912259773921,7250.947915311707,105.81637037719547,1,Bearing Failure
82.16969692433844,6.604782855847445,8.508367911289675,1392.1845156987567,6339.037893101287,113.6567465116737,1,Bearing Failure
65.18813161922509,2.335899410920021,8.599337928765042,1470.7008039662971,5847.273545122777,120.20963802219228,0,Normal
75.63872208076087,7.184661230543745,8.74893940478768,1791.7154834676037,6977.344604856969,107.84754593385568,1,Shaft Misalignment
64.92131284821448,6.070725777126822,8.635817728848288,1207.0003052451068,4876.662096540108,102.04889988926546,1,Shaft Misalignment
68.01862787728766,1.7180141898351902,8.274186955646936,1410.986652892391,2377.5323016556044,121.0205458644313,0,Normal
66.11519012413237,2.5413586313850836,8.37411046292869,1469.1124738507754,677.5577227153403,128.77642737980062,0,Normal
61.893828175338996,2.9779782876013994,9.220777871255617,1365.415585500159,6401.335829805372,116.8478020620658,0,Normal
67.51399598405553,2.1477634489574573,8.326467973406528,1458.0166265373543,3199.063047061722,120.78218140336296,0,Normal
75.02941888925187,6.129002758013784,4.7497428418831,1482.6440185736144,7141.532156472723,61.755387105393,1,Cavitation
89.04280698926404,9.493862939232596,7.6811777313076535,1446.9898439419671,8954.15615790363,92.49926482029075,1,Bearing Failure
72.06605596264461,5.202334630952556,6.523535150867357,1428.35070455934,3728.4945918717253,66.38501106501465,1,Cavitation
66.1615502243116,2.0294456884176375,7.992443731859348,1451.4099502959382,4719.173626619899,108.3187979034688,0,Normal
63.43501708926523,3.197197160548899,8.61103555833397,1397.8913477296278,2785.9344283279656,105.80923253008339,0,Normal
53.639291722146965,1.5466062385133348,8.197468154639015,1427.5360529449251,4794.738305969633,91.6723108292275,0,Normal
80.90223776786775,6.727148437551283,7.568671476112591,1298.8308328587757,6339.441603386024,97.13167288933381,1,Shaft Misalignment
88.11584517535678,6.31886953676135,8.058188072515474,1449.555856239961,8444.83461126217,98.56127988891647,1,Bearing Failure
61.38930391685568,3.089830089207371,8.11242617777446,1421.974945190457,1388.5179841787358,137.32417161765244,0,Normal
66.15898354762315,2.384054534524622,8.643414122500937,1453.3979231346652,4871.323900433139,108.94405159060197,0,Normal
78.49818138475865,5.138466831817074,6.720282559053057,1436.916625587718,5497.318084545762,84.79069436783617,1,Cavitation
70.47862084685835,4.980568296717103,7.808488386761368,1100.0,6813.287137906288,107.82420520566377,1,Shaft Misalignment
64.23894524497197,2.658969160718123,8.548644364269645,1488.1500103758056,3247.8672258089982,124.96069271599563,0,Normal
69.4011954579248,7.15594800748505,5.623307050224383,1558.5468686459058,6582.224385566884,78.54942260635009,1,Cavitation
69.02235291489563,3.6192395210156296,8.80381027427931,1432.0346874293773,1439.5528348590651,131.0943491266121,0,Normal
81.58233659843124,7.393761797387831,9.134111079469696,1735.6242499098653,4980.612939001038,87.21218270084816,1,Shaft Misalignment
81.48883179612297,5.687716865870145,5.8900146433188585,1487.533611521669,7389.676915880198,78.71768455295454,1,Cavitation
69.40032981478672,1.6397165056429515,8.665056895235471,1417.4395732283378,2341.4274319850642,125.90100744104402,0,Normal
58.12457383416458,2.2224802202119727,8.693839939516423,1398.9025358461863,2717.813470548998,129.25265321275393,0,Normal
66.91770234478844,2.702777089968027,8.46566507274953,1503.2053323175137,3424.120519849228,124.07979792566718,0,Normal
70.81688027581775,3.1412753928365755,7.857000146741753,1406.4635505730862,3722.8265722155043,140.48402367484547,0,Normal
70.90804872636507,4.863729810531243,5.357064192804749,1423.3840929268817,8209.205685148994,81.90455937747339,1,Cavitation
88.77075469443889,8.176047378169482,6.139425717682731,1464.6803220608163,7944.765475087669,99.88225811503763,1,Bearing Failure
66.39724031818953,7.274353695020212,7.432761099583509,1572.2487025611536,8468.33295911086,132.07944141783534,1,Shaft Misalignment
93.05508337873003,8.254958766141964,6.640698938434416,1449.771751979752,9894.970328153973,95.29616018248747,1,Bearing Failure
75.10260334787472,6.198666252703978,5.192583143031308,1413.561423566186,3204.5781417099706,70.7192476872157,1,Cavitation
77.09161504835154,4.346411887055448,8.157094026867576,1718.9786628876495,6564.046265855436,111.40170710882646,1,Shaft Misalignment
85.19185565397278,4.878991715423661,7.511519498222271,1709.9899372849816,7335.817239277704,118.99227950071159,1,Shaft Misalignment
64.71517159868367,1.9636430061994503,9.098720688274835,1398.2473053972842,4209.8343212665795,127.20804259361692,0,Normal
72.06131015340051,4.556799206214206,6.119093499424286,1537.2155557371555,8545.898130044576,83.3087829484861,1,Cavitation
65.4264203436662,1.4378534944147083,7.956512373174697,1385.049265918017,4037.170753622698,106.71910992068992,0,Normal
67.0382282777944,1.4247650351302723,8.558779847224871,1515.3852733963836,1028.1796947819464,123.3206932628355,0,Normal
73.54404500536573,5.993910708808111,7.206870356835776,1760.369520532695,6738.659293675834,103.53043224562805,1,Shaft Misalignment
81.27839709611824,6.397085530234727,8.257645456422859,1506.8050263481525,8127.657698138909,103.06150865577462,1,Bearing Failure
83.49939133664691,6.549697593002676,7.317640385424623,1704.0693414430596,6772.687035458244,99.73927326699676,1,Shaft Misalignment
103.61487924924587,7.977588819553005,7.357916850475899,1427.9731497956614,6247.900143958077,105.31589006152578,1,Bearing Failure
86.08770334724774,8.019739245365692,8.723221632520444,1378.5344102680244,9850.60856090971,97.9383779317793,1,Bearing Failure
75.73592290152041,6.4791158503751,8.72469359632618,1282.6197746060602,7556.537208972117,101.54593048167466,1,Shaft Misalignment
55.930587647652445,3.749685994125109,8.23408886238439,1425.3299462339228,2326.8081062137503,129.08035502220022,0,Normal
63.9577164205834,2.802152554554356,8.529726822466465,1451.0819722547217,3806.2176005040164,111.7335980654256,0,Normal
79.24819198129065,4.0410443802743,8.06556121405047,1671.3057906941292,6077.080229615567,91.56541552059153,1,Shaft Misalignment
96.9940724094013,8.428851246050224,7.127569365576103,1452.277823692638,9526.459763959352,106.44052231526497,1,Bearing Failure
76.26447208421101,6.216569306170886,5.858237038645995,1486.5182264626073,4951.4293926402615,75.76770612754221,1,Cavitation
69.43648211268771,2.1362664708486183,8.419263591490832,1437.3086033656446,754.2512622258099,115.0086863852407,0,Normal
78.45751277943506,7.559484939997163,7.9661524413340965,1453.3531382615233,6080.490527394065,107.96814226915065,1,Bearing Failure
72.03600383410676,5.976606039756054,4.608618823963467,1394.9336685615144,7676.017591916921,80.80696427674172,1,Cavitation
75.42356460615508,1.8952529827430764,8.330120496176239,1459.2642989667236,6755.374556954434,117.44407943541864,0,Normal
68.58530076127698,2.395138696419536,8.405265958473635,1453.6869667295687,2814.3044317689623,119.95567808902294,0,Normal
83.26909448982182,5.729673934782349,7.556050764420131,1127.6960492073374,9187.577173313979,95.20238052256026,1,Shaft Misalignment
59.724312265338185,3.482653011122867,8.623364105643136,1458.4944821523231,670.8848691886708,117.73910087993089,0,Normal
94.91588861957015,6.282596206503048,8.327565295492295,1379.7831576161934,7345.801407270041,98.35562817894653,1,Bearing Failure
66.49835988668963,2.2563825073523707,8.768589907270869,1487.7685936100727,3578.0077048427884,121.56129637713454,0,Normal
68.00112520872719,2.44421055559243,7.978398299405456,1457.743479802628,2306.728021351402,108.47981953719855,0,Normal
65.67595170493694,2.3042597773351843,7.8273322562923795,1438.7534383014176,5804.217764963444,119.4909853004211,0,Normal
68.53593092525047,3.08751126135384,8.818859748590958,1467.9960091763758,2359.8777759790432,108.8440394491259,0,Normal
80.95412898102805,6.023877395087309,7.749290851819312,1510.3523181244973,7862.927444058313,106.58360152234175,1,Bearing Failure
74.0593778498897,8.176189507502015,7.446528452054183,1197.6783073370232,8598.016713447461,105.87964277474276,1,Shaft Misalignment
71.27552708291542,2.9120255226091394,8.723006255364268,1461.9908894240855,5238.719328391711,118.3032826406366,0,Normal
64.58044550608,2.4818723639294302,8.483207297616405,1501.9109525516467,4672.095061959629,105.8931875855093,0,Normal
65.83518500363178,2.75043707844035,8.779325457506905,1443.0339756100311,2291.18404600966,129.87801531235837,0,Normal
60.447566482342395,2.3535829886973194,8.64735962645115,1477.7287040663482,2837.0304393800225,103.77858182663321,0,Normal
77.70575008817123,6.571073517539269,7.647109928443835,1445.6285386695367,6376.972265618103,123.89278795503996,1,Bearing Failure
67.57660155308193,2.144631342355452,8.4149746431118,1453.7418168431318,6394.468381378751,117.96431459771654,0,Normal
70.62066193116043,3.062080289812538,8.053646842307284,1462.6539082338604,5647.561878409919,125.26441140644222,0,Normal
67.43956376063943,1.7595999275560434,7.617084251912703,1424.9983146159973,4467.452205307849,105.18913033608064,0,Normal
65.76764228625176,2.7707936948460468,7.931653440539592,1499.4193507801228,3119.498433848414,125.09695232328983,0,Normal
88.11277715191295,6.644467330094384,8.825676787325417,1481.0365256416783,7126.543173413827,111.2923818029524,1,Bearing Failure
80.72803644565548,7.051398342778242,7.87616993665641,1691.4130708887405,6156.148808434374,83.23220299028152,1,Shaft Misalignment
70.03875716373419,3.0451662633363905,8.93968915367134,1411.677891607426,894.2876458799064,115.97153499669835,0,Normal
65.10907525278002,1.379208986967705,8.485095393866786,1476.047484756109,6356.729127070104,119.52640222676345,0,Normal
61.143998502253545,1.4356182303327223,8.15697512148241,1425.3115101340816,745.5992928719179,109.48663392716131,0,Normal
71.63933670751337,6.275663197634258,6.083069154356185,1463.0930329645137,4836.355189297055,87.873358870331,1,Cavitation
92.38361667467454,8.396278558373279,7.927688051452414,1480.6741439356686,8874.134161169794,111.55363121274857,1,Bearing Failure
71.69032963489514,3.02165582690174,8.996232097539005,1488.3971148038258,1601.4756067187427,126.99992948294381,0,Normal
68.51806642038423,2.133679139456305,9.34716272513458,1416.5855221352942,1576.419498786021,111.47822671431798,0,Normal
77.31497839343712,5.889850254419855,7.9631716886505375,1100.0,7769.673852502462,112.7493495942205,1,Shaft Misalignment
55.11891967804844,2.379335322826344,8.70614029907175,1425.3559938704286,6219.068997477254,127.08190644592152,0,Normal
70.55815737070526,3.4623196403607195,8.839690686505953,1387.9589527206672,3770.8303554872655,132.0415679910323,0,Normal
74.40210293129441,6.930739933981851,8.244879538876061,1225.0387565895278,4867.461743957873,112.92137399145469,1,Shaft Misalignment
62.641024376273904,2.0813647506276243,8.690439592095158,1410.7604250312158,4756.140981786972,123.25708775378288,0,Normal
73.65530707404858,7.170496199363875,6.811001202563947,1561.063250610986,9762.559996744456,102.38299006184164,1,Bearing Failure
74.37090324225834,4.926908671637385,5.3755476718147674,1384.565793450543,3565.8759087764856,80.4063416825158,1,Cavitation
67.28156528979345,2.8248562783451217,8.16421745599971,1388.3047756621495,3186.131521016296,109.7930320007846,0,Normal
96.96838604361582,6.140798731336677,7.58816195988462,1504.478785468308,6854.88461128807,117.29183625940799,1,Bearing Failure
89.2628747430166,7.169369435884389,9.21651846275258,1486.0614749794418,8951.143557411993,97.45823111796479,1,Bearing Failure
72.33822164866912,6.968623785705837,5.02082177763974,1483.844141007661,7400.435669487643,81.2132233897571,1,Cavitation
77.50283596478451,6.517455465252656,7.05912802867231,1167.546407767348,4733.0634194519525,88.27106098688425,1,Shaft Misalignment
69.48398666016618,2.753394878469925,7.935682742810396,1447.1637854989053,6908.741963749773,117.31866421418893,0,Normal
71.2227449538153,1.093016638287277,8.244153064044143,1434.5153090568078,5647.326935801752,117.30951963639484,0,Normal
96.62917351125249,7.834275466076521,8.419016564011075,1494.3139623521238,9041.549528722015,119.15008064285861,1,Bearing Failure
72.57739832843805,2.42182825042965,8.885133264241553,1417.825993686716,6124.933028603358,122.25600434043609,0,Normal
78.79261270382365,6.445328162175578,5.641832903380084,1399.9098416403467,3952.4210435412288,80.34378305761733,1,Cavitation
82.3541143634897,7.736486003841964,5.276827532621892,1470.0454607310955,4714.255469173966,79.61551922668386,1,Cavitation
74.79283446037532,6.592511308982142,6.8855274312535215,1210.6357365598283,8514.693175820648,113.68229253499574,1,Shaft Misalignment
80.05007858610658,5.09936025202188,5.439860007939551,1479.0835058139503,6531.744839563885,84.41115459026706,1,Cavitation
65.67927950783145,2.4423996029596853,8.400970118390546,1432.5494787127989,4479.358911171903,128.38493407415325,0,Normal
84.90557516341956,6.458815214825705,8.462593693714902,1447.4589906380518,9419.94405932823,110.20167088729347,1,Bearing Failure
73.99834061698493,5.075679562989291,5.257636881354225,1325.1909989011817,8168.099946591772,75.87642897419597,1,Cavitation
94.98685508230004,6.535342411104944,7.88444213634031,1595.5247555082335,8758.696804411373,104.20877777615492,1,Bearing Failure
75.96904504165559,5.993599247396862,5.54938102124996,1460.0943597145742,3706.309194495764,79.76700980869221,1,Cavitation
85.51022377918903,6.422291631263396,5.868394600038497,1432.043348885146,4887.105433254632,61.64354997649908,1,Cavitation
64.66513820138739,2.615804914199228,8.982300878651847,1421.009261670181,5720.365078085599,112.99711711132163,0,Normal
64.3734205427732,3.1383401639977158,8.784919187822481,1474.8496156852937,3194.500333533179,135.29515331597955,0,Normal
87.00591202653179,7.433633678228947,7.945782894913609,1543.1697592119306,6966.171250863911,88.86660598250536,1,Bearing Failure
93.16631087429117,5.9694354288633455,9.282985684420359,1797.6141454688357,8821.360338013385,97.74116338279197,1,Shaft Misalignment
78.3442533228419,7.108092623967069,8.068205400885061,1180.0164361834065,7835.840019855554,76.34170065773411,1,Shaft Misalignment
70.03776038403626,6.66871210451811,7.656335735187693,1533.0922656276427,6676.9903897715785,108.96627939221457,1,Bearing Failure
69.49179784173492,3.1748660319914874,8.243705601510745,1477.3284961600427,4461.935313401414,105.53457661975872,0,Normal
92.10564384670904,6.659791025501824,7.621234701112624,1509.8205161177148,7220.515566737796,108.79121904469372,1,Bearing Failure
65.68335935581442,3.2367624084311983,8.494169822055593,1521.0434912152025,5257.172792362256,116.31379989014678,0,Normal
73.08595130124543,6.281013256466438,7.4173791713172825,1773.8697930811281,6492.467633101904,115.32412971334598,1,Shaft Misalignment
92.66584262785565,8.276002859934726,8.817762819313623,1483.0658189985902,6612.927880132907,110.96605613592055,1,Bearing Failure
67.05677915701672,5.2278353131353485,5.594931869114509,1490.999956795863,5315.571097758983,69.03320585750703,1,Cavitation
64.41891368374307,2.1773029780809865,8.749629242790832,1429.1246634517981,3356.697132107905,127.58843439723393,0,Normal
72.19053581819061,7.552163681281408,8.789455420028652,1247.432881879649,8498.301816271596,116.54162780421457,1,Shaft Misalignment
88.94054431107779,8.072265372901652,7.678729866344004,1487.7178601067294,8957.651557591846,100.08589583310437,1,Bearing Failure
62.50399000862035,2.06890960890333,8.891732824162368,1478.330648786296,5788.634154711899,126.2054023969255,0,Normal
73.6505838460442,1.4921528040886027,8.63799292471027,1533.4908864717452,1551.8862982438884,126.91730214288532,0,Normal
77.95733435614564,1.9964269379965098,8.285595695647995,1418.9852395297157,5098.244908989618,114.87395148005788,0,Normal
59.447063206549785,3.3193137882437127,8.471693956367771,1451.0628785361723,2840.9237419030974,127.14873632505169,0,Normal
62.94288765171976,2.7239541544811017,8.218492902543666,1401.334276178373,6222.2632730379355,105.6547719803668,0,Normal
63.5095348018502,2.7469891390977668,7.670901575002132,1405.9025092272614,4888.345260564167,112.79118594287705,0,Normal
55.65048658541794,1.9496783919210183,8.048072229023832,1505.8408546152593,5916.282982686925,134.0255584165247,0,Normal
73.43046577169497,2.5236763482784625,9.603999326665484,1398.1306921031985,2311.6391484174683,119.74117797063445,0,Normal
63.780481797059444,2.849002925776563,8.420298816210767,1546.4101274093314,6623.1544960938445,124.61635266053067,0,Normal
91.34217773492682,9.244010234075732,7.3027685418810755,1523.3316508064077,6720.934607273844,121.99833013763785,1,Bearing Failure
59.190399522307246,2.8247386924064806,9.382580450619688,1506.010792620525,1032.1186259664967,135.1356456944211,0,Normal
75.71676163169369,5.505193906390214,7.883731565888029,1199.5242146937167,8052.159899322827,115.75120748981756,1,Shaft Misalignment
60.713710090210434,1.2536535735294378,8.787065025433513,1480.7248847685908,2951.3131490656388,110.79572023440555,0,Normal
80.15132675933893,6.091500481843794,7.444141405376187,1716.326347271789,5605.185812541244,86.91657945975766,1,Shaft Misalignment
63.88856663155049,3.3510910195620838,8.38056780441018,1500.1377129231046,1910.6066549724894,124.25665914132512,0,Normal
63.03909219401208,2.3040455035295038,8.915559998996953,1458.8741006721218,2524.8299435909094,116.70622735075527,0,Normal
58.53785418699943,2.2518395714048394,8.688358423934678,1477.650499640352,664.8515515447332,122.87908453252855,0,Normal
59.98038991149251,2.715416663443588,8.53872790739807,1495.8000591408793,6452.38630340991,117.23058840324633,0,Normal
69.6624050193986,7.540914082807374,7.477072475510508,1722.1792799194789,5980.329460618993,83.08925927435335,1,Shaft Misalignment
75.5423407241938,8.14169799736382,6.711520625302955,1468.9262431789277,4497.314353290721,83.03815744509762,1,Cavitation
66.01623865652701,2.762803155111236,8.760002190400405,1431.9686202762614,6768.985243816831,136.69011280646464,0,Normal
95.25936376011462,7.939669722273024,8.632723980445201,1396.8439044720933,7485.0676964602835,112.76293590747322,1,Bearing Failure
65.29955219842242,2.996334884124249,8.896451733346147,1356.5081485102087,4583.905985130093,118.37660834772618,0,Normal
86.24398832553514,7.047340883402171,7.782772179869961,1501.171386364106,8482.210634379524,116.22771240233342,1,Bearing Failure
73.16244948186844,1.9990746362029583,9.775747107339143,1466.6996846858585,5582.1048297460575,127.38764753173913,0,Normal
98.00207623214243,7.898564065892007,7.391397076374195,1582.7434382554604,7351.99512411396,108.91640239888933,1,Bearing Failure
88.00795413240644,7.895420985388038,7.329701731489352,1414.6400661143582,8733.717660629081,100.41361363898916,1,Bearing Failure
63.64377631241625,4.035939555861122,8.198654156504801,1434.7681658465747,5054.545587163363,125.95556378586512,0,Normal
54.8408822183893,2.3977143106109824,8.731640170895194,1481.2085588880097,6150.180060374176,130.331392954062,0,Normal
74.12444575961618,3.0260241008567474,7.883995773013412,1399.551669775453,3156.0885891753405,115.38169719517865,0,Normal
53.87133331305555,2.5716740040434725,9.094597486046974,1461.486435104111,5113.875986979195,117.14689204688766,0,Normal
68.41654753325453,2.4662489181103386,8.916423854654479,1467.043528343438,6296.479918673117,114.45946884154331,0,Normal
94.8649508307515,5.92170962384959,7.815511113588425,1406.0375926541697,7004.449147276025,111.63273381264477,1,Bearing Failure
60.82030111916746,1.5338981212039393,8.316428214476383,1494.9187748634295,573.2514002310888,119.87124450275151,0,Normal
69.40539663126495,2.053435174075559,9.211718961722116,1440.3498752513835,6136.161381096161,103.6099677724231,0,Normal
64.44785239632118,1.5971720361841635,8.086292392957091,1478.4789976165973,1234.5490625867637,132.96089284005149,0,Normal
69.40531093690333,2.8243537250873443,8.809541584694005,1434.97964077442,5483.04732363416,130.76895801518637,0,Normal
63.61190650431741,2.521163315587182,8.136401275703463,1443.992973944204,3133.9675890406706,114.88811956746657,0,Normal
69.43289746378825,1.629264220659305,8.037865798702464,1498.5271675356637,5581.348082299284,124.26313376181632,0,Normal
89.43387050838257,7.238338913957542,7.9712665465521635,1425.7660653481353,7472.5343599245525,113.5573525197619,1,Bearing Failure
75.25339336663649,2.454246222210442,8.781926602530497,1488.3886471132455,4504.7425328984045,110.77707038762304,0,Normal
98.31421500181538,9.377448035959462,7.462049332690179,1409.7013727118429,9810.986403970153,105.47222521516727,1,Bearing Failure
77.19322406687793,6.3992657370699675,8.211799234455048,1180.6502381991654,6536.2059212570375,89.25270626657907,1,Shaft Misalignment
76.91837690369101,3.35433021409364,8.351037295521504,1482.1935536468593,1853.1961664040573,108.51236017577587,0,Normal
79.03271931870879,4.70105173946461,5.595927738655119,1533.7044123277458,8136.105940505014,82.88786679238981,1,Cavitation
69.29345183529037,7.735229777993125,7.495533363109459,1184.8060089214914,7067.382121650041,84.9933000965475,1,Shaft Misalignment
89.59791609109558,5.766906147016476,6.6899127336100985,1381.4549429644553,8061.571885572988,107.64639699073817,1,Bearing Failure
82.77019076271021,7.618169414895207,7.97182900771547,1184.1990788747378,8543.762631954325,105.7363889294024,1,Shaft Misalignment
71.47335834528667,7.968858851204876,5.475821814838749,1366.610826972626,5671.197877623807,80.41398145393241,1,Cavitation
69.67934414609921,2.762039533338901,8.700603581741497,1459.7900130673909,6739.458482673592,116.66491775957988,0,Normal
74.5400542548956,2.655630600065681,7.170359407976301,1461.891483790399,6966.812256428848,122.29072950170655,0,Normal
63.98849994956443,3.9531732883211457,8.730119471613959,1517.8245013311234,5723.231554995174,116.31477489577837,0,Normal
65.16605089942686,3.712716159748453,8.391849835768245,1477.8065833260428,3091.2840984394575,120.12282761404782,0,Normal
70.64070389825963,6.540868445211916,4.517886538417588,1357.2464958638473,5955.069950001804,74.04405918494281,1,Cavitation
78.2587525857183,6.801931685118704,7.545646566503352,1673.441736961152,9086.06760859705,97.10647634097423,1,Shaft Misalignment
84.96019099727249,7.739872752284725,9.039834158490784,1327.153768853755,6749.645151935108,126.67245973132995,1,Bearing Failure
63.35279174438712,5.42561754953706,5.967419097512311,1429.6999668045753,6244.962383829238,57.626143105902514,1,Cavitation
87.56375462358227,8.28462791295835,7.999706557238015,1453.7162212910591,9343.369460606169,102.7513963611718,1,Bearing Failure
62.7510919698692,1.8322268499643972,7.767773972437593,1473.1437013966156,5353.778278319022,123.13747448033345,0,Normal
73.79906461586839,2.5697210314574854,8.448867127508004,1435.9145513671583,3614.6007580703717,118.48655731872864,0,Normal
70.04848360126752,2.4543656026438803,8.41840532261954,1434.94435980914,5974.781667115254,108.71146115327656,0,Normal
73.12662901925117,7.050979654303513,8.13579393026436,1660.2035020601322,5476.57083901046,108.89114954344517,1,Shaft Misalignment
66.64784174495003,2.586398138779944,9.075255785277854,1375.2613495328978,4686.805480936664,114.29363646763522,0,Normal
75.0247309679391,7.597300187543709,6.9040463778760826,1720.5439379101115,6490.536429063797,110.61067084025916,1,Shaft Misalignment
71.14843231054552,4.908796421584775,6.5189484966842155,1467.850221264978,3032.077974023635,67.09171309017574,1,Cavitation
89.63806430496632,5.425359962453632,7.935630252177014,1450.9615169377096,9044.023931798221,96.18575093832646,1,Bearing Failure
60.292984154989874,3.1725802141686263,8.902787351403086,1489.0329334915425,6586.227897088481,120.07086162935116,0,Normal
56.82210486591876,3.0807673078845634,8.444604262156112,1438.340423149866,4551.543819433874,104.27555286818796,0,Normal
80.83972712533708,7.819927861844773,7.922744668495698,1438.2644057890466,6799.283681365457,119.0904596641209,1,Bearing Failure
86.64083516570297,7.069572301199284,9.40593110768719,1361.6587563093533,7096.6954300458665,112.33950478364238,1,Bearing Failure
81.34261468161684,6.341769863489114,8.447208211575218,1100.0,8922.743582886162,99.11958753850749,1,Shaft Misalignment
85.26404731525318,5.900360005178796,8.288367099343267,1142.814195735275,5932.457640602097,110.14145826406046,1,Shaft Misalignment
100.29704390910122,6.5313327222932855,8.123553983045138,1440.46912026044,8207.056074158558,92.96663156414057,1,Bearing Failure
89.85836067481601,7.975751991831532,8.41274746195018,1290.890316217303,7479.99554383991,113.28010406163472,1,Bearing Failure
79.36794698225437,7.124582309317244,7.229276839881449,1123.3289490853688,8047.744582833479,108.49923715249392,1,Shaft Misalignment
92.60237613693822,8.037983672150942,8.502492360297387,1531.059634343651,7707.865576764037,107.74003902442757,1,Bearing Failure
72.20339011262159,4.4923191618438,5.616828339705243,1496.5410062518658,6404.424252039594,59.134094412786126,1,Cavitation
66.34899537278994,2.1616780584968,7.945368761046359,1438.406404292908,6864.993803144692,125.35723962591643,0,Normal
74.64831736121323,8.278077876751642,8.044412710065735,1160.3679669207984,4944.430395187045,120.86582594749441,1,Shaft Misalignment
66.7886138473612,2.5132616499099134,8.77821085272927,1457.7341111839326,2145.7928955832663,114.79117682388744,0,Normal
62.511515968515155,2.366774458820727,7.868220027698558,1458.6827832259212,6071.24847516319,114.74355042123553,0,Normal
69.7669044595325,6.317362633255361,5.8776230260291396,1467.5545645838367,3501.980460307099,89.00985576508458,1,Cavitation
88.14858122857481,7.160763032740379,6.850212652456816,1515.5167702773745,9981.686051701825,114.03438862487803,1,Bearing Failure
68.60381630390033,9.085790627217978,8.359995672867937,1154.056641602349,8395.749084603398,90.90451119592392,1,Shaft Misalignment
62.33928054913449,2.2668590677052785,7.938060797437203,1465.1218504171154,3936.0939439880253,106.80309656453109,0,Normal
72.35051390859348,1.5862297303688657,9.286771460024859,1437.9793727801148,4049.939058011952,121.90852900913661,0,Normal
63.48068285259435,2.3694069273171303,8.3427498033249,1459.2667975607492,5207.483542494435,114.55732391056748,0,Normal
80.33645398936041,6.9906673495151495,8.144330692579153,1465.3214218790104,6254.216222731179,107.29266841095414,1,Bearing Failure
78.34905214835072,4.779484047911566,5.396406215331914,1458.9566895121495,6319.586412196383,67.64461195281353,1,Cavitation
61.41220680399974,2.4973109221739254,9.117228489382345,1467.1135144214418,5368.552352615108,123.15679148286611,0,Normal
71.00900030544706,5.889586854101866,7.009356416178564,1140.9855732788615,8565.763962521594,100.99875415281257,1,Shaft Misalignment
61.6013338619981,3.489870211744481,8.140759740120055,1426.5893279644183,3040.9632744675546,110.07716598279222,0,Normal
98.98688245152779,8.169684489316506,8.579952155874011,1337.9461638136745,7789.51929055227,100.88739569516517,1,Bearing Failure
91.4275101918797,6.882547588994395,8.130688575215958,1458.9735758582303,6247.262775377816,93.53071487664567,1,Bearing Failure
58.23745655279639,1.549846966127452,8.706499456068899,1441.4372920908856,6322.802255141265,123.03524318084088,0,Normal
77.44862624750587,6.324836264221043,8.288865516227276,1194.384880350586,6549.51311592407,115.70579467578278,1,Shaft Misalignment
67.09557936328463,3.098044900988328,7.801800717272643,1491.5167147416228,5643.001302727493,121.78602440098504,0,Normal
63.364419218546914,2.2405122560521726,8.073175976692898,1487.4728017429702,6880.023488522789,109.0564710943593,0,Normal
70.0393417709576,3.305644933764156,7.9667142221002445,1515.0299769971323,3088.1259474549643,118.12408615037353,0,Normal
84.95083197883997,7.723793622513165,8.664507548862721,1711.1321725680045,5797.511684384526,106.9346537098824,1,Shaft Misalignment
91.94109714597792,8.993264821887518,7.19610972775443,1486.5764636290833,7302.008661307557,103.06454250832411,1,Bearing Failure
92.65245720642383,9.044904698709145,7.6666088840628355,1498.3536076199275,9648.272239553273,98.7017519575359,1,Bearing Failure
81.38089371260143,8.320553502887897,8.129016344854673,1424.7983363623503,8289.63090387106,87.81862509623964,1,Bearing Failure
61.453189213434165,2.824569882776255,8.36834111914499,1434.0614661546435,2540.2226831373337,128.14505187347774,0,Normal
95.11136616451545,9.11411451609428,8.696235693492497,1404.1690802359624,7638.708303292699,103.63381308522428,1,Bearing Failure
60.84704739831362,2.2196316278990684,8.801894535365879,1385.4332694197726,6342.181762749277,109.23295668191963,0,Normal
68.51437434958592,2.44392483192974,8.699372122449592,1522.266076951357,4350.754843505732,124.11090136383817,0,Normal
68.01747100532049,1.6934175962654332,7.9138068171073215,1479.735929345795,4387.863393395408,106.495825243225,0,Normal
85.5091732152834,6.957175531157032,8.442144646874468,1257.8208017785882,6820.050586568738,114.32895355193808,1,Shaft Misalignment
72.41801257669614,4.989399959348944,6.354789120750475,1442.3275074436558,8990.289090582075,87.20562619733383,1,Cavitation
67.71436674051836,2.5449167837500175,9.159308963109737,1372.8087907277989,4276.295813105351,116.82247226789254,0,Normal
73.25174584791593,6.545121967383528,6.975578239273608,1205.975494405415,5752.988489660735,104.09458760251624,1,Shaft Misalignment
60.63829857349852,2.166451902211599,8.642367778534668,1439.7578483841899,6173.931342062252,112.38301006281577,0,Normal
96.88531774392,5.988212854031064,8.374479470654638,1414.1902487130571,7906.271774320074,93.92147180443489,1,Bearing Failure
62.9148890871082,2.3383536290003994,7.7731967774452375,1506.110572423228,2833.245945122867,125.49965118302423,0,Normal
70.95860151200849,2.9235365176627317,8.966187620823593,1456.8768339562978,2300.433581601755,124.23067066999809,0,Normal
58.3089925993255,2.8174055922458363,8.931880760189125,1466.8882625784993,1230.130445509633,112.84344121930766,0,Normal
63.92636303104746,2.4324511212796316,7.353151374886222,1481.1611815191886,1623.593412426725,127.16069468851467,0,Normal
64.05228426187496,2.622821514542751,8.212890689896554,1434.271590688699,5683.992193782197,115.44664177855368,0,Normal
70.95444268224385,1.6620250204978297,9.170333115301696,1455.7355898544183,4578.396463810124,120.5287539703918,0,Normal
94.74317590816325,9.075401641648423,7.099984824659284,1457.3327298345762,7342.7105742354615,98.23769258188047,1,Bearing Failure
65.51515649466258,2.48443335077213,8.02253724668884,1492.5376915674904,4434.807834625392,124.93575071565266,0,Normal
79.10700151428054,4.614876609315395,5.620023248299004,1400.9612539924176,8017.314826531921,62.15316922003754,1,Cavitation
66.84214904217384,2.561487089219819,7.693908824670662,1387.9210795100735,5047.76176984966,120.39078773523418,0,Normal
64.50137326157117,2.152981967807548,9.633244827490845,1508.7979102476336,4526.309625203047,128.50437987186265,0,Normal
72.4024607633454,2.884447828599192,8.33726873412879,1499.8638525715462,5158.605264683755,127.51444264505031,0,Normal
67.83756730644807,2.8571366631005213,9.203649853267294,1466.31240058471,1746.5274789088614,119.12108701518451,0,Normal
92.01752614538907,6.2071907100718375,7.7165569165075505,1481.1478388169658,8031.50886342249,113.46049348467183,1,Bearing Failure
67.27522547121112,3.5934356995308385,9.043265278949411,1470.9264013360864,3322.4805504543187,137.5935043031127,0,Normal
69.12122027376627,2.3615405769300337,9.882174258058567,1525.92468063274,1278.9221881261312,125.88316794156269,0,Normal
91.18999357563158,7.956599848698502,8.149492839782472,1437.8010079702162,8747.071182388678,117.82794968838981,1,Bearing Failure
66.77523835727547,3.507701105529515,8.349751717187429,1430.4013219010985,2008.0403083317465,114.12435607356136,0,Normal
65.30972017489094,2.741762123452318,7.897942633552243,1470.331461414225,5197.223065345567,109.71821770516632,0,Normal
62.527017159373344,2.4633846408565163,9.123232257198284,1444.4548716573745,4977.2238164583505,103.74130500448081,0,Normal
66.480777539146,3.5029265607564977,8.625974304877586,1193.740273207765,6775.392854520691,87.90110235404713,1,Shaft Misalignment
55.806169837936125,2.717232994341582,8.79080637562954,1528.7187778719708,6523.621539144166,119.71423418145186,0,Normal
60.611363681566004,1.0789393385727812,8.203936262379324,1492.6231777794226,1455.4938065617996,117.63467510331657,0,Normal
77.63559795778927,5.423810292893803,5.129722852729667,1401.7337765126326,8277.637212367086,86.4450700547186,1,Cavitation
83.6048336811272,8.280131623913508,8.494610416129527,1356.5647196433167,9607.73770018482,123.46603072081052,1,Bearing Failure
94.1341041339786,6.347687688078198,8.176043024263949,1469.000779587399,6728.32373300102,100.46842106314065,1,Bearing Failure
70.14424576804797,2.2409492949813234,7.833877706618277,1401.3000269513655,5442.966855839131,109.66554037066307,0,Normal
82.4409204713215,6.966456374176918,6.939910156321315,1482.922028583694,7035.993818112399,126.69270735125683,1,Bearing Failure
63.822985443567916,3.0619302577526484,8.227920240814504,1460.2452837463668,1801.0015431973475,120.29733812503748,0,Normal
67.7782944592852,1.7930148338708736,7.68199571042437,1459.6490106726064,763.9616869687898,125.06146701575183,0,Normal
65.4587916337776,2.093817825363222,7.781198731944222,1431.478149598998,1830.2479427011253,129.88988099141233,0,Normal
68.10046598793434,2.0119840381306653,9.342223169705418,1450.5185576588703,3714.351078394418,121.55864765692988,0,Normal
63.47754272962337,2.532866660192424,9.462018921919375,1486.506365502069,1538.3240622526043,110.17210049879132,0,Normal
78.36824206607669,6.377023419010529,8.959898594153746,1202.436144469628,7866.462513227052,99.96651380680954,1,Shaft Misalignment
86.6500840688322,8.179105162747582,7.913004938492864,1425.2250564217884,8686.459053548939,111.04288391358781,1,Bearing Failure
90.7326567434013,7.635867516395525,8.341325157292784,1673.1507063245758,5992.591027031144,96.77138584241861,1,Shaft Misalignment
69.23555603719701,2.3665635093522064,8.17250775569564,1391.2791340493059,3782.1604581355496,108.51883525703983,0,Normal
71.9851754992392,6.317908384095675,6.124715233101531,1479.0889479859445,7606.587706286026,80.45922855775751,1,Cavitation
69.93534622137608,3.0611820072283598,8.369007625412936,1476.515520651002,572.8350548735632,119.94931820913874,0,Normal
69.46104936404993,2.630874621808602,8.35264448057791,1401.2472666712938,5913.480103634443,130.39896994824483,0,Normal
87.55157520486192,5.78765316006621,8.416067659541724,1441.7603423710977,9633.654773108,93.56215246197095,1,Bearing Failure
84.20201780622224,8.443600052794599,9.039780366499295,1447.898086050829,7979.774650826872,102.74148511127764,1,Bearing Failure
59.00462341181226,2.4386873321697333,8.669300623160368,1410.7916295171142,5810.714676932184,123.89271984997282,0,Normal
70.13859374389767,2.689313764552152,8.476070536173621,1460.040141726006,3351.9544342355935,121.43531336839074,0,Normal
74.68097721136277,5.802686246613934,6.019650018369462,1487.0160593091023,7472.033357999192,70.92310957091317,1,Cavitation
67.72704386916564,1.4401492895962196,8.861955983379493,1427.1032965687982,1218.258782979985,122.90034472874369,0,Normal
68.46325658475169,2.006308440685367,8.664924495132752,1488.8241670647349,5866.278483441155,109.67311514761762,0,Normal
74.08860243674974,5.775435242458816,9.05965597859173,1217.852800090971,9074.822411749019,111.89940276896087,1,Shaft Misalignment
65.31638509955066,2.436772153313706,8.136691650032452,1428.0983441421959,4407.295548162734,113.59327267069769,0,Normal
58.150221689765054,3.4461581915771697,8.488712315047984,1408.452873339842,5597.661984257557,126.72606871469723,0,Normal
86.5134244168511,7.032028836117354,8.087213530559447,1739.7572166578452,5714.702284086713,101.17938512645281,1,Shaft Misalignment
72.71543885331167,7.589099002847444,6.8214060622438115,1746.1661891364295,8152.383032320397,96.99409657651894,1,Shaft Misalignment
76.15182983840985,5.308428934257492,7.446918898227047,1116.857873891784,4743.524001294405,100.95052110652517,1,Shaft Misalignment
69.77797521599817,7.581127474119951,8.194541757143288,1677.5843551844657,6489.105669787505,118.6964100538287,1,Shaft Misalignment
93.79688207445578,7.991274020726283,7.210686334153865,1596.9152192904435,8546.564141434912,96.00322317716997,1,Bearing Failure
66.26115739959648,3.429350772050922,9.243079618509267,1371.9968829390248,3956.3277554951687,119.97313903968015,0,Normal
65.96418734832824,3.3378220247865924,8.502538552725497,1467.2122820787688,3053.9673985761647,106.76754955493386,0,Normal
60.984659285451755,1.2136184160140344,7.800208667086491,1453.0833929638002,3694.462865402761,120.36979115455608,0,Normal
65.3239567506169,2.9592624966250094,9.238860147651037,1459.8199472717724,6583.386304578804,117.95850262788574,0,Normal
81.1704271902514,7.986635956144811,7.186846830054002,1377.980772868161,6671.118824417692,106.23354792207164,1,Bearing Failure
76.90991184704292,2.636480360728419,8.827331981365756,1385.7256821454862,6957.208583196338,120.78464360223835,0,Normal
65.20613169352204,6.148362858681986,5.632955396452385,1423.37705079658,4941.976686214802,83.26454060445482,1,Cavitation
86.7934723863978,6.2630467415571545,7.70608808640095,1325.502419146282,7716.688111036248,110.45169461222244,1,Bearing Failure
88.26741766533563,8.131224356971783,7.194141339744999,1516.2998321082648,9799.820037328816,101.22468851440175,1,Bearing Failure
76.70383194953008,6.437665475662252,8.291614306552917,1595.5883373544762,8219.657381711819,117.17912665058428,1,Bearing Failure
70.52740676171057,1.0139910663819867,8.271493090073902,1459.0164057051998,3112.4812154523975,109.3446951168713,0,Normal
59.61329831846744,1.8692221766819483,7.633580622914136,1466.1209952873096,584.9500279198336,112.51679404443846,0,Normal
60.91889953803641,3.760469743560922,8.255198971731938,1472.3360913255026,3193.121800374936,124.37930233651304,0,Normal
66.08593653640241,1.8818392256908834,8.582442983401803,1507.8565195103113,3159.7802932541667,109.82155989390414,0,Normal
104.33147288743896,8.344455872071666,8.771216503250347,1479.5196092101899,8240.96585513221,96.39492748899784,1,Bearing Failure
68.25594884787692,1.6785204025709821,7.862574214493849,1456.0727637097505,3136.932353263847,122.57894615223545,0,Normal
67.48731154783228,2.36959021808026,8.621485050209417,1434.200281856688,5186.732846576839,115.07297407174518,0,Normal
78.3540089826125,5.391767637239322,8.548010907256677,1193.4177912311454,8368.286371060783,101.676978326628,1,Shaft Misalignment
64.15090157238421,1.5997193723301895,8.326645233562,1488.9538502903927,990.9260591682646,114.02521392806332,0,Normal
54.57332529697322,3.1164645902155907,7.675814188043482,1498.9952766345696,5164.971426164705,119.5366303746919,0,Normal
82.90988241791977,6.205905691611366,7.425412728804796,1742.037837721938,8907.269729718793,96.98779640187117,1,Shaft Misalignment
73.6377602131034,3.0837466422209423,8.037890518009993,1423.2692400062353,3943.9202782534567,115.80149733054168,0,Normal
74.27967956766982,1.747488019408791,8.797399098130535,1472.1395865423128,6950.888921796565,119.88303725808836,0,Normal
69.1777191919457,7.861538202848111,8.011344619638836,1715.043760430607,8398.233418011478,105.74134040051656,1,Shaft Misalignment
96.51906692423832,7.7705134754664,6.8753780852493955,1480.3233407039281,8670.193089337348,111.84657541003047,1,Bearing Failure
63.11788722705902,2.6896407218379705,8.791941511142001,1501.364187807156,3159.4346214645448,124.89666000643027,0,Normal
83.86668674454756,7.7047588824017845,8.536114795636431,1353.0467927553716,7373.101956257793,107.99647687837349,1,Bearing Failure
70.80195813979664,5.323929284706391,5.514035726900784,1490.7662083404507,5104.2139645843645,81.34971647100636,1,Cavitation
93.9459770783497,6.905879811455098,7.736797790055919,1532.2305191864941,7175.666387562263,97.51729002025935,1,Bearing Failure
67.07222725166093,3.323869505119892,7.866189905148729,1421.4377870677088,4541.376280049408,120.7497883706139,0,Normal
82.54186126955,8.259500037516123,7.568257246936205,1369.1202529379698,7903.625309892803,95.33118474035982,1,Bearing Failure
62.919226014435246,1.2940424413188558,8.857739215891517,1445.0845583209234,1549.4841165754046,109.10111972891613,0,Normal
93.70102923161076,6.499973279439789,8.074383092469114,1534.292804840688,6569.8429850416005,101.9119615172133,1,Bearing Failure
80.3636208839716,7.517241351189279,6.520978149284697,1168.530393891709,6731.117130028967,119.45402575474863,1,Shaft Misalignment
58.41100123945513,1.1714390884692691,8.90876725492265,1483.106300389408,2742.634332968033,126.74840232977697,0,Normal
64.14012897057289,1.9361888102912177,8.706997934360755,1448.7768430093852,4906.9870990767995,117.07375403758395,0,Normal
74.67727749097659,8.477659136965107,7.918061273840315,1486.9632541322262,8836.547966237702,108.03442250291008,1,Bearing Failure
61.10952607083643,3.2030860859643067,9.249048816743892,1417.3538004388784,1169.1499405518603,108.35956315927558,0,Normal
64.09596277456387,2.0712015298954043,8.320044453216664,1531.2463485229293,2994.194135676454,117.37472252016246,0,Normal
62.89321596114779,2.872808043981461,8.974071475236025,1437.7618227387363,4810.460891098846,130.31104001641475,0,Normal
83.3695551124193,7.002038153182158,7.641226122547415,1401.9083445937274,9171.360181094109,109.35078338185859,1,Bearing Failure
63.95836217103044,3.7146995915694507,8.843831311897508,1412.8838533696373,1663.3458376483184,113.28811549816275,0,Normal
61.569692367281604,2.2886917311282478,8.46474022363629,1387.4058230017815,3314.1562877701144,126.12514485186156,0,Normal
71.5813257413451,4.959588936049652,9.030496479715584,1219.7743847477443,8977.112343399984,87.62077554034205,1,Shaft Misalignment
62.8413965895529,2.2246605473254735,7.536258786232953,1434.513957766007,4823.003359989782,116.62003283654053,0,Normal
80.22439371326986,5.315823136200685,5.100519282841592,1449.3148306898602,7484.468809962758,76.39094095909545,1,Cavitation
59.14127349176851,2.5935343770289525,8.145861830831597,1412.526630445698,3001.499768133694,118.20363279056541,0,Normal
65.07645997647903,2.485108226652323,7.966931298934578,1343.579080184269,5804.771138021526,112.93275071731705,0,Normal
58.77643431811607,2.5828137070534565,8.845623504433103,1406.9809715294657,2555.4000229253156,113.0606853660874,0,Normal
52.88126340861011,2.957506348458398,8.210329715212092,1421.9309061361646,1271.9322235673785,117.41394437561114,0,Normal
98.59745445803112,7.367555280300428,8.703218506987138,1463.775243818542,7118.553312206907,102.61755698101545,1,Bearing Failure
66.43596638936397,2.7624847986529684,8.27683360142395,1465.0519111676426,5109.063429255022,118.40760307727386,0,Normal
64.78539005819506,1.8070094798904,8.584759878868304,1442.2224749105742,5859.777299274287,112.95530012784667,0,Normal
64.34618165698458,1.7913097653389907,8.263394405774802,1398.7604830505022,6530.6486189334955,117.1459340865259,0,Normal
64.50439740421689,2.790096821178575,8.890197797292592,1408.9812062240696,6425.331019872748,120.92619396844432,0,Normal
69.92285345819212,2.927552205030353,8.234483820194507,1480.3174808016654,4965.250412263219,120.26342693405559,0,Normal
89.21043192877626,8.0303691889988,7.916308870361523,1447.9261456093718,7841.3079391113315,114.05717600497366,1,Bearing Failure
73.74729870152821,5.054444065074235,5.449876571789361,1415.2857524917265,3713.915063998085,88.15236569083102,1,Cavitation
74.09922573943709,7.295404473240933,8.568399252551712,1133.0694461263718,8559.722219091345,88.58044652045317,1,Shaft Misalignment
76.76496084047194,5.135529146382719,7.350213912940803,1769.6438734094343,6888.612101269384,109.50997370432614,1,Shaft Misalignment
74.59728163480563,7.065965068325379,5.0907978362563675,1387.422343020252,6570.865518233187,94.78113856992151,1,Cavitation
73.07289346919093,5.857055635461169,6.212988528218504,1383.9021839034835,6814.5380062051145,73.19262453663748,1,Cavitation
69.79265980649308,2.4735966730349044,8.329743977644412,1449.4272222913692,3756.8079556637185,116.65993541187974,0,Normal
63.741148623675606,2.8521207615150015,8.720744019630176,1403.7093075850298,598.9460646946902,122.38819764274861,0,Normal
72.18508643061533,6.594841021232258,5.704731355136509,1390.5458146327426,6717.790507911314,74.56899329389012,1,Cavitation
72.18214759779434,2.0776502047506735,7.97264777251704,1447.3107877121547,6531.57230804064,133.4927690881775,0,Normal
62.448544202184685,3.161615227644627,8.588914899852718,1428.8092917630784,4060.2933881077806,126.43884750544063,0,Normal
59.11484184273464,3.4374127056239376,8.94449387459182,1519.2207180731184,1952.7419033051879,119.775859021328,0,Normal
63.033994981589046,2.5205228107228455,8.072687679122467,1431.7203266469908,6199.511988634466,108.7341858535404,0,Normal
73.26348855521078,7.453275476042545,5.760884670470741,1357.905111352107,7859.872462100835,85.13654079785377,1,Cavitation
65.4427943103839,2.088151846213431,8.166906357864807,1456.6730228585718,4068.774175344702,116.26458459212863,0,Normal
79.94607426716955,5.463670803161837,7.401162112852093,1166.3186194803366,4954.453058013859,93.06624231456685,1,Shaft Misalignment
70.19367372072284,1.7823649795144167,7.852567174186901,1434.7162162466168,2690.770975172942,105.59852917036764,0,Normal
62.16157635962172,2.1232323511336024,8.520195063389272,1428.292120503825,3935.630005818931,126.10655561146518,0,Normal
75.69039204208774,4.113871296048974,5.82652965646631,1493.2644878067624,7349.4616310165065,93.9782440182772,1,Cavitation
73.9156261215197,7.526764397752239,8.215497410538692,1361.125857301542,9557.969382856354,112.57923034011239,1,Bearing Failure
91.43953822947229,8.868115418049712,8.799365427147077,1407.60389999673,6766.849321829174,108.24201395363731,1,Bearing Failure
63.3078210759259,2.9176817451817407,8.470365988699829,1330.4242791534714,5602.967100162833,111.2812513198362,0,Normal
63.44438278010048,3.165064972049522,8.473094565497336,1431.0618297375668,1675.5771077703464,117.51613148549929,0,Normal
63.9016527382452,2.865715627125161,7.722313133079378,1458.0338037246283,6230.629769640169,120.80632858115845,0,Normal
86.4044548355654,7.397351426549369,8.95452510663979,1423.6943579670835,6070.261822815868,111.11601561549683,1,Bearing Failure
81.3713519581509,8.488608793499175,7.733203612328607,1486.2227944326519,7456.808890598064,119.01500346552157,1,Bearing Failure
85.03561428483788,7.60567472528084,7.996064190901618,1549.3041005095897,8773.588105090139,99.95184634901302,1,Bearing Failure
67.06929599838892,1.6543858858980873,8.451972456914962,1402.2148958721525,5336.280024490654,120.02258559626478,0,Normal
61.70765674032281,3.4819862348844333,8.804855377818356,1420.3408728101574,5769.217184114525,129.05342829600974,0,Normal
59.38923792445737,2.99752902603296,9.308980571477443,1402.0961144888252,3337.1677705000957,113.66397140723805,0,Normal
79.80296575135426,6.3535658643751685,4.936352410666753,1511.9739721873227,4041.278406606692,69.20928158764877,1,Cavitation
85.72958496449532,6.211889269932473,7.789891079844065,1425.1163271192204,9661.26877055721,108.17726701209597,1,Bearing Failure
72.97729181525642,7.1770529369072245,5.9897711506760825,1384.5971518299532,7957.8397638052675,78.9524966259446,1,Cavitation
68.40519798022261,2.9956659020163223,7.999189067254801,1453.4783880814869,5883.778171303924,126.48021790804893,0,Normal
59.390595168328744,2.5150684504156064,8.787421162885199,1471.2973491484126,5563.425288347456,100.25545796555444,0,Normal
56.67096302029405,1.5908776786158394,8.730660312443595,1454.28519141225,3922.2846149839525,126.32373266531607,0,Normal
80.99183595310016,7.137159743550995,7.701562127634277,1752.9670482478894,6526.906214038685,112.03805121363784,1,Shaft Misalignment
68.67896526989857,1.547465951393035,8.310408507217232,1439.183324261517,6495.382635653454,111.86148088810316,0,Normal
73.8324377120755,8.638175256620599,5.719454811369163,1381.2814297852376,4474.911522135448,76.01107316986658,1,Cavitation
58.40799308763267,2.860548269449201,8.569726233014599,1481.2986408749869,6480.102550474044,118.94368250814209,0,Normal
57.70921104321194,2.1470515592099404,8.958569330760255,1499.2423161342226,976.6379283000767,124.36658537386643,0,Normal
69.28098084705705,3.57154903034443,8.961884255849355,1444.3202746599732,4998.382787778384,129.21617842276302,0,Normal
70.54490427656609,3.590863724735194,8.608100704263995,1445.9994297445237,3047.8038543171456,122.24479460147666,0,Normal
63.85477981345543,2.453138994224089,8.62892591156792,1439.8398004334038,4859.337748916732,117.16069889941083,0,Normal
77.47125695395984,8.08850729435363,8.28470922862278,1131.9057568897026,8798.170098451483,94.1592951509577,1,Shaft Misalignment
73.39362514338833,7.9456350466580865,7.773486250103278,1205.094719493031,7514.595859097196,105.68761750844783,1,Shaft Misalignment
89.66410590000265,6.867165405043044,8.772158294805356,1712.2122345708394,6588.801697022452,121.62777289179469,1,Shaft Misalignment
77.76106523392002,8.817697681972383,7.44158095108046,1526.4124438328186,9280.167164794757,111.9722817939583,1,Bearing Failure
63.443260564436514,3.236682060070808,8.413408080301913,1436.9334896619926,6870.03551077931,132.78657446112825,0,Normal
69.16472721412521,2.8526169411206874,9.149167244887709,1406.5008732755052,3740.810868042879,121.83455133430418,0,Normal
74.90962043322138,6.88747756060976,4.5,1468.722940359956,7735.57798194771,65.06278628447966,1,Cavitation
68.51266656966928,1.7005309912632605,9.085583816353074,1391.4010101558044,2729.7860376545664,114.65236071317457,0,Normal
58.77465873008076,2.8596925141409084,7.841615374497245,1481.087549506915,5506.780277940209,128.50157921066517,0,Normal
78.74597190046848,7.696997465294707,5.452581791890677,1357.8939092262137,3536.435287195246,88.2872393653223,1,Cavitation
69.22129363199504,7.237894201242359,5.998812046686185,1473.1999564524926,6849.218185473322,85.4470789734812,1,Cavitation
68.24776444725141,2.588531551544461,8.188978262778972,1450.1237080670073,834.8489686054834,124.23783923218902,0,Normal
75.64773352610048,5.852354820062918,4.712828636686162,1506.774242240991,6947.686232265332,81.18018265514941,1,Cavitation
75.50289022670329,8.322017040081676,5.000839406041475,1510.3093768853482,4866.743848750899,77.79777580898639,1,Cavitation
81.36358928222973,8.819076191368275,8.453185268619839,1512.2237373858657,6160.961686442477,105.03766403508254,1,Bearing Failure
70.75133697949148,2.3768295883022494,9.059274972127664,1428.9387325161583,5496.967174687543,115.81139209274734,0,Normal
66.7716918017,7.60939354358784,8.103672253598836,1144.988558172802,8087.711377214334,107.0149451784469,1,Shaft Misalignment
69.28230343915718,1.7399446019808378,9.412482686242743,1450.893820545686,6128.876038359265,119.00246887014386,0,Normal
55.100893171996574,2.936094376108521,9.217222584817245,1439.8485569700333,3574.808779000046,115.62759454516433,0,Normal
86.66351072108787,7.868917202908246,8.008156195379671,1457.2462279330816,7397.308143903645,98.60934667167984,1,Bearing Failure
66.23041807658204,2.018631983716274,9.240980384218268,1438.6712784421907,1933.058126495904,117.41216462498699,0,Normal
66.014476093959,2.412078274887313,8.130236720169707,1485.48537116619,1972.3185260517391,129.70832455243712,0,Normal
64.45689101055245,2.1864985948703093,8.393796288090897,1415.8588676758602,2623.8905309594356,132.19156647330627,0,Normal
66.52586591564473,2.9606016932586203,8.54935198420767,1400.5820867150858,3104.257511524706,110.46337388339346,0,Normal
70.46751940461768,6.0070317978495495,5.8955309086406515,1442.5672685684328,8807.10333073179,72.38190193753887,1,Cavitation
63.34915166029529,2.45138569795672,8.48881556906083,1449.6413469694505,4984.768321321356,112.42056763951459,0,Normal
64.90646252361489,2.5787613227029036,8.832678393822476,1459.5819088347694,5925.796706050289,135.16259127161737,0,Normal
89.01853857722122,8.874056551159981,7.294742401056728,1530.5475933644025,8580.16804896317,116.70996493204267,1,Bearing Failure
70.19712227379613,6.7392641756105585,7.42544234340574,1199.0937588590764,6135.68377593691,117.9376792340125,1,Shaft Misalignment
75.65524581980587,6.9692032217790025,4.578427347384634,1449.806886060407,6678.43385929629,78.08016921392455,1,Cavitation
58.06615894581157,2.4330798302838956,8.586046438065916,1451.8289118274179,3518.618891084199,120.26418645754427,0,Normal
83.53110222257298,6.6412327624708665,7.989851937419384,1672.749629177598,8952.487164416452,100.49713152898826,1,Shaft Misalignment
77.46012023196809,3.5526337315597822,9.01817020828417,1604.4816955848864,7480.561221800364,111.81393780110112,1,Shaft Misalignment
71.65128889578114,3.842879152256272,9.765262344560137,1402.4705565396,4606.989293176093,110.53549594865063,0,Normal
67.40031808952052,3.329916709197606,9.133165133978144,1478.3973099258894,1266.863496340667,124.15477063677707,0,Normal
76.11762766164091,6.240347591705306,9.468386632303728,1749.865168341576,4281.63492054681,105.36619926358223,1,Shaft Misalignment
78.56745477519756,7.918898084553338,6.2657725429266256,1445.4406528566344,4318.26277629031,72.46455327505889,1,Cavitation
70.51034553309971,6.63067986209788,5.614786142765165,1407.9057824857327,7626.265787633889,76.04410983521625,1,Cavitation
82.32568615320248,8.212533799410293,7.90796737613185,1389.619947527914,6717.115288946812,117.07803030690093,1,Bearing Failure
59.70394145813549,2.199843390047995,8.241941679064283,1534.9822491931604,3719.564705070407,124.4600305682707,0,Normal
70.56051824154132,6.964902758754235,4.770322860112412,1446.1110184495217,6041.887269696019,88.44635814188192,1,Cavitation
74.65074065908179,5.202514502656212,5.990260152658151,1484.5350444674318,7563.012026503438,84.44661768339819,1,Cavitation
72.130664097975,2.985335347222083,8.467775360580921,1430.2132776839844,6737.564229319426,126.0620105222198,0,Normal
71.81500364863632,7.185785731916634,8.039457575056247,1678.8105562407304,8672.432816306102,99.98607954023421,1,Shaft Misalignment
78.51513782202542,2.361603000016175,9.05160878602683,1507.677696078104,1146.7254701741479,112.4330935368294,0,Normal
82.07956181009912,5.473103994662891,5.717232305176162,1489.7249145378155,5541.5149612744735,80.36746592276876,1,Cavitation
65.5713261503166,3.2580184509705514,8.903709591191214,1472.0152188061209,886.9844259719788,106.52620161975875,0,Normal
98.18974235456173,5.185543921221524,8.788372326108997,1488.9366163755562,7579.229131513024,95.2723548324,1,Bearing Failure
89.36625471085576,6.765995005710849,8.698137458031354,1442.8414412918185,7552.844398572408,94.07371505571992,1,Bearing Failure
80.30543314079432,5.300696560897494,6.0073126996336415,1412.0759200437594,7867.383350408147,74.43558477190459,1,Cavitation
87.96632385620704,7.682097038550029,7.717614566551343,1225.3107934602801,9062.915817361401,99.05807729461144,1,Shaft Misalignment
86.96303226594151,6.281938154560551,8.394717087068218,1445.2512984237521,9812.965653274568,104.21686316570565,1,Bearing Failure
81.32025212507288,6.5254991848635315,7.724198247831153,1425.2230742347099,8919.476704375067,102.5303523160777,1,Bearing Failure
75.04033440929793,7.378234760003031,5.580843861780263,1542.0925466307651,4426.308156124754,78.50124915948638,1,Cavitation
58.90356807086969,2.018882693897151,8.530543086299156,1486.954600638567,1728.6123378522318,131.83621762814815,0,Normal
71.64897182602537,1.4946517302255433,8.096740083771719,1517.088020398644,1839.9500418210666,114.18252093877705,0,Normal
62.93052528862572,2.7764783461695806,7.738832840859128,1481.9190101832762,534.6072387119177,115.5591261765732,0,Normal
66.51591127141653,2.1628420842936187,8.116231678323297,1435.7702618106825,3700.578974396692,115.42964046376267,0,Normal
67.7574926499788,3.3827572751234887,8.198753065543482,1433.8989200557319,1270.5160903417138,113.66437791989495,0,Normal
75.62915934824272,5.786750871916027,8.26292971400196,1745.073463710163,9017.65910561016,114.24880892862252,1,Shaft Misalignment
76.14560671759021,4.953889399892499,6.197046491112021,1340.3850545909527,5823.211161404323,77.06082988412378,1,Cavitation
88.4961497824073,5.716899772412992,7.541047358498599,1450.6063035521709,7827.29070579713,118.61711456225999,1,Bearing Failure
80.15578090080969,5.382126223577884,5.23426061806247,1516.453933699451,8258.381626466635,95.59352118715753,1,Cavitation
81.95843583432914,7.547825319784683,7.60506267409766,1360.357732402615,7532.657874236503,102.88931330114805,1,Bearing Failure
79.49951396414605,7.211125760108645,7.594613170505116,1181.0135946061143,8567.623657776434,89.67778212759688,1,Shaft Misalignment
73.7746745647837,4.897908044407441,5.871868718910428,1429.108824059531,3464.9761299704533,77.81218338248976,1,Cavitation
77.6961290076672,6.410166034677102,9.335835771932313,1280.5470442280027,6529.555988097665,106.19100568497707,1,Shaft Misalignment
65.2562175582651,2.4096469963548195,8.431721445398432,1449.0478516761707,4493.3461341053235,117.6423425750908,0,Normal
91.66865174031307,7.056868316828986,6.936411686776335,1724.4536689139866,8618.261837596183,81.747674760522,1,Shaft Misalignment
55.03531842159912,2.0752243776208013,9.309189238445656,1437.2918507573277,6364.4318625124315,120.27515036246066,0,Normal
70.67395473073877,5.23174467960823,5.541016350391745,1360.712935902687,4885.004476751781,89.36943277437692,1,Cavitation
72.4698450186913,7.51691979916675,7.477715291190475,1534.1417592070136,7142.032665665566,134.42752646005437,1,Bearing Failure
64.38418525336256,2.6133451421888316,8.121854282865117,1456.2972537274616,1280.9258493113684,118.4998023767972,0,Normal
96.1141752755569,5.135144627208487,9.436451317995354,1347.642454306556,7882.020315969309,126.1924038722895,1,Bearing Failure
60.82813193852439,2.3592525822284873,8.844129855386207,1471.9095591495025,1907.188687229763,113.3445934085325,0,Normal
63.41727148395129,2.374561610996495,8.119633076611494,1460.095928266082,2925.465490194241,131.06663798838682,0,Normal
71.06053356358902,2.5491168046490533,8.662981802663996,1510.4850456950662,4786.486080352524,112.43077135096256,0,Normal
78.42052495467371,6.134583284812247,6.455740409480147,1392.929210388639,4228.150047730743,70.35827623602981,1,Cavitation
66.40992121347212,2.5289039822518693,8.738984988799617,1369.9305547458384,4774.106692916703,116.16415635655711,0,Normal
60.1260456120108,1.939634855549195,7.987757500492281,1458.735985816431,560.0750447770081,117.84720545058826,0,Normal
87.23424292809709,7.315754021145953,8.84426012117983,1450.740981399143,9447.867024628433,111.67355284454678,1,Bearing Failure
67.58792929470563,5.6240642800864205,4.962029490450449,1455.420623667645,8643.223806617685,79.14741253485994,1,Cavitation
73.31190719057541,3.4906588573168262,7.382802865494908,1124.614705061146,8044.645552946566,100.16929096522566,1,Shaft Misalignment
95.11766962739135,5.468422675688881,8.088328210077519,1453.4442386211585,9651.728949189726,106.33484495414511,1,Bearing Failure
101.83567951580643,6.100657834151229,8.557501256649477,1549.839176788486,9514.790335304304,91.30014227533097,1,Bearing Failure
78.55596226710787,4.077685894546034,5.128437366177729,1430.2199813377147,8259.362944732306,76.74380137244233,1,Cavitation
74.15912096943781,7.0080122910546,7.500765386943708,1731.3152103872567,5604.481379491985,100.4025860493696,1,Shaft Misalignment
62.56438184635567,2.004620236448623,8.01944654528713,1446.3597042845183,3112.009541077212,107.95444902265004,0,Normal
81.84362901464564,7.901465967584528,8.335353938848217,1379.6696171784138,9964.913784354498,107.16371486179165,1,Bearing Failure
76.30771145212907,3.99419377838593,6.406776472696751,1489.244985987431,4475.4182553796,68.57323100154524,1,Cavitation
72.1984995023174,7.1377324449490915,8.615527768114037,1681.751439539378,8708.942174481894,107.41469797135154,1,Shaft Misalignment
67.39150196127345,2.5201610244121335,8.691822192484821,1445.2218239497465,748.3051674296681,119.29275940609477,0,Normal
93.35090906842284,8.366787775587074,7.278042539126479,1448.4723333541306,7171.613613491356,113.15508224137088,1,Bearing Failure
78.92265708132416,7.628188994609811,8.445465529979614,1694.0599978814314,5154.3271941783405,112.32267619928231,1,Shaft Misalignment
85.34021034303765,8.260604507659037,7.832395427721507,1439.6310172819992,7861.496474994636,96.94617149702623,1,Bearing Failure
64.4317157875048,3.4594739445020406,8.836566846116485,1462.20341618827,1385.131925350213,122.22500391628884,0,Normal
73.7035445880467,7.486232073526333,8.131841028456112,1659.2978063713304,6134.837584489349,118.77577335845417,1,Shaft Misalignment
77.11822894266594,5.436702332454117,6.007137608756801,1462.5428125798198,3050.916072500658,82.59509080907101,1,Cavitation
69.81582362677172,2.843251409532654,9.309142862478806,1432.3497756195973,1939.4083724160123,113.40819873271374,0,Normal
63.25786024854203,3.6640939791010374,8.871144253789153,1499.822272587345,1582.6806255486395,115.3247218024941,0,Normal
78.75000698135764,7.641207216661535,6.041400932252089,1419.980030515697,5296.262567257602,94.4571571916472,1,Cavitation
66.82685461107657,1.9497067051773709,8.834904049004669,1492.35122693961,3308.755539212541,121.58505320908701,0,Normal
69.49333695894553,2.6483352820415798,7.975220366820696,1449.0451572501213,2411.007788367744,123.49617296914376,0,Normal
65.970105022529,3.8540514833012596,8.58035227563923,1427.9657011868535,5998.735875249582,141.36540299890453,0,Normal
88.89613720879471,7.29477161744419,7.178790408677059,1347.7078838961631,7265.828523497665,105.73932787030502,1,Bearing Failure
66.56926665716769,3.0011419282167076,7.774149353174628,1406.6472065275498,6992.072637366704,114.72485559985446,0,Normal
61.99106245569693,2.380180550837114,9.002914310329604,1428.9406070923903,6792.243896282669,120.63777528752402,0,Normal
61.71692734276922,1.963293267029036,8.19012417166446,1447.4790809048043,4408.9453743805425,121.72708766428478,0,Normal
58.32451076891123,2.9430587228128435,9.174111283528498,1509.7623566658956,869.0748051659948,124.98910737627207,0,Normal
71.61613473887456,2.9411448665737736,8.6030434922525,1474.0026130540944,6806.90926286689,109.81429780869281,0,Normal
66.4976020970808,1.8615724436526566,8.410708865242887,1506.0883835801308,6484.004547466696,123.4260351801349,0,Normal
62.9084029002927,2.327722086262077,8.568470891734052,1427.4119058400822,5149.795881251336,131.82811102858835,0,Normal
52.56916716139322,3.17203398273987,8.895576825182113,1468.2708311080185,3797.8630309596633,103.0818808283825,0,Normal
63.57747947674295,2.117953826236715,8.54398077930897,1437.3568100238488,2557.539499484721,116.4434081117034,0,Normal
63.74557910208815,2.6427147604168044,8.741990080983095,1454.9663441538887,5968.470472252499,118.58753557426988,0,Normal
78.01680785972697,6.688727267799064,7.972586531619384,1305.8193087293475,8401.50000609727,123.23382952760298,1,Bearing Failure
68.43437611601446,2.7917011587799,8.337350537838217,1514.7925293696928,6468.852729969725,115.05461470122188,0,Normal
79.66783704302797,4.715434549921934,6.610912900773127,1513.3680090785776,8273.712738492673,86.2107044033777,1,Cavitation
64.27325288843058,2.708438491860857,8.00599859099853,1444.1122899692796,5940.008144410398,113.99455210358676,0,Normal
57.35153781499173,2.3078312620233867,7.89695302686094,1335.6191984530224,6830.614983334081,110.16514015505341,0,Normal
60.643770940927446,2.4874962683372575,9.228611537532977,1470.82418872644,1739.6621445308444,130.3895463279474,0,Normal
64.08640769092837,3.5066104545398855,8.96382276590165,1424.7821923682727,5028.638402294684,109.9962068511721,0,Normal
65.06012792395971,2.899006817459588,8.809872594680696,1453.3798637702662,4750.202567631369,116.46944796479922,0,Normal
66.61023602162847,2.26026816640195,9.032137935922236,1431.4212546888973,5960.8980685346705,132.56313472270253,0,Normal
71.84968359934135,2.8029951789457757,9.574777544614003,1420.51993260789,5157.568942151397,124.2945974716454,0,Normal
59.407245202290724,2.9310878432083873,8.347090268336851,1423.4396088911008,3230.974433515755,108.75417484465564,0,Normal
60.19292339409098,1.9672651178292486,8.61776014460333,1368.9471578097543,5728.950501636048,104.76645085049404,0,Normal
73.4198601503467,1.8181982661064056,8.793521212033918,1465.7162943605756,1769.3664816040623,119.80662858913433,0,Normal
62.78088260154334,1.561327608025619,7.93250476611944,1448.424748084194,4877.0452642529,107.1178950496656,0,Normal
73.56983434715242,6.13386939173181,6.450770516695028,1407.7668835498966,7107.714159115631,68.74851362305881,1,Cavitation
60.21766428130195,2.7699453332987365,8.085266132709856,1490.855907353616,4667.557587993651,128.09524466999818,0,Normal
70.56271726537025,6.629469753613986,8.739732429697005,1253.8346715372993,6908.843232710763,105.41034260052142,1,Shaft Misalignment
65.29827282503543,2.402163232163815,8.878057588087591,1428.7249682839092,3614.0974868199887,117.70634942557078,0,Normal
60.23673385300264,1.4040665445224605,8.12229184987547,1414.181667451224,5158.30571786903,122.82578454037484,0,Normal
88.13862607600439,6.522061164447361,7.571303976369392,1331.2588783906172,9511.033368770932,125.26817116042392,1,Bearing Failure
74.7077019519104,8.129588617431935,7.792520943917673,1181.6431686990106,9261.303122720192,101.17221598290442,1,Shaft Misalignment
71.48689120793016,2.595513514068147,6.651931308487642,1383.0738738974492,5586.802069503935,66.22312234938155,1,Cavitation
75.24854625801844,2.2323029423512684,8.727034103036864,1499.890434107779,2103.4451250191223,111.13485662021371,0,Normal
98.91146741880472,8.112054438162126,7.7424105159756245,1484.156741040704,6563.157272588816,109.6608729825532,1,Bearing Failure
59.64210529741151,2.365977797327876,8.490242280297968,1367.8098123026846,4853.691730535,112.87824526348926,0,Normal
71.8372954546873,5.064644084008919,7.594452317013639,1237.0033923247581,9341.70951537022,96.6290986638496,1,Shaft Misalignment
69.37829389024033,2.097065783966296,8.547782865926889,1371.165267081894,1904.8850301156053,113.62751844983306,0,Normal
71.21596009572428,1.6642110293948857,8.179149484788741,1498.4303095847035,952.4509192005352,123.95341031539003,0,Normal
76.41661796267833,5.063480154194509,6.089792110881869,1375.495866221169,6370.037753033666,72.76652539391738,1,Cavitation
62.188593994973516,2.650386808694996,8.419659134176406,1404.3080722398029,3199.3356180662963,131.6156686279607,0,Normal
65.03674787732375,3.0524895195279975,8.549735479054576,1449.718363658772,3707.7523664720084,120.43117877626565,0,Normal
61.7704472058374,1.689869141852748,7.7295895808801784,1459.2971441520106,1979.1572976614573,129.4970180192642,0,Normal
84.18286317014451,5.04213460457132,6.759500277651341,1442.1157279403894,8120.539617054857,73.310178445752,1,Cavitation
65.21572009820231,1.394944176890066,9.105113362456082,1436.8193060531876,5577.543079210774,116.80034608578922,0,Normal
68.77128774883165,6.522510070210512,7.344944803843193,1464.0102770525098,4701.043141625636,74.92900206935374,1,Cavitation
73.78637108536073,2.0103747994068093,8.364364340271521,1414.323229353813,2224.6064554203367,129.2586583653884,0,Normal
67.14483974274259,2.7032548973682196,8.435800867041195,1447.2685516894285,6322.692573807471,117.89261091904397,0,Normal
80.390688273072,6.745404061205812,8.492319143020314,1713.8838308933628,6901.010550469527,112.0623097476707,1,Shaft Misalignment
72.55843393763328,5.39055937099412,4.5071733875927595,1467.6910037301207,6446.234985271101,72.00856374718062,1,Cavitation
88.92020887660463,6.478637627558523,7.635237726508358,1210.6768064592595,5230.4915287680615,114.9938094639279,1,Shaft Misalignment
92.34793767815933,8.008148092615864,8.620971863432446,1532.0698256305936,6911.698900754595,109.40992688138154,1,Bearing Failure
73.01359562026737,8.110386998605634,7.33934392665589,1680.9619632592055,8926.85051417285,111.60726845228258,1,Shaft Misalignment
80.33888571137544,6.404930148361541,7.079424243322809,1461.1924641331868,6411.462331216619,114.23009481712023,1,Bearing Failure
59.666162226576695,2.641710493178734,8.441085141203374,1432.0563751419975,4547.947750211226,117.32181340236139,0,Normal
66.96653525002662,2.0571657498031652,8.590625581301024,1468.4108649992922,4241.824144483227,121.55873872216111,0,Normal
77.52090507907323,5.888394853795416,6.714796301650218,1697.941165460312,4824.873632833495,98.43965241759345,1,Shaft Misalignment
90.09442270461922,7.561278043088645,7.2664929549220245,1499.6536620585923,7793.25647975707,118.70839583519286,1,Bearing Failure
61.11291178900404,2.2733404159645656,8.378880327160466,1447.8211633160915,5579.012703204053,119.80077850909744,0,Normal
90.16236037010849,8.004287853384273,8.20367531109621,1419.5794804437967,6798.678952162587,105.30747583087499,1,Bearing Failure
89.93824974272428,7.657962697752961,7.627500691026726,1494.6494667336783,9080.446608921142,112.0711295896201,1,Bearing Failure
73.8876093335007,6.068122850140652,6.041889417001388,1477.5667108044872,4554.210864620083,70.39237293524423,1,Cavitation
83.62763623489364,7.0856775467607465,8.374398557847984,1750.8591806801765,5546.66014483392,122.81383143429005,1,Shaft Misalignment
72.62735210846623,3.4321802371792387,8.942762602150486,1412.608731732512,5528.661010096973,121.23977614845178,0,Normal
83.38543176113848,6.302407039367053,7.041043186831123,1134.738608452909,5180.401399147804,93.40619549384057,1,Shaft Misalignment
61.31335974490108,3.2002160143802674,9.248780403773521,1464.1422712662854,1483.5570018042959,109.67510209789606,0,Normal
55.22339902085504,3.975031997696599,8.523091301095137,1471.190900064607,3467.9060073378023,111.45112430091999,0,Normal
69.17811422276075,2.0519260113976414,8.064831260307706,1450.433730227112,4575.492819007724,104.9599391810524,0,Normal
67.14884810952489,3.616285811915377,8.734751240594923,1432.0126350681073,2807.7953412993634,113.03032509351506,0,Normal
61.9068502462664,2.712386131038205,9.446326854168557,1507.190994380595,5218.372517721804,124.66262455564912,0,Normal
89.18453828615549,5.274704097223225,8.158993680085414,1455.2038456784312,7014.677836486786,110.10535378451236,1,Bearing Failure
68.49783307425771,2.7415836986908073,8.508131017344557,1483.4855335087248,3157.65864619817,132.873713157072,0,Normal
68.534877322353,2.6498352922321584,8.477178573333102,1450.833659285511,5950.642362087115,119.87315892889933,0,Normal
71.16956938795464,2.3125495974932924,8.188494796311529,1372.464754436723,1847.475378639757,120.57758685873027,0,Normal
60.01354244451045,2.8695730534264334,8.566970147965291,1502.7480542307294,4873.139611529196,124.0796133339415,0,Normal
74.90762133541335,2.2333134800853838,9.102558869807226,1455.8259648771852,5451.327592051854,124.57956244924081,0,Normal
77.58219928019935,7.189164457074336,7.521456002399528,1177.4768476298582,4054.8307910398516,96.70492441117983,1,Shaft Misalignment
72.97935999591812,6.123252260553965,6.398710169727458,1426.473373017439,4771.297174157008,98.08594776438139,1,Cavitation
67.73884888009793,1.829345231010213,8.98085798025661,1470.26488679807,6185.886590499212,128.29990572837787,0,Normal
68.51903691125787,2.2165527135349947,8.744393236891199,1412.6788811663494,3802.5234852068784,111.65377924711426,0,Normal
87.96427373455093,6.732066853402952,8.031025063066751,1413.2321778123303,9955.516477020054,102.41685063426416,1,Bearing Failure
70.96383066204216,6.188013515929678,8.450946187190889,1670.7125962748985,6170.327234136823,99.31827772077705,1,Shaft Misalignment
64.09110383609946,2.2471226215826814,8.85628972330503,1442.891365349194,2812.897461339796,110.4233145475976,0,Normal
58.176618370497295,2.4685156863621702,8.361832352477892,1467.3499874384386,1093.507704258045,114.33903570504978,0,Normal
63.64810866266316,6.846960296884481,7.893250225183056,1691.666470351928,4115.406479574667,112.63945363715466,1,Shaft Misalignment
81.84934111680955,5.3585842099765655,6.355338842027046,1463.7698117071604,7934.181082874583,85.30969321874073,1,Cavitation
76.8684488933621,6.4210733242254445,7.737919686400765,1171.8875730020752,5461.1836572104285,112.75765385282725,1,Shaft Misalignment
61.271181279446665,2.6405883931669325,7.656129295937818,1440.3546022244839,3536.3459279626395,115.55435900172786,0,Normal
81.54722050701324,5.7231106442311965,5.464139605370961,1387.2919506502199,6510.7299655627485,73.55986638764712,1,Cavitation
61.51941474326849,1.8042786697297069,8.359987883539116,1415.4331168330414,802.3702262429463,120.10123571318924,0,Normal
71.773843954095,3.1321198402816726,8.56978796216717,1451.247069681096,2196.5036990194035,115.18256519624904,0,Normal
66.63887584952863,2.070587775142874,8.82332082836654,1405.6802098123846,6102.539976252806,113.3754624541921,0,Normal
64.05981857056666,2.595796339328755,8.434011178984106,1473.0043128395907,1911.4126262448672,108.09710637207502,0,Normal
79.21053761556296,5.267037101378609,8.23837273614838,1118.981317346189,8338.239943486647,96.38892121928984,1,Shaft Misalignment
88.53050163456922,5.997175281064385,7.173296494098339,1694.9504365134792,7197.389820568587,115.06883578682246,1,Shaft Misalignment
87.18135587895425,7.4266044053924976,7.095341802835944,1775.3920430294195,8233.929242118109,129.95579227854844,1,Shaft Misalignment
67.74391520793732,3.1214972703830814,7.834452750577458,1409.0129841578873,4682.236924434322,130.926658310319,0,Normal
78.92955956997028,3.089093166663162,7.914782121251249,1419.3090971056008,5798.9420523787685,119.74915770099179,0,Normal
75.80260093306751,4.458703746712886,5.839711674714807,1444.0075158357904,6195.693698361561,72.51440762396211,1,Cavitation
83.24054891968396,5.131245464403971,8.353748241694221,1696.796873493567,6592.584835212862,103.03530775448475,1,Shaft Misalignment
71.97395842620246,6.091103825010505,8.146948236689099,1688.3780480961912,8139.446615888553,110.36290062565469,1,Shaft Misalignment
85.1462603057934,5.09055705331112,5.75790380448081,1423.6571096163705,3687.372260376289,81.84956079310025,1,Cavitation
70.71561286156452,4.240723828564465,7.7229987223874,1200.2375429498181,5731.005322176983,99.50624231393273,1,Shaft Misalignment
79.07968918056861,7.318849123268725,7.2548374188418725,1475.831776700622,6179.86603180522,101.41649067644448,1,Bearing Failure
70.47101393314426,4.220561074576569,5.533497959086833,1411.682369536749,7792.124225582174,77.3696927993576,1,Cavitation
87.10250743201689,8.44953326788998,8.21835633787844,1456.3337438042854,9391.900315511595,101.91962092358983,1,Bearing Failure
76.74727945957237,5.36574729684394,7.235851966538438,1640.4472999688035,7636.539129055576,83.38192136186574,1,Shaft Misalignment
58.23108619604259,2.874963694189528,7.796394450247905,1437.2573332775667,6189.483518919211,107.6512464924637,0,Normal
79.37678778047797,9.159440258054182,8.576593859495881,1116.971699467505,9339.270233425636,91.58469429173533,1,Shaft Misalignment
67.44427350456463,2.4247236765086977,7.831378792040577,1436.7439558521494,3599.1689553524907,123.58717613223692,0,Normal
61.15474946206647,2.2402142408546704,9.629230398077322,1499.1386596169416,842.56361481821,108.20927282552228,0,Normal
73.15530280484269,6.213808793941063,5.341011947694632,1536.5584815883649,5824.20599694637,76.17577576172097,1,Cavitation
75.29081949486131,5.7814197959120746,5.524649559016371,1415.116857699347,3529.3998123426386,77.94432093670113,1,Cavitation
66.6628267808482,4.041050820213782,8.959103063259974,1371.7554554018031,972.3936713416197,119.02135158209033,0,Normal
61.92323616619283,3.39067545569542,7.842613274640273,1497.9310414657855,6185.562898123629,119.85706734879132,0,Normal
62.483216309752635,2.8201758548898854,7.772719297377638,1442.3789924151986,1784.2761382781007,122.33099564990867,0,Normal
83.78960509709474,7.242725109857047,8.740434586969409,1361.6343500261412,9577.91222234728,100.08775585382887,1,Bearing Failure
63.7989556449874,3.0586071129214627,8.746558763608002,1488.2344242609993,1643.6206111087038,118.7829129056514,0,Normal
58.85179955114572,3.5488247510266286,8.257490913486862,1463.5954123900751,1744.8994637335056,120.29986744353212,0,Normal
88.46869415490079,7.0732135290765745,8.49388399535719,1459.3315022550194,7145.859268580087,100.40773889464768,1,Bearing Failure
64.86851899567179,1.669338637656198,8.282963089120296,1537.2907123878197,3476.7615543246347,121.62224290243996,0,Normal
89.83127081847627,8.766298263673455,7.6443683223313394,1410.7220772335052,8310.065252339758,124.67325121648983,1,Bearing Failure
86.28064865982356,9.608590383357175,8.073396883308774,1477.0903065226837,8432.909024941197,113.90947306693414,1,Bearing Failure
82.71848880496206,6.085388610134959,6.671188042351269,1552.7244220164291,3688.4517500291513,78.67573429111958,1,Cavitation
74.96708709298436,5.505649880050561,5.647279393078181,1389.8262172374966,5700.999984307242,84.22028617863353,1,Cavitation
57.86768044288127,2.7150004427181527,7.43567543774074,1375.9365266283764,1682.6191113648188,126.54838973151999,0,Normal
83.09198689154952,7.623018673526755,7.614626222259509,1412.996193402616,7031.45701457938,106.72561743990885,1,Bearing Failure
70.95586522470047,2.1751161960956984,8.448996859936369,1476.840712196711,3573.2290167327105,128.5439822244718,0,Normal
67.83465482640739,4.150569120112999,8.133794981820254,1419.8112865223156,5492.052901176605,125.85840050218165,0,Normal
73.67825290568118,6.5164059483911485,5.757299124465866,1500.568412859509,5381.167033215215,83.78384410478259,1,Cavitation
80.81640654537512,6.00702587134297,6.088344010890779,1477.5023317158532,5338.589251175572,98.41472075657884,1,Cavitation
72.56020701542772,5.438309575691968,7.602462526440752,1132.3110060098984,4283.530384458518,104.74698411437042,1,Shaft Misalignment
62.619687211110666,2.2056326595840083,8.358620336185316,1405.1641210492737,607.4913096443602,106.36179404617565,0,Normal
62.51315233429869,2.9287298568781033,8.654527219052143,1455.3576753180805,4198.802736808882,115.10645502638562,0,Normal
74.74171322394906,3.115065491549064,8.173050805837212,1451.0925351940575,2013.5806196946126,104.27256804682418,0,Normal
70.0686394964023,3.0223744365116088,7.781080960920472,1461.8723379054215,4004.699818757638,92.37316733449786,0,Normal
84.76685987974349,7.567957744258293,8.297041460702982,1182.7170147070938,9076.102708456827,112.6295825671397,1,Shaft Misalignment
85.49826252110591,5.4435029293747395,8.752655078827342,1232.3638204279732,9031.873825668272,75.45751058757969,1,Shaft Misalignment
60.44286281231018,3.44610989535353,8.08101039266034,1460.0637122904695,6823.575241650819,116.09704729540964,0,Normal
89.75964979156188,6.757225155471291,7.965556558678642,1479.3450326890445,9782.860433764097,93.13006611694256,1,Bearing Failure
86.08293743720274,5.385752750267194,8.096179094727017,1528.7237406269687,9542.432396918015,91.58594231866147,1,Bearing Failure
94.45945189146556,8.427973537420044,7.894057985745503,1518.3511788010462,6103.4683269016805,100.5277887053615,1,Bearing Failure
74.46013385548433,7.161102535734969,7.114662901770137,1213.597230390725,4697.40989519718,108.84202072005897,1,Shaft Misalignment
62.679843918723535,2.314065563943797,8.433303685398077,1388.5179938110844,824.0668033410616,121.24611259759209,0,Normal
82.07955320246339,7.001064842570763,5.94841355427294,1439.3355793307026,7006.887436919588,80.76111447723247,1,Cavitation
67.9287344198568,6.481762709073645,5.372081915696736,1478.1070311485391,5641.702281839894,85.05325168409968,1,Cavitation
66.77045565093664,2.34848149578312,9.675964171498078,1488.9291354081147,6325.905893161421,120.53105480020564,0,Normal
62.97734129874204,3.0820406732095145,9.557300088954168,1489.8449064100926,2590.295612356023,107.95776659070847,0,Normal
60.8312452908114,3.385918022471621,8.86068583889438,1480.705110490694,4812.388558653279,125.92417831177947,0,Normal
91.20822369781719,8.52956692382275,7.740255179769403,1419.5040912350007,6173.382479709303,97.52214895634017,1,Bearing Failure
68.17040468376489,2.744438306586622,7.5923146051516275,1462.512532669748,2783.551044145641,109.66835548410428,0,Normal
97.18028464936977,8.346853743179901,7.6387814277947905,1413.2902709956059,7129.244231416827,96.8761864530996,1,Bearing Failure
82.4556231559536,6.246493987628238,7.849531613344734,1473.1449980909017,6340.801910238648,112.02659998499306,1,Bearing Failure
64.61770224580262,3.256435209433184,8.332652515745867,1483.3289811257985,5607.88410528672,125.6568492808525,0,Normal
65.4082136721058,2.7173780821879325,8.308652429458599,1415.9710403781362,4717.839586980993,121.27332208257111,0,Normal
76.03964608897093,2.133912436222097,8.614695970374985,1459.2806586561462,2610.559330497846,138.1010624677723,0,Normal
81.39712161852634,6.376007026292431,7.489276945408834,1767.1204647517068,6378.179981017995,109.00823163735285,1,Shaft Misalignment
68.24470208103986,3.2468736316597577,8.36922642307328,1525.522409649833,6399.614692116637,123.20819039732848,0,Normal
60.56072146261397,2.927174480030359,8.015474474231208,1440.6686406737092,5037.483200111217,131.80586143193875,0,Normal
68.55259706395157,6.05844948070565,6.25631016127022,1471.085846650155,4547.6370407214035,81.578017243938,1,Cavitation
78.61683830675656,7.028512880805949,7.64048206469526,1677.8448847668565,5299.3583224331305,93.32790514385641,1,Shaft Misalignment
73.80314017312246,1.9957391423981758,8.304003187606142,1416.9995240637525,919.560732655241,121.58534786545803,0,Normal
59.590363173518504,3.148935628607831,8.862400338775412,1415.6113325854749,4915.198597253259,125.55920285384488,0,Normal
87.65837973191164,6.128904813763913,8.137393380200852,1492.3261448044516,8885.96251027608,94.50871270112147,1,Bearing Failure
62.88899657597628,2.3692294562538767,8.383046007277553,1524.2047429214138,5882.705310243999,123.02581028345207,0,Normal
69.93930791203255,2.7755225089597175,8.958884098897569,1437.5841545409794,1886.7527346408224,112.88406607609242,0,Normal
71.23455964121588,3.144084781131358,8.782186671815102,1526.6250522069859,6691.3908160773935,96.07518841436371,0,Normal
66.6849692004828,3.5188078969020924,8.434031642553123,1446.757525524617,6454.981674293608,103.47438321735903,0,Normal
71.62138881564836,1.7680414600058705,8.31920476706797,1429.7737488728612,3980.702184610729,99.91029865211787,0,Normal
69.41089222595825,6.558618392943908,5.700328962405045,1300.0236919667261,7547.82031476397,79.46797210162114,1,Cavitation
77.05016713194202,6.31614610684079,7.408028826854121,1179.2950517046663,9190.71510216608,104.37351777878179,1,Shaft Misalignment
68.91888452827506,2.96714373836671,8.34928925537754,1432.8112244360334,6374.21198242975,124.30380775861191,0,Normal
64.87378470668259,3.3253410347183996,8.295048238602748,1517.1891390548842,3796.8889309075835,114.0417371990628,0,Normal
65.4369015627648,2.884164969108041,8.121594437158702,1463.1033388870999,1432.8778169246657,125.03051062666209,0,Normal
89.57101192342923,7.538485528340927,7.57132435069508,1457.391619681888,6202.581305774906,116.82894938877925,1,Bearing Failure
85.13158093852205,8.349362141386381,8.590173732626267,1238.1419288767493,5938.6457581884315,113.50079332417553,1,Shaft Misalignment
63.03194208983495,2.7294599894155214,7.8439183994022414,1434.115386737286,4664.61646072694,119.66822577600682,0,Normal
71.36440065252026,7.481070923878714,9.015153561683595,1775.693119899111,8457.210674724409,77.00035697406415,1,Shaft Misalignment
79.44277646881022,7.380263205600716,7.944303065709704,1161.7950640057531,4427.900623271544,106.0174579172232,1,Shaft Misalignment
64.62533690188395,2.495739926670559,8.207970134782755,1441.7810892946834,5334.86100750336,135.77080519201033,0,Normal
65.20993562600542,3.403193035611691,8.468083255636852,1458.7806246465075,4202.21087006822,121.57736675187573,0,Normal
59.306085315118935,2.1076617434608216,7.88788749582221,1395.692050925298,4267.585429290437,118.6302999697431,0,Normal
67.06820847205402,2.6084377168853936,8.034679956512644,1492.80761846567,2797.15995751001,116.98716204846775,0,Normal
72.28142644456497,1.8341811988906103,8.405577772498315,1444.2223665568647,1849.3673624369837,131.8995951065482,0,Normal
63.49662819778159,2.7779809061405385,8.333476189512238,1438.964171142393,1716.6252470251554,110.20478234362183,0,Normal
63.47264985376066,2.0531458268560976,8.334811968329511,1463.4615352748392,1570.7508245269012,127.31946711905361,0,Normal
74.13385000051095,3.231894859723061,8.361685664843906,1447.853566097529,3464.955831489598,125.48482838574708,0,Normal
77.10710852008413,8.195961255303605,9.15740807617809,1411.7683169644265,6037.067317826521,98.00540277460948,1,Bearing Failure
70.36907061787993,6.661138013338037,5.85575711212694,1399.549488445757,4193.470747248871,78.44711423631999,1,Cavitation
74.18971014996137,2.7532862153171576,8.375638287958735,1483.3995770951435,4981.176104798334,115.35343482537783,0,Normal
60.23062563883876,2.2628179506644086,8.693611533959105,1497.1148033136828,1838.5589770302447,116.8507641727067,0,Normal
80.04996139171575,6.228685021931702,7.148393437105003,1663.9234926287486,9173.796032477774,103.61487755392776,1,Shaft Misalignment
65.57368697728965,2.4292382191780084,8.473421576391978,1430.7192186011857,2902.441536457435,107.91177049286524,0,Normal
74.88117706048621,5.76523907113434,6.30793796919111,1441.0407376743278,4398.433758594688,90.86553205032018,1,Cavitation
56.4425575731753,2.722829104962064,8.217773283067942,1434.1060787232755,6018.960686872699,110.48847105557321,0,Normal
95.97443258196458,9.486410576273252,7.081303427131283,1513.1470378968427,6505.704908620112,110.88436180240308,1,Bearing Failure
83.56436339601956,7.772474296096482,7.642789975553688,1516.2769939264128,8181.53805220144,92.12614847848928,1,Bearing Failure
90.40259196313768,8.931889063774513,7.678696877843963,1367.1070564672336,7839.635687820643,88.88282934381147,1,Bearing Failure
69.98468860400898,1.7950130246366012,7.733814499278954,1451.969997436787,3865.83194124585,118.40249294837943,0,Normal
69.09892967660706,1.991816739678729,8.577713316259246,1496.2782356340329,4490.91814635556,129.3839102178251,0,Normal
82.23288226750893,5.97952679803071,5.171216535069842,1496.0209651656762,3055.523521301781,76.33353474424237,1,Cavitation
75.43398902217623,2.0286950879250316,8.66380447917095,1398.0108251953816,3968.7160177649657,116.53029674647182,0,Normal
63.48309365931373,1.7510668661257494,9.249757014696389,1432.1782298653181,5944.79588754436,121.09386124697208,0,Normal
85.83577299730256,7.28031295497616,8.807053923882341,1408.5199083302334,8865.177321947353,115.49000701065401,1,Bearing Failure
85.84017445549152,6.362917049679114,6.790058956386762,1488.306528738589,7904.227560873269,104.89643006068438,1,Bearing Failure
74.27735108714633,3.646278338482751,8.893737104766414,1446.4681926906164,5401.220409307042,113.74408495458337,0,Normal
78.1069516826915,5.7953176318798825,5.271607183425059,1493.2285986248635,6384.509530131751,69.00702512911381,1,Cavitation
69.29586380336994,3.0409107989428996,8.664946298690603,1471.7472359550677,5964.739035982026,128.79096630275188,0,Normal
73.74651406021708,5.987201330128916,5.988793460687602,1378.2872135014613,8901.432010632117,73.24330998121845,1,Cavitation
76.18586849212413,6.501978818007637,8.505720416270696,1189.691926857742,7248.691792550429,102.06200924690003,1,Shaft Misalignment
63.16433363724625,3.0544995903008947,8.732605725127915,1457.061689418701,3920.795311019665,118.82069005846083,0,Normal
73.62350027083255,2.9762011273754276,8.853425492838847,1429.2799726903154,3422.981990402304,110.737825530359,0,Normal
64.96573002549255,3.171081646866006,9.217870030467441,1402.678773387286,2719.033192876224,130.22725035139214,0,Normal
58.548158087101804,3.222324845076157,8.76584936699493,1450.7229389369465,1906.8403091102023,138.8663275269291,0,Normal
80.76798164008113,7.015749779561739,8.355029911863321,1538.123871899254,9318.312771588191,107.50800815646053,1,Bearing Failure
63.01958016960366,2.2732061524088696,7.492389047283812,1473.7334639852545,5865.33995143249,122.0948576579658,0,Normal
62.92878672049023,2.1862763119756337,8.677701268263933,1480.9155271308796,3742.9716166683797,115.03512926294385,0,Normal
70.05112496065219,4.203683635174505,6.34246988709374,1350.5934092904167,3473.641670989141,68.78820257198731,1,Cavitation
60.161717858557395,2.3180435333999765,8.015975102225152,1427.3778895039031,6555.00564602396,125.02566409437071,0,Normal
75.72609555565086,7.309779272561425,7.058579253453161,1612.8640076800727,5858.406795264033,107.55559698986804,1,Shaft Misalignment
70.72146534279969,1.6672788697265188,8.881930175816711,1447.8757279321235,6291.330250489575,115.592145571694,0,Normal
71.82735458250907,6.3616950993696815,5.507122143616397,1495.0050100121011,7993.5216642933765,70.36752526383766,1,Cavitation
79.97981954994111,6.752192150698092,7.399055879828178,1744.4044499833772,8375.60453765484,105.86489817405938,1,Shaft Misalignment
85.71770661820068,5.434873103497429,8.880728175776188,1679.2314997961394,4413.740739726177,96.033694392276,1,Shaft Misalignment
68.8849586469208,5.430975414145603,8.522735317132165,1656.7335731889098,8925.537573077574,98.02288480113992,1,Shaft Misalignment
64.68972574103638,1.6110048620462631,8.554535291525207,1419.7619444541842,3731.986554735131,116.30010375179751,0,Normal
84.42648300241683,4.425513648983689,7.98457559519701,1201.45890599375,8853.4265524117,113.31637558951577,1,Shaft Misalignment
92.63920130029445,7.131419411259872,6.8834829364116485,1397.5384295691651,8035.376971223272,113.39428919197694,1,Bearing Failure
88.24796099126202,8.054967164998613,8.940482554635436,1412.5770379050164,8098.075770623238,97.56640738374385,1,Bearing Failure
70.34200928235597,8.018724912972237,5.449933523525045,1466.1120440441205,8767.675454204318,83.61505801647435,1,Cavitation
67.8042164298821,1.9496759821989849,8.36738562388765,1507.6559644128704,2601.018250941053,110.83581424396962,0,Normal
69.34825697863782,2.834572602101689,9.029532373517918,1439.5213778373848,1933.1173698906036,120.53844243727481,0,Normal
79.29656919811623,5.9082025351841345,6.824360879150479,1691.0993802418798,8410.266153293693,105.80702361416053,1,Shaft Misalignment
60.44108856165679,2.6556519947578954,8.18807987565637,1438.9216362309135,5099.0968134755785,112.7126554916237,0,Normal
78.38051819148575,7.172894278631478,5.808534412599863,1489.8342080045811,8738.4046766005,83.74449635069762,1,Cavitation
65.07565538674278,2.8422349931206456,7.527094114969211,1430.0358603678383,712.7723798536096,121.06465157671245,0,Normal
70.31286002866682,2.853621764361743,8.537425906107808,1460.9408626990007,6183.859905102489,120.01817016292412,0,Normal
65.72347106596543,3.076891390425501,8.510184527473145,1482.6107640600628,2401.823054561832,122.68444683711678,0,Normal
70.47426240653576,5.310991319765336,7.226394137154774,1700.8236691826908,4681.6693615206605,109.29405080090311,1,Shaft Misalignment
86.91410513233964,7.87130691856773,7.080582186661126,1434.4097667999356,6554.410207614759,107.62058182557435,1,Bearing Failure
59.862982242369945,2.2760390524352117,8.822259245822647,1487.129827653773,1737.4816109307258,113.50462672713606,0,Normal
51.914434412843946,3.300361383932769,8.1431437680672,1463.1425246075007,2720.083007058183,118.1921476372475,0,Normal
60.55314866887574,2.8012834775806628,8.579543262921932,1445.0994304062078,1750.6717462664055,112.1089114296273,0,Normal
71.55784292281521,6.9583179391254415,7.499634918705971,1800.0,8037.352192627093,118.61006704769774,1,Shaft Misalignment
65.38987230909366,2.8038276992167974,8.591401982085063,1418.8566941701538,4962.77603213837,115.93845783855927,0,Normal
84.5512406367081,8.779614119177747,9.014504699882679,1443.209761102596,8520.178882565413,126.78416208037874,1,Bearing Failure
75.30582441578329,7.587225753825556,5.315934495373816,1397.9670210291408,6444.9399985893115,70.72965226243542,1,Cavitation
81.5448044470662,8.756516636005701,8.479095904030608,1489.6078947670503,8494.887877116735,109.82929945177587,1,Bearing Failure
84.13656333984734,6.802895262542931,8.18809381706281,1154.2533818509398,6730.004048564689,85.5944841529635,1,Shaft Misalignment
61.40120577636558,2.3991514093571107,9.488305166940302,1471.0584725364747,6617.940628119389,122.30145634940578,0,Normal
69.06953558719835,2.6936566341258747,9.534662343903044,1486.7172186741327,953.9401952122025,121.81937014350173,0,Normal
63.10824058700117,2.5871908331954425,8.525268171396455,1509.5921052628541,2450.4360388853597,116.25203109311748,0,Normal
77.76471594599053,5.356751568787433,5.416959771926535,1419.5431955571219,5267.9355034154105,85.69521104411201,1,Cavitation
87.76231925984209,7.002304200014917,7.334941778684364,1514.2443905334944,7850.906054695366,111.90073159980992,1,Bearing Failure
78.23908943709195,5.257173941670175,7.232843554230718,1701.9428782694085,9448.981508045777,119.63417447976724,1,Shaft Misalignment
78.0819714526518,5.599942566117474,5.772449275133839,1404.8841422702728,3728.65569437025,75.33568179408864,1,Cavitation
56.70066074871105,3.004218159732867,8.3620184517725,1487.7216256624415,3925.7556119643928,122.24857780014095,0,Normal
69.27647106601157,3.30024942917651,8.752247838427653,1427.6860857898625,2444.7707898562153,118.20355966727477,0,Normal
76.56890186580557,5.834871185832428,5.476356593783414,1413.94586416437,5933.417031924004,80.48664579211118,1,Cavitation
67.81036083590612,2.4749856206044334,8.779635501373745,1486.702392418121,658.6531608519535,121.87656015949227,0,Normal
71.38812877084746,4.08976128321875,7.959416253594068,1420.4227862101275,979.9272667511076,112.14166205410056,0,Normal
65.95430153826267,2.159076655475105,8.038148872256063,1504.2245750949585,3974.9328546121096,126.33930828227955,0,Normal
97.36023159315013,6.282756106372865,7.880501599120435,1500.1920928348247,7257.640105495181,93.33177230465934,1,Bearing Failure
59.800967344865576,2.1354121927759167,8.43134451710556,1488.3116645789162,1486.3289341948407,121.66082681120501,0,Normal
84.91062881632124,7.022163870388417,7.132411847061436,1171.8968948981587,7995.427469590792,116.95177411511416,1,Shaft Misalignment
69.49151274844517,2.0837400355019495,8.67122543958845,1398.9051546579753,687.2089087006678,127.28725628026999,0,Normal
75.83479807197897,6.449728475506111,5.180435988048866,1497.851841506811,7531.011553771967,76.4140964827795,1,Cavitation
64.86015292756508,2.664168748699423,8.199746682293018,1492.7713482558074,5015.368023687296,118.33435793608027,0,Normal
66.0114020381061,2.48926301379499,8.0117999756681,1448.1898279214265,2866.7868694697854,110.13518955988116,0,Normal
59.98309612289081,2.0200601850896387,9.319605466305866,1420.375934152966,1293.3766607499595,124.07371570583979,0,Normal
87.222898461622,10.0,8.341879693653711,1381.5125920475416,8361.74912311566,103.69986026744868,1,Bearing Failure
67.38386276501302,1.9150986540828419,8.095877253505988,1409.728297626936,4658.95847646352,124.79382104531511,0,Normal
60.03203498034276,1.8277492486381663,8.12256690171404,1451.2857258785825,5336.321432985756,106.19383100149942,0,Normal
67.13051565491699,2.5243684521793197,9.216293059112648,1473.3072325206074,5226.5582633109,116.39456786801814,0,Normal
56.153192993316786,3.06969739316844,9.22059278340296,1392.2804108495018,3430.682504114559,122.30932493236769,0,Normal
64.64583046237372,1.26658013562627,8.572503158680684,1497.0176257982346,1560.1370399855311,108.60203272523056,0,Normal
64.9183211882319,2.6922860736469327,7.751414532086793,1456.967050256184,3841.888669156821,113.6901923912158,0,Normal
75.78053718325711,7.067488721129979,7.276385593304352,1157.6019330775011,6666.7230684385695,92.85193864111356,1,Shaft Misalignment
74.76354677145733,5.2634517774592045,5.789592955336029,1471.1169801065676,3527.1697073938144,66.37092881025364,1,Cavitation
59.49991678962669,2.2364693411069125,9.741882996293754,1434.4913253403372,1301.100769626889,117.3992282282326,0,Normal
76.48851040277306,6.387724131349831,7.414085932491219,1644.7126099717916,6314.181142770534,113.39944539742028,1,Shaft Misalignment
81.08626281968314,4.686701927633699,8.44593628772613,1165.8879704038386,6191.990429009604,115.50774290472114,1,Shaft Misalignment
71.5248622042488,3.1862031051882824,9.489902301584728,1446.3707087083556,6500.693858599966,131.2956960475973,0,Normal
79.46172012893895,6.332368474511636,8.779100489397077,1653.9845961935885,5337.42165439151,116.20416231681253,1,Shaft Misalignment
96.42499564060238,6.507956439222866,7.612413392805169,1381.0689154042427,7424.7757738455175,107.56079878666021,1,Bearing Failure
66.98808417026596,3.011166267037758,8.081622154448707,1458.57200928215,3317.9748639538034,108.73534951980398,0,Normal
79.94506385158198,8.473104868081904,8.504894690474334,1184.5657364305675,7938.956323260369,101.19544095833649,1,Shaft Misalignment
102.5571568880984,7.980335046953476,7.803351363054558,1440.3258847192437,9561.210228454082,112.07542350934169,1,Bearing Failure
71.49081575721952,2.390179309003786,8.881761333952412,1488.3950184513956,5877.8716628299635,122.38292804651246,0,Normal
93.56516552821422,6.852138063006043,8.265946924804195,1380.908838587534,6205.420063036427,97.82503455661225,1,Bearing Failure
82.4589108171203,5.51731673635265,5.4441692307118466,1415.1477649320288,3968.501926125444,86.24199755175654,1,Cavitation
60.36766490879442,1.9239227568110304,8.572453984665453,1461.238532846604,4251.7133954515075,118.23166029170359,0,Normal
63.54768412169368,3.939626324023847,8.914945950010045,1431.810644521701,3074.958997291482,120.67373271157155,0,Normal
62.26356058397314,2.939929502572956,8.818271019037834,1498.7443269733799,3806.3851085845995,117.198471757168,0,Normal
69.53218433966026,3.6625376322345424,8.281137212306575,1450.5616327203136,6607.654745072257,114.27729944724267,0,Normal
63.32304473492155,2.63573772856931,9.296976296252723,1448.7023508448267,4182.295917220542,127.5368105313566,0,Normal
72.85662601559348,6.092930234113988,5.191259906382083,1449.5707399070197,4097.537555772508,70.16059540174204,1,Cavitation
72.16641086360097,3.014045905506323,9.215352998820316,1495.879172031238,4602.527509445632,124.7385384170197,0,Normal
76.55721937148996,6.762741156841582,5.8604138567216575,1489.3371537409323,7961.622910291601,71.61108791885115,1,Cavitation
90.83534439630293,6.719030292839846,6.778804533671375,1394.7008128133043,8677.648257014574,109.38579290921005,1,Bearing Failure
85.1795710024678,7.704668437890061,7.922290576507767,1507.2038519942787,6876.236692239533,113.26231489962468,1,Bearing Failure
75.84644011828006,5.795500341230164,6.506530421752021,1403.7484676380693,4005.6855368797765,74.2815297583519,1,Cavitation
72.10636047913108,5.219059200000652,7.281089088240205,1800.0,5576.633197078627,104.36254714496035,1,Shaft Misalignment
64.05797091924626,1.8173007095242182,8.705488082507085,1444.7719869306984,1927.7018005779162,113.94073075216471,0,Normal
88.08389089581595,6.237950976783665,8.34374623041175,1509.319268761991,7353.471463700864,112.31000626785482,1,Bearing Failure
70.2226321490907,2.587597548587584,9.199548739631707,1474.8331978115946,2008.903190374663,124.0485131031444,0,Normal
61.912656635012695,2.714004065231157,8.328997204217671,1442.5776638613581,5852.609921234613,126.24085052079266,0,Normal
70.27527274471275,2.299475801160131,8.020013740427979,1464.6158483294478,4722.810562551929,117.07698051314675,0,Normal
71.89430955593801,6.862402288758895,5.809602984001845,1380.5185164572226,8193.870218236392,76.5659917971447,1,Cavitation
69.34941683815526,5.774651866286992,5.868879202587018,1427.9311248352685,3386.625753316154,80.27896813928675,1,Cavitation
89.10542848358611,9.2655926938255,8.476385376473358,1490.4579547622263,8349.731435537567,96.02573325051316,1,Bearing Failure
53.98534544321154,3.300376835373599,8.633291667714209,1461.1429610575262,5424.070821435281,118.143498491216,0,Normal
72.22533664436884,2.792349615259087,8.653668157240627,1371.9931686190241,1165.082453823361,114.07466210680707,0,Normal
65.05008961749702,3.3072287485766325,8.445797603562609,1504.9913639588092,4370.196210530705,117.47919731185051,0,Normal
64.21243006104957,2.0663722789685295,9.063338339715065,1424.2913871155895,3166.8571192455342,127.2091490442338,0,Normal
85.42691244636356,7.9158368362860605,8.420149076020994,1507.475923312941,8223.483256795836,97.64927016372643,1,Bearing Failure
71.15640869740817,6.100452950452115,4.766184722955825,1460.9382368392385,5703.494956896704,88.37799360148843,1,Cavitation
63.26419258790775,3.0506632903309003,9.10508304768266,1424.2028615871081,4517.278278531412,126.34609996764024,0,Normal
78.41484137731823,2.334483278556268,8.268193331098198,1482.8210483354917,4222.8385091049395,113.11293522333136,0,Normal
73.69564599377055,7.684170406340632,5.039278953967258,1538.1702022959262,3971.897561578946,86.38691908508338,1,Cavitation
66.09359133070744,2.399911155580964,8.494001327686139,1410.8790790590972,4459.947308000806,127.60893045841856,0,Normal
86.48361343985599,6.679330480556437,7.855816604958967,1582.4835446505454,9004.106774453312,118.0230671078473,1,Bearing Failure
97.21694063712967,7.388681151202199,8.209360013814774,1499.989465997766,9982.416807214024,98.69750704995563,1,Bearing Failure
62.100605325891884,2.5968482216526625,8.578922536651953,1425.3491533390177,4010.8372134219258,120.98796744800057,0,Normal
75.3395419606887,8.926463674606993,7.5977869785183705,1715.9052810213755,7615.9437994760565,114.91191112926666,1,Shaft Misalignment
75.25045074285399,6.555856451551856,5.766815080394973,1384.6660334677604,7136.284010019002,81.95552738794885,1,Cavitation
73.31757236442823,6.617517619158097,7.752046968858352,1221.908860979972,4192.98186168965,109.8574714745546,1,Shaft Misalignment
67.0754383331879,5.794226516904635,7.025629133333788,1265.205103902956,5910.086608681338,113.89153824787806,1,Shaft Misalignment
76.7338545145045,6.826744303106293,5.400606817414552,1496.6610257790142,6203.728382387547,73.10907482108536,1,Cavitation
94.6079809893373,8.21634008054041,9.627289240026393,1418.263194236518,7825.3036952895945,104.94724402890954,1,Bearing Failure
59.15895631897392,2.555002829702658,8.759732220306754,1467.7141397535395,4601.459946634022,122.9503704636664,0,Normal
74.8310515220992,7.190401988425349,5.158774630165688,1394.7711685616173,4489.001408364979,80.23631335154249,1,Cavitation
64.12516194758811,2.092980272084769,8.249823553587646,1399.6918533656303,4407.164615570026,112.23983539359745,0,Normal
82.49479231333765,6.932838892362237,5.836180194954192,1368.5395480459974,5613.718876619697,80.75200085044028,1,Cavitation
56.359213401987226,2.053772201328038,8.215457334759828,1374.5535462891849,4847.940527022804,124.88422715367462,0,Normal
88.61354627406887,6.253364146973031,7.637064037441047,1227.8552876927934,5434.184288724063,104.34342772782905,1,Shaft Misalignment
65.96703183594859,2.5358151283478416,8.553091459720108,1424.4876522856025,6109.687065126851,113.41181906514419,0,Normal
64.08801506308721,3.714921364297508,8.287532105131238,1444.7296724723287,5996.570950747622,127.03211323645606,0,Normal
70.19264093244746,5.948287209439729,6.143881924280884,1499.7651450264611,5128.024959661862,93.8528112212108,1,Cavitation
68.13705813207099,2.9368118138872843,8.651772719415671,1421.3625506886879,4460.523601810642,118.25169396798228,0,Normal
66.76839797752852,1.6854205330306558,8.43660537416703,1496.1507415635426,2476.2565022886674,120.54921165659427,0,Normal
61.041069320171104,2.735772437904065,8.779889247393312,1455.8408446817775,1697.225415901914,107.05956375255738,0,Normal
66.21993093998823,2.6151532030216678,9.56607323007185,1459.8539181179399,1509.907313589409,114.33451070912334,0,Normal
77.28662140543383,8.098221474546747,5.730958832669259,1479.5568058961967,7163.180053970367,100.52788722978184,1,Cavitation
70.54588665999877,6.292252609576269,5.868423003993928,1452.3442929509195,6736.479685771359,72.78388700914738,1,Cavitation
89.36950173073728,7.271884720475206,8.873265977296652,1479.117548029087,7499.101185653973,120.13112153899134,1,Bearing Failure
77.44627267538164,6.686353555014533,5.380553662987132,1453.3919256958468,3975.066391784738,61.84058134275091,1,Cavitation
65.91085313856051,3.0351265807421646,7.886492961355732,1422.8037641301266,4509.7575911953045,122.07223057186971,0,Normal
71.07735271039894,1.7657984367635373,8.590468913501999,1470.8411475732562,1530.6739913882832,129.75145705285374,0,Normal
76.69510495663162,7.767008626634791,6.398701305699275,1475.9367217938243,6459.7967873025855,66.84421314981346,1,Cavitation
72.83695604096813,5.895319149872589,6.5390515280033386,1136.1499418634044,6931.738083387208,102.90026038626475,1,Shaft Misalignment
71.70180972740042,6.010709409439418,6.312820548323144,1373.978507392794,8046.341616184528,75.77602302603844,1,Cavitation
86.27568368144814,7.468359693378797,7.248176222629585,1489.473501544072,9254.93396249617,100.91444894909661,1,Bearing Failure
91.47497765506861,7.483124994275647,7.625046349230592,1469.2046537306242,6848.520283482444,102.50227387959616,1,Bearing Failure
57.130482879008646,2.0397700517838375,8.973780592819042,1502.647646812657,3365.0547415515525,106.72211710894743,0,Normal
58.85923147784252,1.5037172021179754,8.306288699940202,1382.415727186469,6274.563714055647,107.15426257503506,0,Normal
65.34545899739923,6.486936557399927,5.393370339630746,1430.5078472791204,5839.342416636948,67.79141854423543,1,Cavitation
90.29045008727086,8.503304541475481,9.393652799258255,1480.0293028423828,6119.9625510408,102.3567904414966,1,Bearing Failure
67.34968116539697,4.130171820603305,7.538842906263584,1458.3106351596762,614.6041580711606,123.88490064119615,0,Normal
62.73787867595479,2.0394957779957137,7.4280165841890025,1454.095287933906,4194.35793250936,120.11733898148479,0,Normal
87.68793531509773,6.781576760315156,7.867727647433498,1526.1512355310715,6596.358995072991,100.3559821859009,1,Bearing Failure
84.0425827667147,6.289441353694489,8.265881800861246,1544.9531130230182,9818.418811121324,109.60027501103602,1,Bearing Failure
68.1342155372391,1.4177890864620202,9.462537914931545,1436.4720633345669,6442.8896076388555,124.2156264925871,0,Normal
60.54200312398996,2.628818349822324,9.012543654286832,1415.162093178655,1998.8723175302673,109.27572041997047,0,Normal
61.37462531496749,3.3828194219518997,8.387400285408397,1416.2669458709613,1531.3097874815508,107.59148767985317,0,Normal
62.640776894222476,2.6665323820959173,8.66481276558737,1413.5989421382453,1111.286493848248,123.15977025352373,0,Normal
63.125401639747125,2.1054750496820396,7.854078366244595,1476.6409942217974,6515.435349810466,126.57649427444814,0,Normal
64.89866558431184,3.056126019676543,8.070737953287768,1467.3461065663696,2175.7254604478003,106.18557437834595,0,Normal
71.96367059377513,2.286502523557892,8.096404067982043,1463.1306818182861,2428.4112726755357,126.82105781365722,0,Normal
76.42574286108852,3.0763189436874625,7.930229651130155,1442.9380116406808,4097.771016767633,125.99237723586899,0,Normal
73.04866234534191,5.41983627787548,6.1739976993136,1388.5610324547492,3366.6424708135983,84.69706463934858,1,Cavitation
61.963384772645426,2.756606062605958,8.147819837889559,1458.1942920087076,5015.0448683630975,112.25269829032,0,Normal
84.82666068401197,5.078650054681453,9.226604336385423,1237.3183037648416,5265.002489016199,102.13617329826613,1,Shaft Misalignment
94.48372725372501,8.27873978535955,8.306954308996199,1488.2731634455843,9665.405574770717,104.99376823100128,1,Bearing Failure
84.85982564598008,7.536385908587025,8.595939485521196,1704.1385805889263,7921.716013922474,107.12299617660477,1,Shaft Misalignment
93.68890007081266,7.592560617171435,8.946941923027973,1546.3118809125715,9632.04650985686,112.95267212482204,1,Bearing Failure
67.7000890086157,3.137300468553196,8.338242526607772,1450.5714884753595,4361.680148790263,127.2875552307158,0,Normal
73.33294671687771,3.0192249823579385,8.20665295939367,1477.1106626472322,2025.003720014015,122.12005087254643,0,Normal
67.1278955778948,1.7611547302964186,8.283375950130992,1491.500362097503,4061.3344110436747,129.43055178545646,0,Normal
75.67669173946146,6.994447375508908,6.1230030935572755,1331.4170319570553,3640.2709146141256,94.33655722342304,1,Cavitation
70.53647128692805,1.9412871805278746,8.356181269481494,1444.9733845890992,2928.515520017002,112.52312869927815,0,Normal
82.2828337564822,6.65532273670675,8.043214273522208,1460.391858562525,9409.400466735337,86.74384821435353,1,Bearing Failure
84.59994646038034,9.090782651043359,8.025785066207511,1540.668704316659,6461.731118697256,105.0562720524441,1,Bearing Failure
88.25696872227854,8.005819729288492,7.979083086172291,1487.0093850743533,8939.365963408256,102.26906582460627,1,Bearing Failure
62.83166400457197,1.5592468869312184,8.669768540606135,1472.1240900255684,1870.7482982837207,122.75174294805241,0,Normal
60.515647964981625,2.9100474412932744,7.876656753064895,1521.385625624309,1929.6323426644078,121.72441914716437,0,Normal
62.13146656679284,3.0963904543268796,8.594988220637413,1500.9522142112385,1582.1810997221444,101.99688405393712,0,Normal
80.77961741488512,6.7836784496988525,8.298753135281052,1685.726357365579,4616.655875894844,116.61211402411614,1,Shaft Misalignment
69.2927573505169,2.5968322297807056,8.372937088404948,1428.073484842394,3065.2290754913215,114.66152315623233,0,Normal
67.20812533907109,1.7473593641634992,8.16723306649566,1480.329791046192,2871.0947869066113,105.961033187662,0,Normal
65.05968390090693,2.315465958891243,8.721698975318029,1454.05241132885,4331.560220106105,140.23942199401563,0,Normal
71.9704301418781,4.890127021511181,5.4303645646882615,1410.5115273392341,3027.9334894006934,75.10886687545668,1,Cavitation
71.30136281099848,6.794041087164017,8.597676502734958,1735.0224141963,6498.906945530551,97.77988812420368,1,Shaft Misalignment
73.40043324669733,2.1979005574852244,8.889965172305766,1507.1915928002165,3690.0244110951207,123.21105112624304,0,Normal
63.21016555623301,2.7093602964106682,8.305595107270314,1475.3458785628554,1025.6533479086893,130.16070420203917,0,Normal
61.99738633009761,2.7386411461994022,7.507019284154948,1439.5141384111766,6856.599031548728,129.06678394882633,0,Normal
59.14258435014507,2.423807312077012,8.084014445960735,1473.7803601052588,5300.574183405712,97.8924466911296,0,Normal
55.68929620377328,3.2052614539579505,8.306424518197158,1441.962887922038,4552.943047038294,130.4888131382305,0,Normal
55.16975793516041,2.766025589261425,9.361313830352275,1329.5790993474593,3104.1407872221816,120.85213261059127,0,Normal
71.9901548251743,1.92298503098449,8.144607250699268,1430.0893270266781,6506.585844546753,124.43436717965176,0,Normal
76.98183478233676,6.169747767970661,5.3767510985655464,1480.3973783502877,5652.93682867687,76.60508703798276,1,Cavitation
62.51518433539749,2.4490200418671115,7.8339371173616765,1417.617327916417,4916.407682807886,135.2153051893,0,Normal
87.80296989606431,8.537806941527105,7.965812426211751,1397.0166927034984,7581.016033938222,116.24176785112353,1,Bearing Failure
57.86167494766201,0.6324835359445486,8.60774673399309,1496.6351124582911,2974.1999535334726,117.50432549507052,0,Normal
63.60103917150508,2.426708652343121,8.568644389743833,1498.4861839347398,697.7450435563476,114.78172124218632,0,Normal
72.89044900499039,6.291777290387247,7.624557781130434,1216.6624236281502,4344.6967408608125,118.00309545788696,1,Shaft Misalignment
60.31615699663553,3.518805810931752,8.584050730630798,1421.0820993105979,4671.0595610844175,115.3552815932222,0,Normal
73.80293811343692,5.082923442078178,9.018669848574325,1217.9490847730056,7772.199708208205,109.48078341012892,1,Shaft Misalignment
71.23444209901344,6.076102416468587,5.862566495384838,1404.0420670762999,4966.805811852658,76.54597461179368,1,Cavitation
77.51585895452855,2.209609396239668,8.849606219335993,1385.6943475790722,2435.6159759904426,120.99818790328925,0,Normal
65.39535134104415,2.920043617795744,9.139205447630944,1469.9092043823596,4671.290791291151,115.76523581064535,0,Normal
61.920219032432904,1.8857614877516982,8.142751954348451,1456.1337907040845,1458.444560230167,126.56185918644788,0,Normal
64.63716756520405,1.9900550483439248,8.095669979171143,1478.8337440852274,1929.5095622559325,115.60698815208337,0,Normal
72.61446597145883,5.800185056342026,7.820683865627917,1159.97843991748,8919.703496811353,94.31865767995805,1,Shaft Misalignment
95.42109224412485,9.050078823961092,7.360858183357785,1395.1840104638163,9452.19217376532,116.92677527741493,1,Bearing Failure
60.30066389989259,1.868036019627899,7.691255110379213,1466.242863278402,974.2391154342064,112.6371310695446,0,Normal
62.362754835372726,2.46380036654796,8.844247274991046,1386.6604239554754,6295.304417156437,115.48957228556499,0,Normal
62.181230734284306,1.6468710416932664,8.810935036245501,1450.033355668249,4254.961223111964,108.27606756165576,0,Normal
72.916949767135,1.3094209300656345,7.98494128828341,1359.7883272143104,2733.0519248000505,117.40228004220197,0,Normal
70.76567439339591,2.7944232280960724,8.0202916105564,1418.7506281817919,6490.169742292741,101.6098856125716,0,Normal
71.26867393109868,2.0410904630151383,7.602008632707989,1459.5150062539547,2766.5363198506384,117.96313611188893,0,Normal
73.18267703097517,8.075197065651539,7.301128158762315,1456.4834950476873,6585.647951632666,96.79788280038998,1,Bearing Failure
70.95176014478206,3.4432932879416294,9.011224136427963,1428.6627301353003,749.3650988120573,120.30033473189457,0,Normal
65.41500526026424,3.170922915855635,8.052638500280679,1508.0338934292854,3961.15628897247,112.29686912300633,0,Normal
73.32649266011818,5.186457427294465,5.705106627047593,1400.9154641921461,4071.8519435134763,81.46152796929981,1,Cavitation
64.88794068103061,2.2287141894456504,9.281266206773905,1435.9181857851327,2317.4838397653493,114.34525322948319,0,Normal
74.56100210304467,2.803854698168408,8.781645947885599,1429.529441730654,666.921715083726,124.6153374432295,0,Normal
72.71685607139047,4.644913934224994,5.83450175036853,1409.1209206611154,4875.133627945838,78.2619811802352,1,Cavitation
61.09592701458544,3.826842145558121,8.952822951651898,1456.0927917281824,6804.516228178632,130.31305468349956,0,Normal
84.8729957979511,6.850681994883583,8.081728372486939,1477.1873865226291,6746.002333619215,98.54187547241999,1,Bearing Failure
72.08291911672346,2.6820354251186687,8.576515876390575,1384.7794848943577,3138.9472356609635,123.72171265075978,0,Normal
54.812931733231714,4.011824846425784,8.48123551743718,1415.781931529244,4739.290004248366,124.94182593680797,0,Normal
65.60795769787006,1.5883528654754162,8.083799261619971,1476.2417426881184,1346.4816513304859,110.1584630664282,0,Normal
76.78392194957296,6.683594724307306,7.503509797999306,1800.0,4950.150553065819,105.55453335157699,1,Shaft Misalignment
81.55533184757262,6.464856420595292,7.642422626795117,1727.937802546877,5085.22683816833,116.56006669451128,1,Shaft Misalignment
97.64846281272128,8.295432706807432,8.020422098737667,1466.1870357639962,8036.915255392444,105.11593859325372,1,Bearing Failure
68.40871704407571,3.077501731480061,7.886910321093659,1537.8658421991581,6079.426968446905,119.98985717210003,0,Normal
89.51327802017718,6.5937818738073055,8.91458784741415,1348.092965895985,9996.598267114636,112.84284753263752,1,Bearing Failure
64.96006006192943,2.4520804588887946,8.31616908479291,1483.7235799285131,5222.582649669826,112.43409503702225,0,Normal
85.49152487529902,7.235375554954485,8.489431865057039,1724.3379442914622,9474.382741348527,110.04653440534112,1,Shaft Misalignment
73.4228987300845,3.6063392152011704,7.882359752616862,1405.1138704847601,1193.0535230878863,113.75074897495108,0,Normal
76.91081340680404,8.17375940771791,5.697883256967569,1445.2554347654454,6811.922344113579,69.64320168497265,1,Cavitation
67.20880324824739,2.605362129882622,8.424024438264007,1482.3703451249319,3144.616699005449,129.85862884171732,0,Normal
77.09308628025941,6.524798634628607,7.380997697908177,1787.55078762435,4876.671866242712,89.87471034701124,1,Shaft Misalignment
87.29738063886802,5.730289166874714,7.8233970977992415,1373.898137283123,6955.260308052717,112.53131285594154,1,Bearing Failure
78.2100595524631,2.8588594930284796,8.524664082897422,1478.8978794088391,4496.869594685085,112.73643429181907,0,Normal
74.47764365805268,5.796434610743621,5.775192249636589,1498.848557994446,6600.50467142502,73.37267009857439,1,Cavitation
65.74443301976885,1.5909310382503117,8.726637021066589,1430.0723231719423,3648.3929837272767,111.03459545963203,0,Normal
72.30052953123901,2.0577904745288427,9.219381556211681,1489.3390576225024,729.4646543414527,116.47682685510401,0,Normal
62.50792839096268,1.9572092145338862,8.976472630355808,1417.4005246275956,4889.238502131346,126.47789349217656,0,Normal
76.87891066842387,6.440050660693574,4.819577429265904,1451.9369304595853,5432.629368429263,71.63201826704517,1,Cavitation
68.14710623541716,2.4962137818011616,9.220299946039695,1483.1656592223355,3303.040444038946,113.3031493860247,0,Normal
90.51629085734359,7.306730116621667,8.306937592489886,1332.8783759535954,7839.93515839616,118.26695182976616,1,Bearing Failure
66.90713456484146,2.98661167949521,8.550226154656619,1410.1764998830092,5420.830424619741,112.11183180663144,0,Normal
60.51596810667086,1.9765399352866586,7.267863974134277,1455.1970956821526,4655.320662901904,109.20666647879384,0,Normal
95.87901872254808,8.904790841959759,8.661650018575267,1438.1183668241558,8416.879520371405,107.86684819874343,1,Bearing Failure
73.83119930149702,2.8011925944333,8.223145503462074,1421.1706405129828,5769.748023997682,108.03566770801437,0,Normal
81.81115273653553,8.168353967843458,9.225794918190111,1415.3558684662337,6730.652195428054,119.91673858801808,1,Bearing Failure
77.40250116567829,6.4603448048256435,5.445881840417658,1470.0430505733414,7004.391747364845,76.54875172226248,1,Cavitation
69.28514368409614,3.2844332923025363,8.262612146076266,1446.7021317893182,2011.1443862635413,129.95870119450595,0,Normal
74.01601913177565,7.237687171504676,7.792698415437299,1435.30278502244,8663.657332033043,107.52858245898352,1,Bearing Failure
71.62631801563694,2.5345736578957574,8.376723196212005,1473.1832499193922,1507.8881891806873,113.03280943625653,0,Normal
72.21146259175761,4.896935348771422,6.217381217345043,1512.162752677354,7670.084445706351,79.11437859300558,1,Cavitation
75.5434645618151,6.730657925208357,8.500171483736517,1195.180213564186,4773.593365785167,100.03722466910301,1,Shaft Misalignment
67.38939468048025,2.9785061841268745,8.390720830830793,1452.0949135889998,2047.6865785685118,129.30795999757905,0,Normal
86.58374638199037,6.263453420359065,8.109002123671308,1134.6630518348181,7726.790159336432,108.74683951429155,1,Shaft Misalignment
71.15520043662603,6.1126852001603735,5.2022123358882775,1416.874142684663,7313.458891951265,91.26192440021568,1,Cavitation
70.01682946364573,2.8290779641243424,8.912707298911542,1380.9514415216845,1002.407705478028,116.73374389148515,0,Normal
90.69047949687466,7.854309381518861,8.63246447866245,1426.750521105674,7029.644920786822,112.12504442092161,1,Bearing Failure
68.09549415505953,3.0278432045319312,8.050488443137619,1374.9321956615627,1543.8146597003179,124.12684262420264,0,Normal
61.14251337738169,3.0199441742939923,8.663670756813525,1488.860870604092,2958.4249098464006,115.96730536695861,0,Normal
89.0809728793989,7.521404045400808,8.826368403862205,1406.291559046915,9315.450292670206,111.81953881309822,1,Bearing Failure
75.63308056067602,4.84984602069912,5.424857523390673,1488.194527706924,8096.870672908229,69.59126266514505,1,Cavitation
58.149866863177856,3.1392257633557614,8.370977242194419,1500.7433294258988,1056.397093347994,123.93130205084421,0,Normal
92.55297560965496,7.319077972340129,8.672027426626798,1427.2276661546844,9611.459175166563,75.04733109200384,1,Bearing Failure
66.79273856939614,2.520796859234311,8.348155905161581,1496.9041583497203,4506.683330605572,117.8396324435517,0,Normal
69.71212299363239,6.483767722519186,6.521899762250595,1693.075005650283,7647.06119274843,118.62740826998963,1,Shaft Misalignment
69.6227682878665,2.1911815532102574,7.508184263551809,1471.590657212966,6657.700328525047,112.40319804747996,0,Normal
86.8916445281231,8.038838703537095,7.514669066778683,1315.3491074699127,8872.9770797906,103.32604719071878,1,Bearing Failure
63.55968055064916,3.204367394620836,8.57510820712675,1507.1267706493313,3623.6343111638043,117.38105047244999,0,Normal
69.56790288107182,3.3157288998948733,8.236386944697685,1458.3119913103071,839.9945478129569,126.5853680844684,0,Normal
72.01937110476582,5.585794998842101,5.2459064460307685,1385.562905219016,5384.145268713473,68.07661986028599,1,Cavitation
75.16303491384045,5.901582696291832,5.724879905591223,1437.28049846789,7331.480095871015,78.73697025658377,1,Cavitation
80.17797422059613,5.326369607453202,7.304255349577224,1777.6456628102405,7800.063135391572,116.06457152294644,1,Shaft Misalignment
87.79291346307177,5.573589535406181,7.852851640672452,1154.2588051819637,5457.119874223233,98.5354179047969,1,Shaft Misalignment
65.2482188178376,2.3694088655289596,8.223360713565965,1400.7056998271462,5756.824488637278,124.61536328547434,0,Normal
63.93333541899459,1.8163256532684748,7.996410942996557,1433.9032716919191,2543.934923747568,129.16752338082026,0,Normal
70.69645258829573,2.4961532695768955,8.518633804794675,1415.2508306883308,1536.0443532485563,113.75489902050192,0,Normal
91.18615656936527,7.648876803917691,8.827097401493402,1590.6192431687575,6201.2917317386555,98.22809762346705,1,Bearing Failure
75.8951045711476,5.235292270412037,6.43880950661586,1460.616307033395,8917.948251874775,70.36547007080814,1,Cavitation
85.9724485805955,6.048973881384594,7.700386521003908,1800.0,6772.390521211702,95.53199905818668,1,Shaft Misalignment
78.17877699072855,5.859845543165388,9.038620737142594,1177.875793872859,5887.135340293552,81.4230810595691,1,Shaft Misalignment
64.29723257248784,2.12125531825558,8.799725343160851,1465.4284336212581,4139.240576250395,113.52087920728474,0,Normal
73.97321388060593,7.429730726192352,5.9276700500454655,1418.6061230489738,8247.477098324054,68.79864927866566,1,Cavitation
60.830506574666096,3.6733248503735245,9.261001624617776,1471.9266223580494,5509.085870147159,110.14624237864949,0,Normal
71.68696997456841,2.960192758828022,9.000915605630766,1466.0201182745109,4010.4271493471165,122.76496275721156,0,Normal
78.0779029734175,6.1000386504441355,8.952427843396599,1693.587685251009,7767.320900124129,90.0740400586959,1,Shaft Misalignment
68.79961610670654,1.858847158213921,7.47979456742582,1457.0505526068198,2337.1569038965263,106.38494924386988,0,Normal
69.61668470851242,3.6261395652260084,7.999654941829258,1420.5032103993835,4889.525346607347,116.48104830072944,0,Normal
89.04914977755342,7.80337780870011,7.51803854698356,1428.5718622734087,9412.736288323124,101.87148684553324,1,Bearing Failure
69.9076643764956,2.6649476264725043,7.804552934370615,1430.7063369914906,2171.1245810682262,101.87158324680574,0,Normal
68.53448145459257,3.260364187791029,8.306881455644316,1494.756490868287,6523.172788967394,137.76962715417568,0,Normal
84.20092375661015,5.226400998964218,7.514575880157498,1100.0,9458.959384480127,100.5480828785299,1,Shaft Misalignment
67.80738416125013,5.892852323372688,8.684921859989455,1141.7259389778958,7857.034533713388,104.5645432792112,1,Shaft Misalignment
60.96174721126618,2.2650580135863763,9.252531019304165,1406.7998956647148,5585.572756188984,139.510853652634,0,Normal
83.37161670733963,7.884175881337664,6.635725453246997,1526.1559763754956,6547.02009445355,115.05450335078079,1,Bearing Failure
80.21673076500235,7.660134896982872,7.591462090181746,1369.1594068504337,9191.611035576505,108.70705567115584,1,Bearing Failure
67.6021034747721,3.4638791388885655,8.909034096479369,1480.373633209868,3762.603632854546,119.03609681091454,0,Normal
81.18305794451982,8.559681933804518,9.385150264691468,1519.3097018936205,7669.477127831867,92.43819973278214,1,Bearing Failure
61.641431715612924,2.8472854658707334,7.397913307293741,1383.5120201710597,6376.701385474633,115.22593345584568,0,Normal
79.53917214989511,7.634088685583331,8.653782025413035,1429.7240010638636,8096.495670655986,121.89919834506821,1,Bearing Failure
72.3829658224663,3.0297334775389437,8.819274721318074,1481.7787000315332,806.3531359895694,129.10474893883256,0,Normal
75.91053016028664,6.329225866910313,5.95625993988861,1351.7551358511578,8607.348435259692,87.23912914108315,1,Cavitation
75.0021875813251,6.438770624798023,8.696703279665423,1691.088991668954,7986.7896946893425,94.28691672329026,1,Shaft Misalignment
81.97168903597849,6.5450692148531955,6.569990365855345,1770.1752431208208,7823.364859534443,78.71478859602043,1,Shaft Misalignment
73.42174258062491,3.1000130290556935,9.348716090668384,1422.764683819684,3169.7550326915784,118.05551040895307,0,Normal
92.53277028322577,8.805861086186813,8.681882927763588,1499.9878197039006,6087.228250060427,101.62203736942672,1,Bearing Failure
81.07526177039641,6.790087899635433,8.030730373186373,1177.647827585076,4218.9312577214805,119.5431010179649,1,Shaft Misalignment
73.8083754759699,3.2341641300745763,8.261497140839321,1482.434468641329,2802.7271886295675,121.19024507845845,0,Normal
62.23642635696042,1.716305379712628,8.564682169139875,1393.8220699666695,5644.962021334798,127.2799227807562,0,Normal
81.31714668991484,8.040456804789176,7.265317478362735,1304.2424219395907,7200.929397511783,103.3989758630795,1,Bearing Failure
64.56299145154411,3.1375764984327934,8.961213875309156,1457.3933155343636,5214.21875506749,129.5243118749823,0,Normal
74.53460495324235,6.6251956600097754,6.2127357709975675,1474.2011738542494,4464.4800627749155,88.53654330461578,1,Cavitation
67.40340632110197,2.649932534898298,8.354567414904663,1471.9228463219704,2706.9379743495065,121.03494136808649,0,Normal
76.0463526829564,7.93131261290137,9.560625250038633,1202.5887692937345,7929.247277195844,105.39849304150326,1,Shaft Misalignment
60.5553787258762,5.385197513252853,8.475825134710032,1164.5469870711515,6403.342884986679,105.81896675200791,1,Shaft Misalignment
75.52220030651776,8.177208521350183,7.244314711852399,1466.6196712256276,8963.532826887942,118.57340466746174,1,Bearing Failure
71.73470622194498,2.9644136644426315,8.496259601629626,1458.667563899907,2425.6623965590966,122.365324411856,0,Normal
94.23192572391841,5.507814433650786,7.798378482392545,1532.9834439148963,9840.233103059094,114.27097478891136,1,Bearing Failure
96.93748050855079,6.037631471529209,7.310819210987602,1356.625966641239,9865.305052829075,104.0041177879207,1,Bearing Failure
77.30747819278552,4.916392065579803,9.463370931380128,1221.1116091019671,9217.597444966448,104.86667152963538,1,Shaft Misalignment
90.68436362241385,6.9987658922097875,7.686020014430497,1464.3132972264243,7855.239298697505,99.97883820135955,1,Bearing Failure
76.21121652440493,4.847587609703195,7.941268695712192,1700.815787246186,9242.185368793807,118.36381803453187,1,Shaft Misalignment
68.70901354986538,6.332705294374183,5.502287807378492,1456.9431994600275,6655.430133431534,93.93818777393285,1,Cavitation
78.26186182127752,6.639825271326053,9.378759679465768,1128.0750331192887,6827.288504114512,100.07345146786597,1,Shaft Misalignment
73.28057446440178,2.435677172741111,8.715804261438299,1506.1018408888233,1050.2245749416695,129.99675946589696,0,Normal
70.96551836666134,2.415830179985579,8.23742073465087,1500.0114765176493,5328.339760301627,112.52997011087922,0,Normal
80.56189338479193,8.46089167501546,7.950321371107767,1344.4526682931587,8970.537131470084,110.07376882763421,1,Bearing Failure
68.10466697806996,3.225718840681761,8.355039423487492,1414.8064277559606,1402.4706765619042,122.67070095261892,0,Normal
78.88623492457805,5.666862219810439,6.895572740539862,1140.9129763887734,5140.058182169905,91.74115923046311,1,Shaft Misalignment
66.40445563300585,2.168325449472892,8.20234715115301,1507.4342585634358,2543.0467117104995,122.27653432379621,0,Normal
69.42163916962899,5.0772803947254985,5.834209840394053,1435.8924007482353,8351.21436355852,78.33415193488739,1,Cavitation
69.57926529157042,3.4490582217768875,9.350506205268362,1505.1920621275165,3283.163747743344,114.63952251307728,0,Normal
73.54942317500296,5.167395588009765,5.537013970298007,1399.852859845496,8707.58501636766,75.94063537848581,1,Cavitation
82.59926851062698,6.077071654997271,8.029259359310648,1183.6680494084437,5837.0039535462665,108.82540820495068,1,Shaft Misalignment
89.02623695582288,7.633678838237623,6.812578635418644,1471.5244832864983,9997.197903853994,122.05329032897609,1,Bearing Failure
81.72569635622602,6.5491546655409305,7.773716418428757,1491.0695814818137,6207.504423987966,92.39992102347745,1,Bearing Failure
64.26430247592947,2.106025557520177,8.93699487550344,1453.137569843347,6002.603096025118,126.98346294060366,0,Normal
82.97998732946172,6.896106348854295,7.4859756477082176,1416.0921176924555,6028.5100113144845,117.87181046706091,1,Bearing Failure
60.60910007708236,3.3408151916098485,8.549179242068538,1439.9686564404888,2539.4322667447277,118.91147824052881,0,Normal
66.48574719522034,5.110889283932997,4.95909277306682,1486.2619925248134,6823.881778002796,85.70085819261323,1,Cavitation
66.88839693353117,5.8866452058927,5.865775820088747,1434.468538008156,7670.810039491111,76.62085840152615,1,Cavitation
86.54173562413152,8.905428681535929,8.111205271183872,1388.8807731218403,7060.17411484537,103.30786341834454,1,Bearing Failure
84.03107268831089,7.5746280098168475,7.561074443595109,1406.2256240067766,9087.272848410563,100.91580149868683,1,Bearing Failure
79.90936042018082,5.231191134378242,5.998673363269435,1527.9083177506473,6589.109488360177,70.30729082099514,1,Cavitation
64.5154291038741,5.008982663894452,5.362856521399808,1421.5678844529937,6945.735563412134,84.56350515330833,1,Cavitation
71.69259754290636,1.9622000002168025,8.257204943977495,1519.51619047341,4619.113332250221,112.19920915370449,0,Normal
84.76761695996294,6.8573076760354486,9.169015391824157,1676.7241966378558,5193.10651826294,102.00976501179701,1,Shaft Misalignment
67.90264074458919,2.3110566568490736,8.414627455832669,1397.2525975629524,4322.310169246645,130.2840039718753,0,Normal
90.14017658363234,8.501868807621904,7.840180994696526,1546.1534314408987,8351.11596727402,108.48079883698492,1,Bearing Failure
88.49718905121398,7.973336675554967,7.979137352703992,1481.475080982857,9192.731958299371,102.27905602515834,1,Bearing Failure
66.80131108341915,8.089895594810693,7.495892216084903,1702.5114582209321,8285.628131063859,125.52488928796899,1,Shaft Misalignment
72.64898330607345,6.612332214002512,5.310705805005672,1380.9204140768209,5815.06497655663,63.61428208472714,1,Cavitation
86.79657291606539,7.4220772643214845,8.384702021245111,1540.5351336560143,8186.054834804814,116.18338136793128,1,Bearing Failure
79.09673453191273,7.7416606639722865,6.056800616987347,1413.517679896921,3658.002233860518,82.66440584771108,1,Cavitation
64.34199713113448,1.927628260049009,9.009253025585773,1420.247352811498,938.3928131521939,126.46842463029103,0,Normal
59.006478841610246,2.7812217803496457,8.14954590830861,1416.401485185112,4247.445679871152,106.25969849999291,0,Normal
66.43008077698522,1.4079104709726167,9.068876521145501,1397.1816891966366,2049.506998997543,128.29660234581257,0,Normal
64.7546039788659,2.881492541888571,9.025790522713248,1485.6819121370909,4804.609058889622,128.13652435176124,0,Normal
72.73126977836728,5.515053874882968,7.920322659384766,1201.6486464021818,5561.153815903751,106.6392406359343,1,Shaft Misalignment
64.35561310655623,2.194543716813058,8.742679953776594,1416.0358059603911,1187.2096428023767,110.05131937754238,0,Normal
76.10240310760595,2.395083018593991,8.397879755167414,1478.791060779108,5473.736319376693,125.67291511706627,0,Normal
60.862456637378386,2.742290436308725,8.614414679589485,1462.6295825428317,3538.0509979331046,100.64194867010985,0,Normal
72.88715790489391,4.687511309663687,5.920704558185023,1466.2625837927171,5148.511811360269,87.43410526863383,1,Cavitation
66.67447220876146,1.9624024880981286,7.8200154049404125,1499.1119995140675,5101.660873557729,107.0575950894773,0,Normal
73.54779258994425,6.444145171087257,6.207877243326035,1480.123671814118,8153.918346192701,72.90563918760354,1,Cavitation
76.99939421475308,5.4339616371146064,8.589742116064597,1318.4186802812972,7131.8797570217,102.48448099815863,1,Shaft Misalignment
87.54297444585225,6.725090329170826,7.627864533787813,1771.7616377352272,8478.149536714762,112.75772399600932,1,Shaft Misalignment
65.73133879390438,6.4621540960596775,5.7454034527497235,1506.7319849910527,8132.4969277870805,72.62466151628007,1,Cavitation
67.81144458950206,1.7160351840081194,8.655488172507111,1497.2896155943379,6905.003411741387,127.87033401562564,0,Normal
76.6189454232095,2.2256177010742917,8.946089734303879,1446.559977748368,6799.684975595305,115.8488982371217,0,Normal
82.99145339993497,6.800600001229167,7.169665308982822,1174.7462113534266,6163.283711013788,91.70201639958353,1,Shaft Misalignment
62.782929263039264,1.893645503563728,8.542032405597926,1464.2019442638461,6363.6881199159925,123.28616271354316,0,Normal
69.65935935888946,2.6814032134923402,8.554150318018042,1526.9432905120723,2527.1113521027673,118.47848161280535,0,Normal
68.64710969175168,3.180811611956537,8.804368448045937,1466.6290203991914,6029.749449809243,118.93751512958019,0,Normal
75.11457994219066,6.937410779540167,6.024427226954155,1416.5311695891867,3833.233367495601,80.59154224574615,1,Cavitation
71.84902272596297,2.953848728831467,8.803741780008403,1502.799857940787,2118.3912305048425,125.78596784333759,0,Normal
69.62245409286686,2.3173115095658154,9.87185458466843,1468.6905670013546,2265.3930032725852,133.08238881053285,0,Normal
89.29753501404159,6.731934962568692,7.60727154754549,1437.6220822444805,6854.978034443281,102.08984446159477,1,Bearing Failure
82.91156771005927,7.421936378007617,8.595986955733858,1185.40060612195,9067.68673400108,90.29529306295697,1,Shaft Misalignment
73.27898460488306,4.305249475147141,6.705267420675779,1404.6603642239534,6065.583459564886,80.10352623008876,1,Cavitation
71.83325964749301,4.610116577927857,5.900632206296683,1494.2169156051614,3569.8635995990658,86.85715999828226,1,Cavitation
62.35103089845652,2.4345472617299957,8.983906105402268,1413.1070377492906,4260.740173990955,113.6935258818003,0,Normal
95.39521693000341,7.848881831303672,8.107516224714859,1388.9360235946324,8718.83451711638,108.6376990672783,1,Bearing Failure
72.45105135520132,4.892074773805138,6.177007035697244,1456.4486053905948,6168.840343642522,59.090675679966985,1,Cavitation
64.34599703136521,2.67569730615201,7.5597822279684594,1387.2244161850126,1353.6011234680632,114.90494088848834,0,Normal
83.84059997969831,6.779838980428162,6.227891810049128,1483.9672568169944,7179.929535689298,105.31291483610777,1,Bearing Failure
62.89865862944572,3.7372306918041156,8.298961870280074,1464.585054157682,5634.66375348575,127.3843586178141,0,Normal
55.41322495596628,2.873148220125073,9.050463960833092,1441.0175212931006,2926.3730638950306,127.10205267034812,0,Normal
67.02502357848557,2.8566934779301896,9.025451746441542,1446.3530036369693,4417.7186454722805,108.7574163617642,0,Normal
63.293006734331954,2.4821200142831072,8.476978132814146,1397.738694333512,5847.247483827399,121.46593528366975,0,Normal
90.15700004279594,7.087741928936519,7.100379400293383,1431.3970975340878,7609.515752947084,100.31194674789188,1,Bearing Failure
71.73336500700573,2.7238734382546057,7.760663201844851,1360.8129343708008,6215.622243602854,117.97917849903072,0,Normal
88.86776580273727,8.373169292381588,7.72906288163639,1432.5770205009521,8072.907573899511,85.16365907313626,1,Bearing Failure
87.89919210413356,8.142107758998613,7.098834984805258,1403.1974105110028,7835.209261433169,98.95324818368081,1,Bearing Failure
81.18676468953008,6.753809138239741,6.52188075793409,1725.3369888680807,4673.083213965843,114.98604095149281,1,Shaft Misalignment
60.488808986426164,2.343059666064079,8.327616710063172,1432.8866313712851,5901.847365832698,136.0235766726103,0,Normal
83.5613730161622,6.165389393089767,7.7300291583155065,1476.0701587654783,9307.471388693448,120.2892899481374,1,Bearing Failure
68.24802432556443,1.47559422781024,8.207885453403957,1571.6274781663776,5163.989612832076,128.44101737264944,0,Normal
78.23501986180294,5.034971792435079,5.765948187711434,1489.521008488151,8372.62431300189,69.0187074640015,1,Cavitation
83.38175740457287,6.87002996814431,9.591865498400267,1506.4221813173979,8434.286897224067,91.88646108080114,1,Bearing Failure
86.7650071986099,7.622757821409358,7.603135081752709,1410.6758486205463,8930.256859483565,106.57410807552965,1,Bearing Failure
81.14877565278991,6.105259701023334,6.494100469427081,1486.217725563284,4850.1127300571925,78.48925167948569,1,Cavitation
73.07285153584915,4.972165271540211,7.086518318380334,1180.1123053515626,6120.219438188079,107.07020509390829,1,Shaft Misalignment
66.89077967803482,2.581733897425998,7.952876086819204,1544.7218236862177,5650.228926793356,116.96077670139555,0,Normal
53.07443150653482,2.160844756473758,7.594005331218973,1411.9723722633898,3737.9796816324642,130.04612940214847,0,Normal
89.89185776062355,7.766826171080387,7.524496776260676,1316.3320265598052,6609.771537631615,119.77692873032153,1,Bearing Failure
80.36467158222514,6.809138187334798,8.04350563426001,1695.7919747365704,6719.377104559436,118.89985043272405,1,Shaft Misalignment
60.79011735468949,2.2334995471817716,8.150788780654691,1404.4420717320013,705.1887266642286,130.04180997307665,0,Normal
68.30864367510799,3.79462858266278,7.530804469368892,1455.0787632031916,3487.3155382163854,123.93603243282368,0,Normal
79.95416778411231,5.817932716302215,8.921269616295337,1392.6950627118504,9762.986892310664,101.74486587005063,1,Bearing Failure
76.7631504742137,6.336367392766858,5.371101263680498,1498.0123391232707,6838.90715759116,73.92056603707407,1,Cavitation
66.7771978618023,2.362278437913861,8.000593144507686,1458.541037037139,3537.530458007942,119.13132670575688,0,Normal
75.23264232966854,7.183819058510776,5.954426324393577,1460.419115625981,6204.166382308306,74.2609113976363,1,Cavitation
95.7105569424848,6.401886877789175,7.412679674865712,1447.3317352125734,6565.791782982628,96.80752487271332,1,Bearing Failure
67.5292510242872,7.654491929554905,6.550969274399233,1487.6607517999473,6460.446762177645,69.07938369272149,1,Cavitation
68.09548239025776,2.553870978651479,8.364297469917751,1431.4420812206238,3717.8636467548017,120.1443780197458,0,Normal
64.09932197795074,2.7956292516768406,8.34796737096712,1405.1268479834966,2997.498497255768,119.57413065949254,0,Normal
67.1438609506777,2.278739472816892,8.630816282309485,1529.7192847937797,5232.704537236603,123.14796058803181,0,Normal
82.12096497271703,6.101672987118372,6.255327243891853,1212.9924806052284,5634.14436970313,111.87902082892398,1,Shaft Misalignment
62.511281872885824,3.167663510689033,8.128957952538611,1455.6029939183932,1637.4793868787958,121.97817161687004,0,Normal
73.92038433144951,5.372867416318156,7.05178023724915,1667.9809924578044,9130.02097030218,108.23393855065687,1,Shaft Misalignment
92.79188924314685,8.421936601285356,8.64612340606501,1483.0753553400825,8582.762673798154,98.01446950617283,1,Bearing Failure
76.44662789337879,9.035646035020871,7.234639119557023,1454.3276955085469,8885.941637746197,108.21790722436674,1,Bearing Failure
60.60180533638532,2.679315078250348,8.817626532424036,1435.4283961643036,2753.940467480446,136.20072866793564,0,Normal
64.39034793209001,2.43333237155637,8.342420846842364,1465.3988392527879,4881.441311115117,111.94375308117979,0,Normal
79.70434619136648,7.904999840410247,5.520881533207924,1440.6676031129205,8652.879618397172,71.23800797074347,1,Cavitation
76.37912713823819,1.9886652142016055,8.759050851014988,1428.8319596075394,6787.632723797553,119.68610821041005,0,Normal
63.52248855233458,2.43608253688355,7.690221985616297,1439.0159069391825,5373.217354093032,126.98546512622885,0,Normal
58.55704145811204,2.1298405178235287,8.487140463909721,1401.5895283661225,3557.8096098110686,131.42587371579754,0,Normal
80.49932256977428,5.425485248396645,7.041712960003086,1179.1667933351027,4525.468050235208,101.49047257861912,1,Shaft Misalignment
92.79547874510347,8.065738504453952,8.025090306400635,1465.9777213864375,9849.056312140689,99.03012968954468,1,Bearing Failure
64.89986401578238,1.6182243693120921,7.947953344414727,1382.851089506059,2845.244370597383,118.50267561708911,0,Normal
67.05560040097475,6.39918871688146,5.788795275800899,1480.6200080399008,4990.141510040314,73.49432212765903,1,Cavitation
69.4086297036391,0.7954944778825804,7.94813718305447,1425.7373309504296,1489.3159089349851,124.54712013354857,0,Normal
69.71788238752089,7.125110546248948,9.2469798016206,1748.3303916417544,7965.491310246972,122.09708028675519,1,Shaft Misalignment
65.97166731669117,2.4115958640270962,8.981962711527785,1459.978037837203,3675.932018206901,123.19382554351462,0,Normal
83.91323823918545,7.136104416365744,8.434572040638397,1417.7928117306835,8543.493922935668,121.58592015813623,1,Bearing Failure
69.56795731737043,7.1349129212136555,8.6117821332222,1643.3040322231882,7711.079500909485,99.16339542694583,1,Shaft Misalignment
71.9535030274681,7.316255216255152,5.785028276471125,1377.6266791363025,5747.459869110908,89.445482532154,1,Cavitation
79.38108483737533,6.579073857962613,8.241226524415877,1600.4721097489878,6577.795369760275,108.99449142196107,1,Shaft Misalignment
59.34947222971659,1.7950014104239984,8.23596799386602,1416.1081783574493,627.8068348432315,132.49795368510632,0,Normal
77.79535679406273,6.78361720550501,9.82123932992456,1800.0,6847.573614074542,95.55423280079091,1,Shaft Misalignment
63.982694294598474,2.4780460153942414,8.829824999041186,1493.6073388408179,3736.665851784715,114.01523148302682,0,Normal
72.03136969240983,5.881011197152318,8.552127830719813,1243.6200313724528,7872.548264185975,115.4840663223497,1,Shaft Misalignment
61.57976984810479,2.5030512376769405,9.263566192077565,1411.0375937232711,3024.650920167687,104.38605912791641,0,Normal
83.12813102730262,7.6075648343697955,7.580825373525382,1488.1707588806335,7706.533113813247,104.10786861680359,1,Bearing Failure
74.02127568538947,1.782143076939276,8.843773857310612,1491.9456283648258,4864.967938855088,116.68631375257974,0,Normal
74.30025816499258,6.8219620871339455,7.3462769061915765,1664.13133365145,5780.042924604701,112.55359374956862,1,Shaft Misalignment
73.44296003156131,5.778815443148544,6.798056636090566,1181.6165116397788,7565.6364001434085,75.95535603422913,1,Shaft Misalignment
88.910775693235,8.263512567174796,8.85730716533683,1449.655384269045,8824.76939319262,105.71103857317345,1,Bearing Failure
58.33657177426127,2.1802927741182554,8.93812293185286,1417.3237701451803,6804.554388441795,122.25730990891066,0,Normal
65.0548767866949,2.156878696747208,7.943438374314061,1476.905804481881,5259.191280718584,125.33817593759068,0,Normal
71.31138945335836,3.0554827849576354,8.459043852137196,1519.8795879270199,3454.012794469552,115.4475088732274,0,Normal
65.47632032188358,2.449522250110458,7.713624797154256,1417.2107457424456,5501.135105913155,124.82028292469492,0,Normal
83.76651580945183,7.239523484054906,8.000438782285492,1176.8859088047175,8812.015082901336,109.42257339694542,1,Shaft Misalignment
67.72694740462337,2.325697948613815,8.460553889042503,1441.7914797509616,853.6658303761567,118.176763622185,0,Normal
62.08438584337851,2.792044901294836,8.598656706145134,1480.9419046042808,6838.162357151302,111.59247067048831,0,Normal
91.1637192381517,7.601227727834894,6.264953316610454,1350.8849090084927,8020.112184595067,102.6106817854288,1,Bearing Failure
68.46232170682164,2.2309051781277396,7.791116903435547,1540.3051418565738,1472.6386898080236,106.14004324026138,0,Normal
80.26370746537964,8.234811343510417,7.23371556918084,1451.297597835614,9486.388603806245,118.05646368116193,1,Bearing Failure
60.15160169391096,2.904207757867565,8.634892199419546,1460.509982006035,4627.492325193753,125.26869075725308,0,Normal
82.95635543518213,8.249949970651246,7.898324094021508,1430.7664250484288,7897.234659473721,100.45205282622307,1,Bearing Failure
69.44668365024378,7.099469081034057,5.462221920326606,1426.2984232043457,8031.942926954743,85.31938784094265,1,Cavitation
61.41886484825992,2.59834336621409,8.503742968367428,1409.0004455504823,3730.932417645777,116.75735664149747,0,Normal
69.96223325014479,2.4063085623840075,7.680567639079082,1428.7912298132528,551.8822092330088,129.0144153943174,0,Normal
64.29332537100849,2.646554600485258,9.000938192136527,1411.8161529720292,1801.686440016972,121.42233017416932,0,Normal
65.59538284112304,1.0847927147917955,7.834197840694002,1419.9884532330384,5381.714249994456,113.30929170802969,0,Normal
82.21893789851771,6.132264416724033,8.276988254625604,1682.0378659036737,4777.220094717881,105.11158911623572,1,Shaft Misalignment
55.71260608668298,1.651891016081683,8.947762768708486,1380.3852869754205,6007.42884598071,117.28551050289472,0,Normal
64.2138664155444,3.0620885901536,8.731722469058031,1452.9075785214172,6886.642352522056,129.42118387594394,0,Normal
88.1966418253347,7.521222650834258,7.34578427357107,1454.6551233691835,8354.755897344065,103.01725283285678,1,Bearing Failure
82.42432505586568,7.273447600382574,8.584106219569819,1741.7582486473539,5115.39439338293,119.89926353600279,1,Shaft Misalignment
62.8819355461697,2.4107905129575062,9.119704286142628,1394.0731399499248,5790.9063134025955,106.07217393618761,0,Normal
65.15972376134648,2.758620166462904,9.580532144592874,1395.9913309087922,6810.253039461395,116.62418508726154,0,Normal
69.47548231370642,2.6997335376182443,9.03457243200662,1494.5095521222893,4695.7025003493445,106.18192407248874,0,Normal
64.6995721631011,1.6697238814665438,9.112939524112102,1365.6036865492213,5321.4365997912655,117.73644019708513,0,Normal
62.26939585125311,2.707244193063486,8.536818461008602,1447.8215126907871,2075.4461781114933,130.19294474086058,0,Normal
74.85777430266285,5.134204071949055,7.450277455815733,1800.0,7955.976782717381,116.77208787416915,1,Shaft Misalignment
93.35020348641746,6.827606415673498,8.23554985217463,1355.9824377299587,7726.867540106445,109.07090383398833,1,Bearing Failure
91.92544452869924,8.570533573557887,8.623898124825441,1438.0958208169277,7643.427009770398,110.13637389000203,1,Bearing Failure
91.36503518852919,7.393659381943158,8.144596628753463,1409.9835859477905,6340.914641699753,98.42296014032068,1,Bearing Failure
68.25966700515013,2.6036873678627703,7.4403493161558965,1476.4938527901315,3574.41849654208,137.0277421480128,0,Normal
83.57082178707779,4.966264199437774,5.662677575719081,1396.0045079569595,5859.722737863242,78.15661409672137,1,Cavitation
65.3153251474406,3.08502643283372,8.198129453416868,1403.1035356866503,3350.5969796740324,118.83892333582926,0,Normal
81.12901515341912,6.327669843275434,7.047961741907679,1216.6414540910873,7580.344598701995,92.25767880923205,1,Shaft Misalignment
71.35517089005626,6.009770567353241,6.500277193250401,1456.5386234472098,4292.7196617338595,65.1615655128155,1,Cavitation
78.39984332398916,8.425762998054918,5.287700976752111,1405.3615878569103,6480.148813901818,68.13044668537161,1,Cavitation
73.60142355339813,7.8612573739805285,5.326862184134985,1361.777591388472,3369.6479117548156,80.32805489971051,1,Cavitation
63.36917295958711,2.482239111334343,8.260812439125074,1440.8624199307435,2305.374912966862,108.62900151491851,0,Normal
62.6765653873793,2.672854313192395,9.460435574969893,1451.9193088178645,4029.1527997169683,128.15942884342203,0,Normal
61.176158550737334,2.6454777830336265,8.661877533615748,1390.3802853705242,5054.370241500039,129.26852394257858,0,Normal
80.43431583037291,6.94433685479671,5.878295752693228,1548.7493411770458,8207.537451510683,72.2704438910934,1,Cavitation
74.3590479492816,6.23899651064832,8.64427731287814,1233.39283386472,6089.478537400244,97.73110616795287,1,Shaft Misalignment
66.32628511790202,2.238225885403506,8.65735497119538,1482.2359110800428,1437.0403925244023,135.82968547390416,0,Normal
69.76160201165409,1.2366515012770434,7.712137868500893,1535.166234496397,4161.8598091463955,121.1704477963217,0,Normal
82.13248636359292,7.40151631323036,6.014407943800891,1458.5053239328672,4916.115692704855,65.8509356079754,1,Cavitation
82.67404903051928,3.9395230710665,5.6361906669672415,1486.5982068697158,3801.349595180901,91.42543937699897,1,Cavitation
70.05185425095166,2.7045224748077685,7.713862110137711,1453.9554886342073,593.8736775284456,119.21981419454441,0,Normal
66.21828611851357,1.8458749559203422,8.007230199639535,1411.210251214613,3132.295817945225,113.64970780784824,0,Normal
66.22227224802775,3.123303827189256,8.553272338217187,1475.398514944502,1305.4021988801533,114.29223960568586,0,Normal
66.62351191775362,2.504151669093153,8.321536573102573,1404.4853730138486,2556.1704097255893,118.81457173201417,0,Normal
68.35855432551088,2.7138174789960177,8.11217817590569,1464.5723563606696,3804.916461462185,108.73631831916879,0,Normal
65.84846578985642,2.7891806962317354,8.120408226916247,1417.1485446370857,3532.853677331527,115.63472805430854,0,Normal
62.17848527094687,1.9849144652964148,8.242303100942289,1432.220818804892,4352.4074284393455,113.23229573896599,0,Normal
73.78246640837659,2.792720100217606,8.024035576161873,1481.2088989840574,5506.21648218136,122.32582999170991,0,Normal
79.97754935267297,8.757102780655195,8.235854031100837,1373.9861972244043,7979.313826485681,109.3866796255826,1,Bearing Failure
80.86299984434157,6.812176892886177,7.593295076610989,1340.3076407681572,6856.229552010958,114.1494526252831,1,Bearing Failure
76.62802840721712,5.299338897936702,5.602438035859656,1473.959860163802,4209.162017509455,83.32519992467128,1,Cavitation
60.38511550812953,2.55634388899627,8.650087524642261,1370.8268122001439,6653.106348774695,114.88149888646504,0,Normal
65.51270719908761,1.4876325522152989,8.915605551599878,1484.8622386515258,4894.364032586145,122.61736442302232,0,Normal
70.48306591731026,2.2431928407674784,8.761148420808295,1428.9702006692783,4773.711385165631,115.1520796313207,0,Normal
72.55365825769607,2.6588945454788666,7.9008192265004515,1490.6859069751724,3936.816575008565,120.84899525770544,0,Normal
64.08341578988347,1.843738959864695,8.858584987306644,1427.4255830126388,5719.799822639177,119.47657374699038,0,Normal
59.81577451926694,4.478030522466484,7.776520739227093,1370.9310369327775,3848.7152326720043,103.40211342301961,0,Normal
63.02553010303119,2.508037077832403,8.429712779385078,1447.262465247007,6351.00588440976,125.63036707000654,0,Normal
74.38833334838894,5.866768603285023,7.404570722933636,1152.949656710855,9009.588248443646,91.50226930618769,1,Shaft Misalignment
92.54723417159646,8.305082238437851,7.735020002371177,1515.5985124558388,7877.07169794901,108.07363819510427,1,Bearing Failure
98.2242788789315,7.683419459021203,7.020821337886905,1434.9417133582,9198.241264968916,92.01356605011117,1,Bearing Failure
81.74346599322756,7.99412374073444,5.908277369189102,1371.3884727960935,3008.5093208034928,75.54031279987886,1,Cavitation
70.99703392903426,7.990330047628447,7.909039077501018,1173.3776549276706,7925.95608539204,104.52516835381547,1,Shaft Misalignment
96.75208802475234,9.039017375255415,8.145516263744383,1391.3657386771145,9581.650844776876,122.3839719404941,1,Bearing Failure
71.28838488926603,2.855219085636769,8.181097966261232,1503.4020746717654,4191.338488176136,128.53498152159204,0,Normal
62.41233255543403,3.341548850225841,8.790209878233679,1485.2225157723067,5886.8377272351,113.10154451069056,0,Normal
69.95028614552761,6.513321019523265,9.64929027387418,1100.0,5979.493601215203,112.32218073090995,1,Shaft Misalignment
57.96365070280728,2.165019450378472,8.42935634395503,1476.1107064681405,4751.4187847461235,127.0372879789515,0,Normal
83.46593896762661,6.4304400941226785,7.841325556032773,1489.6741808868915,9235.709228871165,95.95048511086856,1,Bearing Failure
99.01002973156713,7.125338437492748,7.233576730026035,1545.9610522488404,8541.59822991645,111.0453030617993,1,Bearing Failure
65.39038856947995,2.6625528056244647,8.553801718111476,1425.6563277772289,6892.705837698536,108.98821247126875,0,Normal
64.38844811965362,2.5855023392032077,8.63194625924829,1473.0401380005137,2885.3464270769255,134.48698586875594,0,Normal
61.010392056480896,3.2421155839584523,8.337819733297206,1462.1782664629357,6200.894436808981,133.76073024133623,0,Normal
81.46357420320551,5.049087071405987,7.422527519386131,1119.959050008248,6910.545543106118,100.97689977247278,1,Shaft Misalignment
83.12785075267703,6.841872274443315,7.56708192673441,1437.4178736222668,9426.969929629033,102.42716361326173,1,Bearing Failure
76.70423687789861,7.437477492506925,9.144546476169264,1245.584672463633,4793.716240281148,101.54835294550203,1,Shaft Misalignment
90.51018695906413,6.405648496865616,8.651337715646468,1340.0376272226056,6600.088999417678,101.02833826143758,1,Bearing Failure
91.58758620537165,8.028774678358886,7.918188810143651,1367.5666529446858,6505.856981614284,114.67272975061687,1,Bearing Failure
79.92550537570258,5.79164103376086,6.993347953956855,1427.3442051838924,6105.8180219216965,117.65799084366346,1,Bearing Failure
66.03964845980838,2.890293783993062,8.832276207197092,1480.9909356029743,738.7332278884511,116.90636366979645,0,Normal
85.87245620498211,6.954447397263113,8.313014389160005,1520.9510150602189,9352.596661505428,81.57521662334653,1,Bearing Failure
91.7497784367615,8.182716080929142,8.54275235155441,1354.4340103613501,9808.14363871315,95.8260801473672,1,Bearing Failure
59.39378129952804,3.0576459908744895,8.433931705549226,1429.0507478891432,2797.5757483946836,119.2229511267389,0,Normal
78.74849010722434,5.241334798457228,6.111189559236559,1506.3196724861032,6024.228045772544,77.21113280796258,1,Cavitation
90.22359048388127,7.676885839430009,8.244457893781126,1406.878777351067,6936.777702467251,111.32299209783301,1,Bearing Failure
60.93967863367703,6.835272407908647,6.247850649925616,1424.680941003506,5784.835214245402,77.19518659875051,1,Cavitation
83.47747395659582,7.554863287156142,8.601573348473895,1432.3595343320574,9020.946124799808,109.41239822170272,1,Bearing Failure
72.1122074204685,5.957680914315133,6.27415420468089,1729.072950347127,6799.525418591329,87.27972171575958,1,Shaft Misalignment
65.68238303956002,2.859666714896137,8.747502872877076,1375.4798420987663,4905.289828984747,123.43075638730022,0,Normal
66.29978996821846,2.531927318262124,8.089569989918548,1512.3273452305075,1079.9440923720508,106.3549123987009,0,Normal
93.30733003038227,7.914235508635569,7.848706369863652,1406.222465546529,6052.369982795389,109.51703953395942,1,Bearing Failure
65.91736559355783,2.5268814738327636,9.13192691995506,1409.6018318929537,1946.923637518045,120.6841066371168,0,Normal
66.05658514712772,3.6598938964042484,8.98596254683178,1496.1381856351763,1102.8996522762639,114.39102230616734,0,Normal
84.73636139817044,9.453656747976723,8.197187139679148,1577.5865096515831,7459.682057599937,103.79801656412563,1,Bearing Failure
71.21632845629652,5.210483280699092,8.189232458212933,1742.3355949635459,7294.893306843823,97.33796909654632,1,Shaft Misalignment
84.58888947621404,6.598291119663074,7.257426796087806,1412.4771729243623,9290.548612416585,90.13275112602018,1,Bearing Failure
66.92734814555911,2.7012920458995864,7.489924275411118,1417.1234889432842,3460.3162293284154,110.01868850376631,0,Normal
62.44505414902137,0.9678702423664611,8.415807538763573,1436.959500167326,2609.2932195981575,119.32112764008518,0,Normal
76.14033433826596,5.714924257094251,5.4758294079280025,1441.2434122180327,7752.634676489748,81.61237992991605,1,Cavitation
71.56274597170113,2.706480222896839,8.811799763526007,1513.3487018255817,749.2688310151475,122.63013481152846,0,Normal
92.47767033961236,6.539386823587174,8.625139148697725,1435.6829782893637,8081.274432975353,92.43231985540491,1,Bearing Failure
84.83826913861004,7.777479241337466,8.72622666869553,1553.3178572879306,8875.358992822667,119.21893088704343,1,Bearing Failure
65.39928417884651,2.5067994270206406,8.838050806824956,1441.3809313534264,5153.7328769060805,124.50383345523885,0,Normal
74.38673163872663,6.977908269273111,5.49689796147737,1360.8562491864334,8716.558182129924,78.57919679539565,1,Cavitation
90.3073573638303,6.514086458739892,7.930201097822938,1401.455342619196,6980.303445972181,96.19091015803401,1,Bearing Failure
82.56858374436536,5.552577104981541,7.822091828387929,1177.5438638688704,6595.117051146734,108.75136072175563,1,Shaft Misalignment
61.960033514158766,2.281653061703513,7.543333874925535,1474.7959389506493,3376.193538842243,119.29301369978883,0,Normal
62.24419795325219,2.5988104819304474,7.812190363389506,1499.3857124899152,2323.302485715785,116.77600013734852,0,Normal
84.53168820791612,6.709461969730197,7.721045157482241,1744.3085620732936,6985.829727984428,106.63066343885578,1,Shaft Misalignment
58.31865181724323,3.4755867760038393,8.933789738753136,1507.206909744751,2722.5464143897443,101.32988874196683,0,Normal
65.46358451219434,2.7970843890805903,8.225391679611022,1406.355737356126,1738.034352736026,131.71690146917138,0,Normal
76.72792264599275,5.361849354916959,8.005052002261529,1758.0038056194207,8547.76321755553,98.81568832805465,1,Shaft Misalignment
75.49460364591535,5.1626771794293775,8.071334305762626,1152.6581355352707,7666.888691041289,82.33064284545851,1,Shaft Misalignment
64.12866482766538,2.561870549467382,8.36435171842618,1355.7718603949056,4623.85961759429,132.59669086209874,0,Normal
86.4068628313999,6.594663832485147,6.9812977168691495,1502.2106904848063,6261.097538806632,109.64562727665094,1,Bearing Failure
73.50322521970085,5.214415564786542,8.327890750732145,1677.5064164296737,7525.237209164965,114.68176152875425,1,Shaft Misalignment
71.12190845568033,6.133185772495007,5.610799236018954,1537.5960405136652,6034.002979645086,85.60252526254915,1,Cavitation
61.39263990697935,2.954509928777684,8.445229763182093,1420.8519165678074,3044.4778057499752,118.13122451472815,0,Normal
65.90095614113952,2.2476084596712873,8.918042248844403,1410.5914585041705,5493.282113449745,110.35366990848289,0,Normal
57.532253909682254,2.809717270324957,8.305297171628064,1490.5746808105796,4280.48917882926,139.56239172096966,0,Normal
62.8052461475059,1.750421844558912,7.836357981060926,1402.9191844790923,5370.264656892257,124.49659204995987,0,Normal
64.23095611059482,2.6912962261477182,7.957413160832128,1500.7523062526782,6790.40310192529,119.9569079470873,0,Normal
73.291947674577,7.211045304397363,8.693670730924962,1704.898448860862,6220.960528861246,98.96852432986306,1,Shaft Misalignment
94.07902778588475,7.657983777772834,9.155514716999896,1417.1070958782725,7146.342569216585,104.06046333382345,1,Bearing Failure
70.65677282762115,2.155121622251842,8.836380920450333,1411.742056430593,1768.4877957369736,116.88427259681838,0,Normal
83.52713422694737,6.167822206069261,9.05089381845821,1752.0322087881411,4986.162456079044,104.36764426732543,1,Shaft Misalignment
70.4593800312375,2.320603991096345,8.469505906789319,1397.513434805784,6478.470119787411,135.04370280118545,0,Normal
82.16875017107118,6.509663107710123,6.039204841671888,1426.417871068242,6511.333725048277,79.76087859034931,1,Cavitation
71.93088288139714,7.542348953362646,5.862414171642406,1483.9591477453318,6176.108236518971,84.7246243367078,1,Cavitation
61.083581105998434,1.7205823101687243,7.625336858585168,1500.1986291451326,3013.501497036112,107.7034561034491,0,Normal
87.03855957755277,7.182638382092393,7.51566782783871,1114.1509495601751,9432.241530687583,116.16234199367773,1,Shaft Misalignment
78.14275707491618,7.663853902342623,8.705631704912996,1197.7188223574408,6442.113741409232,112.3241354761425,1,Shaft Misalignment
100.36204926302099,6.43195286163376,8.204425005211636,1614.9269449546039,9357.57588447965,105.67730393616127,1,Bearing Failure
74.41571363372914,6.610418046946119,8.838024972023339,1141.4478921429397,8198.194424490714,96.52372787503116,1,Shaft Misalignment
59.981405014946766,2.1005389265152665,8.72994112185691,1407.1464499936776,6476.06646785641,104.79140456945612,0,Normal
55.27615101574813,2.539280519103833,9.577536933382818,1425.0657321473998,6215.335063291844,106.32806390993669,0,Normal
68.017548180782,2.3198564440465828,8.38334457405889,1446.6403910671079,2107.9332820483214,123.81422153150983,0,Normal
92.56191589455655,6.914814147400715,8.274590768655385,1487.5746559637992,9401.702247950529,95.05282725964081,1,Bearing Failure
89.5214776384432,7.755023124944522,8.704798125088844,1477.916325752629,6531.410048160129,110.28275524993228,1,Bearing Failure
66.99522070323263,1.707953687357619,8.380623698968282,1501.4232893744672,6678.976535828787,119.54350966855075,0,Normal
84.81558787400313,7.299318868787115,8.38342541250924,1482.4169298415532,7668.950629179112,99.58176938728677,1,Bearing Failure
74.19122710737454,4.886869981085312,8.478143807055785,1199.7261802580938,7775.267890576408,93.04929436484943,1,Shaft Misalignment
82.74973183343218,8.875908419298973,8.880416927252561,1406.8840958591481,9120.166983347059,98.92632381876625,1,Bearing Failure
59.9851367151839,3.0044779142996156,8.020866691984944,1387.436792443534,5688.702050740897,119.97566010053754,0,Normal
66.45681557991885,2.819279204701597,8.573783647277446,1438.1857058924722,1370.588542672708,114.07404304888765,0,Normal
91.62268881731775,9.015318094323803,7.620758734791878,1550.4562459642677,9055.988197278171,95.99078881445847,1,Bearing Failure
70.39359525401508,2.985197659298372,8.402910131368568,1500.4786846398545,2895.65604868014,125.17334997266664,0,Normal
84.19096525426646,6.940650520195683,7.091662123973422,1497.0864418316146,8650.095641534816,114.67416351194692,1,Bearing Failure
57.776704141583544,2.1974080186124616,7.970982370570928,1498.8301041301895,1284.799292608412,133.91038688760696,0,Normal
74.0882981835819,6.3265614303381295,6.441246018637301,1468.8317688089908,3271.549883223309,75.98274519331537,1,Cavitation
73.6544459873485,4.995681615616991,6.648427036856141,1549.3700441263582,3714.440555896446,74.83195252265344,1,Cavitation
80.74117953821077,6.707583612095378,9.279560430025402,1196.7563066536832,6178.3951965417955,108.64601803704832,1,Shaft Misalignment
72.48914246573712,7.4846904025987575,5.38831523869323,1442.0238975966938,4211.645187071896,77.48551639904603,1,Cavitation
65.37075947965556,2.6064918492866886,8.439855644248102,1489.6319800050146,5515.664791769461,123.89850530442652,0,Normal
77.5927717098031,6.9316316296375975,8.517772827682483,1202.310091814474,9311.737441363579,105.19081627779768,1,Shaft Misalignment
72.02751138786638,4.720352151650757,5.2378999515265106,1408.5339812819316,8457.153356173978,82.73256814762478,1,Cavitation
88.45535692464912,7.624042423580569,8.144098618893441,1276.4356276933268,6500.294775717743,110.79976576957259,1,Bearing Failure
92.41204692518677,7.561908104029997,8.206892421250721,1467.3413230363242,7212.8327750387,94.48779970217498,1,Bearing Failure
63.00103322756214,2.0688196419683136,8.88687270857436,1396.470825180889,6704.224184956068,123.93269206072378,0,Normal
78.80192399645361,6.23636593049843,6.967994861144028,1387.8578393312134,8484.533627393326,107.74038840649303,1,Bearing Failure
65.16353878134385,2.5610112372683784,8.55282691251303,1505.785015528447,2533.42228390743,111.63828510143432,0,Normal
89.83873792389741,7.2402526166016905,7.381174538056584,1491.6389944196221,8460.373463497606,92.9748795902912,1,Bearing Failure
80.54762705067597,4.380448164360619,9.073745011143478,1796.554061330861,7639.361509532131,104.25837987113914,1,Shaft Misalignment
82.60856817709873,5.594331664340983,8.028062903477155,1145.599559257758,8484.380043757734,101.93900606668916,1,Shaft Misalignment
74.00695707137648,2.204744221820682,8.512120886257774,1408.6980385878244,4131.727246717436,109.50152422408344,0,Normal
77.14751848626527,6.853007812632933,7.665535468059851,1663.7119630039967,7835.494796988059,101.20710186413865,1,Shaft Misalignment
63.55089045565801,2.842534951820983,8.337170159703199,1421.898334817935,5868.211403479958,111.80502509050051,0,Normal
75.90142386495118,5.767044986551467,5.771460048402051,1422.3176757724605,3327.541662307179,80.50579192805252,1,Cavitation
61.19272221618075,2.8939036499051363,7.843363856373876,1508.3527654342588,6460.835348262467,118.14865551036006,0,Normal
66.34145583581706,1.6118025281060255,7.927193008069749,1495.282783865539,4066.8553018011125,130.28391714900053,0,Normal
74.6905868181255,7.488447321023443,7.816440303936317,1382.021314318524,8455.830610272045,97.67882994441523,1,Bearing Failure
58.32919622125387,1.939936891676204,8.702387928886766,1429.0272754412238,2051.5552305433603,115.53263865209973,0,Normal
91.50588499861186,7.399524279428294,7.95982650789892,1474.633005119657,8532.71469958309,102.6893052254232,1,Bearing Failure
90.37762938151651,8.248120032251874,8.00955896468622,1527.1630062318056,8171.472559912854,110.66980263267101,1,Bearing Failure
80.76854899775111,7.800941513031699,7.5956700474945675,1719.581894443797,6109.146174162734,109.40519606380916,1,Shaft Misalignment
73.30587646498805,7.353165306413191,8.173236383348073,1719.5167789343327,8627.462242178592,119.46563291251367,1,Shaft Misalignment
61.727771332243464,2.877685898268686,8.470788844740069,1376.3373753406177,3423.2742569548304,142.13197991299194,0,Normal
66.2329357871877,2.8787267339019524,8.546893213309188,1440.2694939237344,2207.938555147793,122.91664409680558,0,Normal
90.85606480039375,6.1931786588388515,9.230790510512694,1476.414881812624,6518.328671719691,96.76650461637364,1,Bearing Failure
97.63406774849473,7.358337368127757,8.211626030243792,1532.5358178582526,8184.098373283001,100.959046881676,1,Bearing Failure
71.25329274774198,7.275931985860725,5.31242262548193,1478.0958804737504,5293.7825542560095,67.28960630736444,1,Cavitation
63.57605295242303,1.9016410252189508,8.268072785247027,1406.072544648874,2927.5174091526933,122.72071529171123,0,Normal
86.77669918612088,8.215917140485566,5.946360546939366,1530.1271837021045,9528.799114469879,93.79601888099192,1,Bearing Failure
66.00030916533127,3.286653006491395,8.736039540288166,1469.02642245673,1063.740551957651,116.9215966413571,0,Normal
86.13178455237404,7.815331470644425,8.700968201962453,1434.764301399345,8149.241036014442,104.21390198246743,1,Bearing Failure
72.63153793450248,2.618394545340318,8.383892183677629,1444.0222968903668,5236.1742296964,124.72695112382301,0,Normal
63.59017755785397,2.5643949298804714,8.333763373744203,1463.5988143827697,5032.827434419509,109.7486801617758,0,Normal
66.52246100840073,1.8654911978239412,8.811671150337414,1445.337146141867,1474.3129196330278,121.71335152905401,0,Normal
85.77496243063615,7.066425027987766,6.431407279184083,1180.2817915148426,7535.411275891453,112.50692795128987,1,Shaft Misalignment
63.82041735343938,2.2558688532973754,8.232621664577838,1461.7988582283529,4550.396049360865,129.47402732825174,0,Normal
72.1187703765364,2.178665752180723,8.121284612623604,1402.748527733087,4475.761891699091,120.24429195996281,0,Normal
84.46398061248892,7.73422041359956,8.171693852552325,1382.6819128030352,8957.645821826765,105.75388469234348,1,Bearing Failure
72.74503033436795,7.808589967121408,6.248199670252191,1402.1459461366692,3535.498509819504,84.91738344474855,1,Cavitation
77.2240511115417,5.916694410372884,7.6426904552634145,1427.372927578393,6786.754232924853,99.47738747887391,1,Bearing Failure
92.3630275572037,7.096296566002093,8.580404324541679,1306.5352860829623,6596.382714685736,94.80198666305407,1,Bearing Failure
69.0788717669268,2.929529475781641,8.497068248339344,1491.0518634107646,3197.0841359095734,121.60099852534985,0,Normal
89.89284969826359,7.207302601444106,7.607291007066368,1505.240296534349,8387.193272533817,89.23602287290574,1,Bearing Failure
67.55300345205157,2.0226069197045153,9.199708963326941,1440.5385046652586,1577.3686000249568,109.50760689681054,0,Normal
69.7185081719992,3.40391718178736,8.13704095700311,1536.0124317332484,2570.6601378189325,111.96236111434564,0,Normal
92.44823804704936,5.682687667114003,5.606810879781401,1368.0852042898803,4905.348837718108,64.80067686377797,1,Cavitation
67.05075783856797,1.8771708511452037,8.335945355819879,1448.0961101952598,4008.4691664587185,115.56628037850524,0,Normal
58.992323026303566,1.6979667495120268,8.723693148236714,1433.745725945183,912.1129346087415,127.39278352772982,0,Normal
72.92976892970235,5.1194289825530035,7.83718053309516,1208.2099844029465,9152.24638327897,108.11291650266435,1,Shaft Misalignment
58.59102189824296,2.276115714277002,8.218306774773849,1464.8123651090243,1175.1796368122682,112.53504729051086,0,Normal
79.80641848475676,1.673235894064696,7.849407933735717,1414.275430735384,2469.5435549888534,120.96995756236724,0,Normal
71.03057294597266,3.4866281714207465,7.49135551136051,1469.1436443947898,1271.2631582681374,124.94096651472562,0,Normal
57.465388504309935,2.5877288778265357,8.197640566682262,1475.1823346426334,2236.847298917699,120.71033457854242,0,Normal
62.176460974250546,5.841190875630993,5.550146575756981,1407.1227580448658,8506.307163119194,65.77080827844246,1,Cavitation
71.37037578243851,2.06995335411419,7.430791038296744,1444.789520947644,861.3031444235726,115.26148369506812,0,Normal
80.66256188772928,6.42278687107934,7.85579396208387,1179.8219407064173,6242.332689020982,94.54827193332403,1,Shaft Misalignment
89.18557229356,8.550838545436708,7.804602393321377,1430.0452535868646,6635.629927922937,116.78068240281266,1,Bearing Failure
84.47451462808311,6.546942165449758,7.179062175912435,1245.2387167021704,5382.557040097276,114.373459780957,1,Shaft Misalignment
68.83573450717871,2.872505048820003,8.643739837507411,1456.393841988512,3404.422498379536,115.24261610270266,0,Normal
75.55821931559318,6.630905990155367,9.504871914561809,1228.33524906983,6425.7283724108975,120.06295914887156,1,Shaft Misalignment
64.85015287965246,3.1848540548190156,8.210253466099427,1460.1566287733922,1661.1061353247544,118.89145901282072,0,Normal
72.38543247248369,10.0,5.0294485974587815,1430.985377979591,3496.317606284799,80.30486540556312,1,Cavitation
95.17050933780389,6.814799769711426,7.505561735563801,1397.3292173188147,6298.45283607576,103.49346101408453,1,Bearing Failure
59.11518943615016,3.5923263447650893,8.216802704392638,1483.2646714472162,955.4465221877315,125.80422698430388,0,Normal
74.57542687062889,2.409198673987278,8.36327093514668,1461.6579126432537,3345.5614143148196,113.26020965170726,0,Normal
63.30465302692364,2.676115523566993,8.419020604344988,1428.8070793789677,2777.2191137570435,106.07209683517192,0,Normal
73.81520845989041,2.9650771157625777,8.273873614645549,1541.6783730774391,3379.865865109541,110.42450070422684,0,Normal
70.79690521650261,3.0838609366090433,8.11045363031165,1458.1294381834412,4899.669792879247,121.16064519607396,0,Normal
71.8832465985487,6.338384026811142,5.348650167888733,1497.3464234178527,6834.647081968238,70.79462893990016,1,Cavitation
82.76367920082753,6.20369277777728,7.818612352557004,1707.6488463181365,7616.218264917181,100.56681697614651,1,Shaft Misalignment
63.27611277320552,1.3768174566861686,7.913377155026166,1464.194952117442,5320.645821014536,128.32763339038232,0,Normal
64.40260911963625,3.0918811563946016,8.7027861845259,1486.813840414077,3569.5115279823162,115.95011731838102,0,Normal
88.83053610274735,6.974710977398665,7.822505779986258,1273.202426520588,4551.275329969573,83.58569119680296,1,Shaft Misalignment
74.79271018835107,4.862399795035765,5.458729976923227,1424.1616216226855,7405.951880969995,66.1611572558462,1,Cavitation
78.37910201284653,6.7419149843214985,6.905128765564504,1191.2408368345737,5348.2269065898245,112.17931385822665,1,Shaft Misalignment
64.39778568679412,2.7146926375119387,8.343315684357464,1473.4571400663606,1484.5542866923288,118.46276851594519,0,Normal
59.812040642551715,2.4292194494987895,8.229415451607249,1469.8234457003882,1012.2744198946513,112.9173795119653,0,Normal
83.62615709284728,6.989896780152832,7.7479789885992245,1463.7138049668424,8859.39229810696,102.20432320615726,1,Bearing Failure
77.32251082607107,5.916667799375653,6.642872095986981,1511.6364171034143,7279.518187507625,83.08291568937125,1,Cavitation
84.4782507401423,8.793817690814725,7.45716214592091,1457.4920566117287,7716.291069820013,97.17458713673555,1,Bearing Failure
81.75968182357842,6.545563881141899,8.43638499679594,1666.2517686137091,6067.016704543676,106.24546802023855,1,Shaft Misalignment
76.05810573174503,6.273306730101281,8.64552141955496,1713.5104585397653,7399.206143089758,113.5494465105615,1,Shaft Misalignment
79.24728127552166,4.134160244796564,5.814234470219205,1498.9517912733759,5694.175473515622,72.85476802239111,1,Cavitation
74.23819854012847,2.660781279526443,8.412349091784026,1447.3258856979394,1995.297867173876,114.10694238240234,0,Normal
83.21537129757941,8.574529790229931,8.157688805410533,1486.4057290123844,7745.404777214447,110.72791362209625,1,Bearing Failure
68.26153075805115,1.521198933749756,8.740130250702963,1407.795692980782,2095.454006503048,127.45015676796459,0,Normal
68.35436097250965,1.3414998395655502,8.011661152346322,1378.0064185844626,5683.903058370436,123.07115759875526,0,Normal
84.76898408666402,9.131440401798265,7.874623594402336,1444.275509094001,9181.80383271035,89.9250108339825,1,Bearing Failure
67.06035568533012,2.815101587957301,7.305734268761157,1416.6264725366934,1023.3576308448271,114.47156498084883,0,Normal
88.40428361452642,6.116983994608315,7.5506051408341985,1459.4665962007966,8070.61844873349,105.3467592480477,1,Bearing Failure
61.31634506241555,3.0112322690860145,7.9138966910721935,1443.1396336443504,4906.544391054641,113.43094431609516,0,Normal
78.87811348025745,5.843104103503034,7.369123109881897,1100.0,7478.251088083985,86.78407387643131,1,Shaft Misalignment
75.17685708544319,4.9132891886152725,5.41436529166126,1424.854517498099,5557.685437527209,81.18799022982725,1,Cavitation
78.77030234721619,7.334845876971625,9.075422301672633,1362.485415529241,8429.473401382817,106.19392250394199,1,Bearing Failure
52.41502223894241,2.958807505261141,8.683343386927538,1435.013507637113,4297.806495324827,128.99845045358302,0,Normal
87.95179837864437,5.537570487271448,8.374584706159672,1455.8564884676648,9441.666446325382,95.97380208628766,1,Bearing Failure
95.58576752269207,7.436375933147646,7.393937016185682,1406.8200898494656,6941.787302206658,117.98344096105355,1,Bearing Failure
64.45930504804292,3.167260371532803,8.842645042355484,1506.080373036765,5719.9916751953415,131.34722036829265,0,Normal
95.62564716146396,6.507815272360893,7.639720231602662,1418.7382433900862,8023.363449836236,118.98532244678069,1,Bearing Failure
64.26910885318173,3.45388848355533,8.932238618747656,1429.146833301726,6230.684408676076,104.15542425951675,0,Normal
60.463367203138674,2.8352171697530917,8.297680739979526,1401.0245090656817,4069.5119901365547,112.85781354179079,0,Normal
58.90821422309249,2.3529981969051494,8.125885329617791,1477.9985226529377,1432.9402879670574,135.07476866797322,0,Normal
74.67711060673622,5.965797408568768,5.452543611221942,1520.4713314781754,3350.875581695468,86.32394110183857,1,Cavitation
65.52469179764991,2.177168151966128,8.072681004242947,1503.4387996154735,1912.8201064876164,119.66399833627588,0,Normal
63.77346256906099,2.87366147513653,8.911678414738587,1370.816228965899,4456.748136801516,116.69248958098792,0,Normal
65.34410432298765,1.425782015877917,8.700034340670118,1440.1472768158692,5481.507375536622,124.27709226109975,0,Normal
56.7703055111572,2.484578660494488,7.652140254649775,1519.474910926097,1838.666190661781,134.6290020995346,0,Normal
74.06925890517175,4.751336575237373,6.1927412949147875,1417.4023922988308,6528.556749083743,77.19977712846931,1,Cavitation
63.08452539420103,1.9461565622106534,8.365253122148006,1446.9488739304168,5059.736353677593,106.70735208657607,0,Normal
91.23421447275399,7.015267621807024,9.091574264961913,1524.1152242676944,7990.974023053754,107.68346667437035,1,Bearing Failure
89.63748469139954,7.0250063128425015,7.912297090084325,1471.7281667529476,8868.685568233072,106.80228824164647,1,Bearing Failure
65.37396131592902,2.126798788463251,8.86358461085177,1429.1119660747322,2749.4750965362373,122.63831765755667,0,Normal
89.86837214447212,8.012583152688558,8.412316155749345,1473.8442419732107,6482.34486447294,110.80421940096241,1,Bearing Failure
80.81857613780465,6.660232827556277,7.905948295929233,1642.1702422344488,4053.2459690380724,97.74856069517656,1,Shaft Misalignment
82.32598171743382,5.954813755273678,10.04908906473133,1130.2822467184562,4999.9465611682235,107.43134655138489,1,Shaft Misalignment
85.41209889651105,7.0932693094785915,7.858742027898874,1376.0900835323341,8948.030072246738,104.60731551403043,1,Bearing Failure
62.10254853122932,2.332955807027336,8.327380587133922,1423.6169403497836,5841.758843767129,123.20388420193159,0,Normal
78.46580758901469,6.402519443244233,6.124802956750158,1448.0818346547023,7887.640106249525,88.01644073246463,1,Cavitation
72.15726510393928,3.055400168744717,7.843751824187491,1402.5511095395582,2253.16962662341,103.33972694049709,0,Normal
60.33182891705278,1.8631014152762877,8.62621437860789,1542.1513723686996,3124.3151772596625,124.31275283404082,0,Normal
64.19357283169427,3.323367348067945,8.748190823264423,1406.821043217018,6953.115618713312,116.88555503397144,0,Normal
74.05850604490749,1.78365853588027,8.136530701213987,1425.664067476088,3764.9136565095937,133.1196534546293,0,Normal
91.81931924123958,9.822609225262767,8.743271652192812,1534.8417481337192,9525.299557859807,119.0337865669859,1,Bearing Failure
65.63369216995437,2.2725522103076345,8.550565892680755,1490.7982017004133,5141.58241653769,119.60297288498028,0,Normal
62.481097755276046,0.9461486832054371,9.059634836992398,1472.1860023395739,6006.900143100317,109.46224580027886,0,Normal
71.34839120505065,3.0625036219874184,8.271078872529067,1424.8694610766893,1593.5087669539073,113.50273309158744,0,Normal
63.76424171294104,2.28397493570053,8.96688103762496,1476.0340072004908,1486.0930007753398,121.71840300573712,0,Normal
84.46252602438324,7.986842068967491,9.174067715082119,1509.731601500447,9066.79129533393,104.18544012222121,1,Bearing Failure
66.1977731069818,2.10356010856488,8.836635522480075,1447.331894981371,4544.290806887952,120.46016338373309,0,Normal
70.67461538682942,5.541726084601894,4.5,1418.6214159788472,3580.872339570859,85.45263698402628,1,Cavitation
68.30108902567915,2.204013770226455,8.276104395463014,1430.3780461837932,1215.758834332568,116.77721214131859,0,Normal
57.38522764021776,1.328934109842892,9.426145477035442,1438.125804250721,2507.4847594259845,116.77733257220157,0,Normal
70.83769436812791,2.8085248915892445,9.282442690091324,1426.9075415718087,5885.635442683304,121.42379867349803,0,Normal
79.04748245745651,8.358573361524925,7.076361871901937,1504.9577685161264,8805.07431776687,74.71279882501393,1,Bearing Failure
81.51295198393116,6.137661940868046,5.524706466499647,1475.4844615612328,7272.047767188976,66.66450873219478,1,Cavitation
77.02481098795583,7.4602877611748,5.80439077357273,1362.0889185065212,8776.672126110998,94.55271156019495,1,Cavitation
70.58123195259063,3.404828554851492,8.375317949187027,1550.0658014054045,3936.2679259302913,121.9430561052022,0,Normal
84.63703051075399,5.1877404066746315,7.911291560906072,1709.6726632775528,6907.772195233509,103.76282829861513,1,Shaft Misalignment
86.95711089718377,8.495954928226405,8.51535921161559,1391.013811171351,9624.077823105952,94.89409396841405,1,Bearing Failure
68.47966050470424,2.190031480743935,7.9883733883122074,1461.2018137078962,3598.9001908041328,98.60346297476687,0,Normal
77.30164195005591,6.353316707251693,5.131612060862376,1327.8458189075523,8338.282320746384,69.8648916069671,1,Cavitation
81.05417012440785,7.653894134538491,7.39761739921596,1147.3161473125972,4312.623138918137,105.59913237091261,1,Shaft Misalignment
74.67285952788906,5.13058456844739,5.816079309782591,1486.8387704451584,8421.187355476755,82.16321410188286,1,Cavitation
66.98169080830063,2.583043434884385,8.415616957689895,1510.710911357514,863.159810600424,119.44822589846116,0,Normal
59.50637911609267,2.9046206713890323,8.492679323098342,1513.5506089291928,3280.115763547122,109.89539479579263,0,Normal
78.32307246000717,3.624654668159946,8.562695485903369,1425.6738579351836,4928.310447046199,121.50561670738254,0,Normal
71.51896291396704,6.333725786811867,8.192496732424777,1742.5523271081074,9342.50121973989,103.90967324600476,1,Shaft Misalignment
91.85417908822704,5.944367146169679,7.418594652296317,1505.8727001242964,9482.568149659857,103.14021652916695,1,Bearing Failure
90.63706011291471,7.6946285779174115,7.4454068320799704,1425.2768638129046,8103.474112913071,131.4826423290226,1,Bearing Failure
74.15234237499388,3.8031959256965746,8.323147478872208,1453.6687579899346,1149.1377939929343,118.49725743948967,0,Normal
82.54184849954724,6.132390978281498,5.7506915345850755,1410.29976726578,4704.91855714335,87.80301059740292,1,Cavitation
63.076219983946444,2.4481255476561974,8.22231587158856,1448.3580859319252,6677.497913464264,122.04306692308266,0,Normal
62.326160449126,3.4207151409191607,8.321584730426439,1425.1820194637835,3784.8125474458984,108.82325818884775,0,Normal
88.84430079220934,7.211138243830216,8.307844640414375,1513.9450677398227,8160.154869132788,111.08280958927097,1,Bearing Failure
75.96638751530305,2.8876841563612556,9.345201721507209,1489.4321564137722,1797.5992163756132,116.54587608805302,0,Normal
65.71474805057694,2.63602701180434,8.653219417127584,1450.1283947105399,3524.3039532935013,110.5686120696134,0,Normal
60.53209516010995,3.4521397942198546,7.269782088951898,1444.3928828069863,3567.5965356169813,123.17173577303078,0,Normal
66.26318425664508,5.0906306832891834,6.93788502414272,1463.759420838715,6969.7768162899265,69.80392931565093,1,Cavitation
66.57133710900592,3.1364800430835684,8.949780688369154,1409.2698439432909,5589.4002222441895,111.31229463406635,0,Normal
101.45458694476562,7.272420680648157,7.658269535351294,1434.0549255467292,7118.780053427907,96.96658024709525,1,Bearing Failure
62.28085473036054,1.287643899800597,8.571096567570654,1462.0152374783154,1518.5782606736627,119.61736123041669,0,Normal
86.80830566272921,6.49745803799507,8.000812690704612,1491.5023068164792,8541.036554587708,95.45046689184977,1,Bearing Failure
60.33919472567319,3.2303002809379864,9.090159158493055,1464.9725235818598,1112.4578535691958,112.04733604401143,0,Normal
76.26164986685838,6.33914168620787,5.30467634495397,1421.2967643215982,5159.992856638638,63.30808929143659,1,Cavitation
65.95417648903629,2.7066986719020214,7.668836708535657,1440.9253429199748,5336.728589624077,104.43433348551858,0,Normal
73.15747164157452,6.166576291717587,6.290930000357071,1690.431288830403,9241.522853653461,97.95705430515795,1,Shaft Misalignment
93.01581954563366,8.49501757961589,8.32255219378298,1426.396453722656,7125.179182112979,104.44213773092977,1,Bearing Failure
75.62772639649882,5.818441078404767,5.807789506904776,1462.2716362111892,7096.677001164782,75.09715498101114,1,Cavitation
88.67070778797914,7.519644455960846,7.9068237955378455,1508.4260161563457,9619.907527126725,113.62939711242224,1,Bearing Failure
78.85384403217569,6.048869183305153,4.880299207906635,1293.9727988528102,3718.4807310031915,73.00391635929138,1,Cavitation
58.393831311681545,3.0919084022825203,8.56018656447778,1458.5993814533101,2349.946876875773,110.22681711765001,0,Normal
61.41250698957789,1.9206549962740966,8.446436391414663,1423.4013395472002,5370.403925818841,107.6574228077023,0,Normal
80.03903716679788,8.6559489365286,6.830431067002311,1557.5831611129965,8234.548221740244,101.8646363513531,1,Bearing Failure
65.50711482119829,2.0477754130829524,8.921387015049513,1428.4509487861424,4867.92116411512,122.62298885048367,0,Normal
61.68564695185466,3.3971207646572785,7.7164000317864145,1486.5226587774423,6922.362171056708,134.65888407491954,0,Normal
65.89957184773209,3.0026983211376885,8.449002641682034,1416.302694794947,5416.314355833623,119.7859900354069,0,Normal
71.03712874578324,2.2860745428143288,8.153151753767798,1485.1705562066625,2218.243265223525,127.54513804711105,0,Normal
75.19932103745793,6.783468106208917,5.493318199688382,1409.6309971857945,5304.090178363105,70.03720332523075,1,Cavitation
76.32084828184682,6.38207239196326,9.077438040122436,1394.306801959119,7161.134709259041,117.43428278102925,1,Bearing Failure
78.0028322087345,6.310256496045939,7.4343288481320045,1744.0175581062226,4462.605546203272,103.9867097718191,1,Shaft Misalignment
81.98225096120566,6.583315584111146,7.973856596706398,1224.647796858697,7309.178330400857,104.8072144077133,1,Shaft Misalignment
88.44579377664829,7.914700513983945,7.293674685432052,1520.9410079193362,6287.732605925463,101.33159682259527,1,Bearing Failure
79.14873681689961,7.235155231989252,7.67928846998475,1240.6238351981006,8778.679134906402,114.81215884073383,1,Shaft Misalignment
88.38213671564417,7.634961056915428,8.091921783212038,1487.4760310934435,7625.01706571131,131.41030778662474,1,Bearing Failure
90.63691628805107,7.401690152545624,6.737374661135252,1469.8882537798538,6481.083852514427,114.66040798057362,1,Bearing Failure
66.27853104210278,2.388093094338639,8.730167400399013,1425.4831834582444,2848.517701263993,115.47082448113157,0,Normal
71.95136095943744,6.5849729626358275,7.238474891523519,1685.7878909742378,7999.832757634885,97.94244437772802,1,Shaft Misalignment
98.6090157583587,7.819965191145163,7.015139619640782,1423.4890643655506,7612.155031628528,106.10886382828419,1,Bearing Failure
85.3157605009527,6.772678778497722,8.507861297142764,1459.8059056352279,7519.697163848058,112.45447282056932,1,Bearing Failure
72.94723468052354,0.9831972465877059,8.082902953063108,1437.8765569155194,3089.0153705869916,123.68262254705186,0,Normal
63.67219743740729,3.3220611121662227,9.099649786460793,1448.7089242358952,5089.377745147201,106.39984185751831,0,Normal
67.00826883670223,1.548388446503011,9.327142127232616,1521.576142572261,1000.5227012904038,122.62942593878466,0,Normal
61.44071922810442,2.4132390771266907,7.8404206991439,1457.4158835350606,6995.063771458859,120.54477989762475,0,Normal
64.30909753333863,3.4497280271941735,8.687591156225542,1429.5949980254488,608.0054737265436,110.59870403097693,0,Normal
69.20929411354268,1.415906321295888,8.517324218379843,1434.7002135974788,1064.4367328600747,121.34978061876701,0,Normal
57.7137144384604,2.9812179611625744,8.224013806115762,1346.1451387552852,6550.858317285027,121.59362074104342,0,Normal
81.01507010662526,6.438327899653131,7.9015165317809135,1191.4286043163763,5907.2031304785,97.24128500553758,1,Shaft Misalignment
68.32343025131084,2.8856847933057836,8.794958616421832,1445.5740340627667,1751.124990507741,130.52873088194193,0,Normal
85.5805052397768,4.302813058991961,7.767148887487955,1161.675993678635,5885.013418383736,89.59332868808706,1,Shaft Misalignment
58.063567432845666,3.1340382584654067,9.218044673091008,1485.9297829142492,3875.212194170988,118.69093063314007,0,Normal
59.98106092268182,1.9336356140005377,8.661726182130195,1427.3278619161672,6564.21427392351,136.58078832610016,0,Normal
56.57997991101918,2.0745826586110168,8.90804052205697,1497.0537622468582,4683.619622777534,119.68135203772816,0,Normal
64.74407577179787,1.551186864321966,8.694211447156432,1477.2888432365132,4269.752873478222,122.1100446785806,0,Normal
69.07926755039259,2.6517563225278753,8.707961329528796,1406.3698513671102,5519.791483944982,127.43303090025246,0,Normal
64.29350552097216,2.389969009736253,8.838544380170193,1438.9343636277831,3737.0675599238175,115.43136557785236,0,Normal
56.22605628938807,2.5717955827113603,8.081265991936734,1403.2939287153429,3373.4303852674875,120.07312540658106,0,Normal
73.48816794408076,7.068384539914172,6.50014766657825,1430.1864650720076,4277.347235496657,84.85588278267191,1,Cavitation
60.286123798847626,2.3154535662617537,8.01612383022645,1472.5799281619,6964.283177433632,110.70598959858872,0,Normal
72.75315296628834,1.8152582698931634,8.306119108646739,1466.0585656746798,3252.352231848651,108.38001282329842,0,Normal
64.1617253244125,2.9755990401040506,8.651161373715636,1451.7609093098272,1342.5236289919321,114.05532662250982,0,Normal
77.84900287556407,5.356650268240573,8.218831986427432,1175.6652923207312,6641.8786692222475,105.41671422139356,1,Shaft Misalignment
71.48876855893621,2.4550956183240453,8.633057512431073,1460.106253827957,5722.253199138058,100.93510255131261,0,Normal
65.6396360118729,2.88143591586433,8.250376192752672,1375.0703955272338,5736.9511276998,115.98243366620937,0,Normal
89.50258169800627,8.180287165717758,7.1894464101880855,1446.1361475625176,6512.619938252531,71.70496202491871,1,Bearing Failure
80.27693035995232,7.066378514854124,8.844582180759417,1684.7659621023524,4020.821534978182,90.1791366343945,1,Shaft Misalignment
67.8853609191757,2.393186025961697,8.577577671432678,1434.068678658298,6293.337321380379,115.8178004142675,0,Normal
73.91579225791814,3.369293090672352,8.758142948703687,1512.9796520186078,5629.927344279364,131.6909759000609,0,Normal
87.89113761787654,6.698065076225651,7.292702929503465,1429.316141522719,7972.7728367853915,105.40302599498582,1,Bearing Failure
82.14906432278167,7.714799014979304,7.738891843961801,1496.7286461116735,8783.033351968723,90.73960670682942,1,Bearing Failure
69.8418758317674,2.4243385500651056,8.862580066701701,1377.5982750988792,5189.551996164667,131.61100368856304,0,Normal
76.83523396464985,6.279811854302356,6.022521349947093,1463.9461548583722,3457.7612598834794,76.68678732153425,1,Cavitation
63.78542884456361,3.5450910489758285,8.892412684274246,1493.0877001707115,3751.4610760810474,131.33661626674515,0,Normal
71.63929963754107,1.761344164440538,8.662841546918862,1447.0634309043012,3278.8940046416483,118.31072815939885,0,Normal
85.09556615441933,4.52070169696317,7.896264521032239,1167.0530601710805,7756.882663545683,103.1214059899128,1,Shaft Misalignment
74.19495916902649,7.763485607417745,5.35348474904574,1380.5076466971373,8154.4661667020555,66.20177167009284,1,Cavitation
68.44497973122172,2.7915710025747824,8.387018271150357,1382.5333772518866,5011.073316204328,125.53211765145734,0,Normal
80.30250315358916,5.4776047091290145,8.173042379738643,1800.0,4518.782531584748,86.57966254214395,1,Shaft Misalignment
69.06199441311327,7.191235195180742,6.335428798956241,1492.715866958689,3565.368533645206,88.33398280586105,1,Cavitation
86.34431366317594,6.775511138616791,8.833076751933818,1469.0525654211406,6545.809296487521,98.15942359418608,1,Bearing Failure
78.65994561942472,4.893564143531367,8.158616237181016,1219.990670016286,4909.089516969029,108.56280049741608,1,Shaft Misalignment
59.40282997381864,1.3994884955373503,8.579784108907825,1417.1099888133347,6165.737228052341,130.68300673532718,0,Normal
73.52858880689068,3.0538581682375163,8.960000492257521,1464.706221871551,1921.9233019557491,113.7526788232155,0,Normal
63.327785540010886,1.8634964146289674,9.160986838760923,1416.4797191903394,4387.626213098896,120.44185998810435,0,Normal
71.83180881322119,6.094603021192067,6.821305137923052,1756.7153895309877,9095.477280558714,105.89689929711987,1,Shaft Misalignment
64.73368720003157,2.756473242818164,8.47204798342438,1474.518243366651,3945.533871783758,125.00493945388644,0,Normal
85.76069092374001,7.014546378614307,6.903241429760512,1463.9765063272132,6138.199125126759,89.1573331419346,1,Bearing Failure
86.4627709581479,6.661151990187311,8.607436872373018,1718.3294539951037,7108.361149177944,108.49729682076367,1,Shaft Misalignment
64.92900965117668,1.8491052574206992,8.041401277178725,1459.6162244766447,1079.975493590759,112.4371994135421,0,Normal
66.18880582297446,1.9024312055300605,7.783338035809658,1454.853091309825,3437.1487902398057,123.21814461761038,0,Normal
68.82752041890416,3.155859929695254,8.488433240457894,1485.3209823146474,1332.3672343141852,118.60687061441391,0,Normal
77.71587594883025,4.415578871822892,6.113219875226969,1459.0252316944543,8822.859878650695,82.12530243950044,1,Cavitation
80.08765711965313,5.537083620513673,6.337695277208207,1505.5249932823692,4955.0135690699935,79.67477068716343,1,Cavitation
96.22577656077576,5.098053056049453,7.454882339241593,1419.42600982781,7928.324632929093,121.16641178988895,1,Bearing Failure
61.64066369003562,2.7101359258328794,8.657786199430209,1471.2921510735355,6063.228511509113,108.69332826877813,0,Normal
70.99853359196311,5.982072031750201,5.782289929654245,1423.6466940880114,5391.9557251104725,81.29731077202803,1,Cavitation
76.6811837663536,6.958472569198881,8.17080424419996,1154.410199317401,5741.413757581439,101.05250379664693,1,Shaft Misalignment
68.06755289654379,5.476156829686605,5.708005669948518,1475.2769438451603,4782.461746778836,83.0625490888728,1,Cavitation
80.02499407961417,7.710221031517156,8.029837083095591,1774.3085053655627,9236.105822231324,129.98273379289094,1,Shaft Misalignment
72.28239123527459,7.236771889502206,5.437768915878813,1452.756410268203,8817.15936383932,73.98087401823953,1,Cavitation
56.38828321565107,1.340025957000656,9.034572131967957,1419.0625003252935,6585.147667082284,122.96169511953393,0,Normal
69.63974012565609,3.054008465059722,8.271069758409332,1412.5443772685724,4882.048887067718,119.14820545379004,0,Normal
88.6856359595721,8.31388564871287,8.575085121226165,1338.8403805616588,6170.45315348332,110.0981790844696,1,Bearing Failure
63.14981693715902,0.5073312666465167,8.204889016847183,1446.7250329123665,5606.574227871985,124.50938923416125,0,Normal
75.45599705839076,7.442936407757259,7.770509871265019,1703.5397718335541,7436.043611676295,91.9178080210363,1,Shaft Misalignment
87.17566840349934,8.030394305924753,9.235411597316757,1446.0893939846649,7508.079426683625,107.91344461114156,1,Bearing Failure
62.84280510508222,1.5382649408416251,9.0211239165242,1460.1287636221261,666.2587850507448,118.54664344306487,0,Normal
74.33725040563334,8.658019010857195,7.259659748835635,1752.0135616732505,8242.996192258337,112.6228092428408,1,Shaft Misalignment
66.66012301039969,2.824217630353073,9.401687657694886,1481.7983410912075,3653.224506340205,123.25203476795,0,Normal
78.63706676259034,3.6845556744405537,6.296425540921134,1540.4721160732163,5302.303863232199,91.82220829956867,1,Cavitation
91.9713131404242,7.433013511155284,7.629247859218728,1441.9703030080193,9494.018336907793,119.84016490428884,1,Bearing Failure
66.15384269332304,3.0658582221529564,8.79651173860654,1488.1835936204134,5910.735560260612,113.21812616139017,0,Normal
93.19162694376728,8.196189715826245,9.029980243716565,1504.4519380475617,9169.403857419722,115.90244283658065,1,Bearing Failure
62.29420127387461,3.2460670411898205,9.195645893198247,1424.931017164338,6056.966684623648,101.61355055876916,0,Normal
62.01512856639463,1.0658173795183372,8.293889627487765,1486.5389492806962,6152.722951279114,120.7757614140868,0,Normal
61.278783165222144,2.004538542719105,9.18554940695596,1450.7187966006588,5334.576045941565,128.08895257155484,0,Normal
84.84577116818811,7.404467092924462,7.317828228976676,1508.7135837273554,6196.3412490687615,101.60853364069112,1,Bearing Failure
91.27038210237728,7.528161739266191,8.066185668655804,1214.965493675818,8788.387125517065,105.15071219282213,1,Shaft Misalignment
70.02384564639561,6.215489695660778,6.2335798462412715,1704.9532353514933,8199.823975396474,105.77363730284097,1,Shaft Misalignment
67.73948115901659,3.233099923656979,8.345168613723327,1461.2617203484742,2136.202608689435,108.04366753070904,0,Normal
70.55501495808898,4.877194066841438,5.498080686538555,1480.9958023602055,6376.687364916232,72.8508205580841,1,Cavitation
89.98438021058477,5.587321598534343,8.926106488095629,1372.110989461754,9717.728895278582,93.79541017561536,1,Bearing Failure
66.29200857767317,2.4982412688962268,8.738562184893954,1422.3324136367032,1948.9726009579633,115.19984334676832,0,Normal
77.86599709369118,5.626235907252499,7.542051518983158,1204.1209112362376,4883.09307794497,94.30214297921493,1,Shaft Misalignment
70.74480773256236,6.55674168329682,8.079419228039587,1729.2918814451377,7900.493870869226,99.05789127618334,1,Shaft Misalignment
62.39414286809557,2.840491437141388,7.95529036706204,1437.3608591234615,4079.283801426338,128.70546855147037,0,Normal
63.41084728990228,2.5909233284951623,8.095143346374137,1473.3348892508566,3824.663999857418,125.48712365150335,0,Normal
71.55790839033395,7.619739082384314,6.2880052821968775,1509.5429054835636,3061.4280154559724,71.0303281677359,1,Cavitation
73.59314732236379,6.328388541553003,5.312391103191,1426.1227603832485,4293.978958904483,62.305833478596675,1,Cavitation
65.3161607325655,2.334496024062126,7.920698368170258,1377.3740409648474,5908.264804922043,122.80460366090036,0,Normal
61.53528384926466,2.8459366723053967,8.969205711936645,1498.819055643243,5362.785200721021,116.69847872255298,0,Normal
78.99230669488941,6.181271159514055,5.047214329490158,1436.891803993743,3970.7315101417817,90.57902906435713,1,Cavitation
78.24039005606754,7.40990465526892,6.743843289504022,1388.6966236776782,5049.696374804009,77.34692511991005,1,Cavitation
100.94052693174213,7.064378421247346,9.059901132340592,1453.3021491418326,9078.787003895473,78.21857614146853,1,Bearing Failure
83.59197343793885,8.455935822330762,8.828484371807123,1380.1201990892564,8252.792369792645,100.05009801091934,1,Bearing Failure
75.18110285232633,5.275097073740028,5.541188627789582,1477.9874013794952,6164.646273346671,75.52604873893816,1,Cavitation
73.61116155299109,2.9199227463999318,8.611052684621145,1472.6635242292143,3306.869050216056,119.72793979358472,0,Normal
88.32661943483218,5.225040871617854,8.190895885103895,1796.3156247843074,4485.28878907099,116.57289242354037,1,Shaft Misalignment
87.63021072879884,8.739782595862472,7.534347484356891,1516.5220832972889,9380.06900386736,119.07496631207381,1,Bearing Failure
95.67145100763625,8.582999938516869,7.2465331688185595,1409.5725936604315,7982.615683532988,114.57537163279767,1,Bearing Failure
75.33334877706892,3.3755888339561153,5.059077249459352,1457.87587486664,5038.835672974575,76.36740373768913,1,Cavitation
94.69722185046129,7.473043632642597,8.881655431969287,1552.774159018648,8630.638043395527,91.07629217689703,1,Bearing Failure
68.32912187045153,2.193981306796559,7.816087351191353,1473.5803102329571,4738.254437096578,113.81097657726552,0,Normal
61.20126864470701,2.6827224391095745,8.1227032154833,1449.265527316174,2266.5646383962626,116.05653474175146,0,Normal
84.05257504279881,7.60317393879364,7.97758683685905,1746.1232058695048,8944.450808286516,101.48117825859548,1,Shaft Misalignment
60.44410207428201,1.9505129174946854,8.630519991293454,1464.918773488383,6522.5460193315785,121.37647137893008,0,Normal
71.25154594448757,2.2968044873263795,9.236579378657233,1385.7826533465666,1864.0627031495064,125.82590485844692,0,Normal
67.99046136388728,2.2557809038323646,8.803627508877462,1496.5884314095963,6484.47486760302,121.92184500616358,0,Normal
80.62633056116864,7.649872197935275,8.41775564413157,1537.4462769622262,7332.816928503436,111.86288541731814,1,Bearing Failure
59.020228299722056,2.6646854809466856,7.65145500952972,1407.8277982958368,3105.8676967643196,119.14097105271964,0,Normal
65.24008908579039,3.152391027195177,9.0223556208823,1411.2823914290807,4556.109145307048,124.42135173618212,0,Normal
55.05322066470526,1.820421453214049,8.749559324063618,1476.938124332638,2985.2173468921533,127.60223426790624,0,Normal
89.88045140066411,7.1423655920501785,7.850426261791097,1618.9591207707026,6227.009478484142,122.3966525197045,1,Shaft Misalignment
63.30455852736586,2.55760556079823,8.601037253080657,1449.8319233843538,3585.730604258142,133.64289885210468,0,Normal
80.81324029343097,6.180338690663888,5.128395304708049,1402.0322519675938,5109.168249581282,68.5440358248174,1,Cavitation
59.166532304050016,2.253364837145005,7.407736531205948,1393.964201632929,1353.8769047864882,122.85029238648241,0,Normal
70.2625118271776,3.122284815948475,7.9985455796098845,1489.572457276009,6952.12119492071,105.7898429254492,0,Normal
89.9467516261151,5.696137207437635,6.325630656980883,1500.686462546902,6676.64757536968,130.11539596870142,1,Bearing Failure
89.28408633820501,8.204338601147596,8.614749798708496,1345.4970028080338,9385.109489891676,96.45690349585638,1,Bearing Failure
75.565868909824,7.6540318416835875,7.942111578487121,1518.1714824785524,9198.314576408013,119.39293483835469,1,Bearing Failure
79.95706815180138,7.180173722111244,8.101017013604555,1339.977653942234,7053.454475992317,109.52097288450688,1,Bearing Failure
63.295304097216174,2.943718772010251,7.790262140698598,1416.391816846446,637.8523291041994,114.09821929794526,0,Normal
82.68316040191542,8.929961186789678,7.951570766187016,1400.879995767992,9550.169095365978,107.65114005381412,1,Bearing Failure
92.95677180293771,9.387166061671248,7.176125756458473,1518.2746104882751,7929.274320270389,101.69636537506369,1,Bearing Failure
74.61426088368589,5.907297177042894,8.458663539959632,1192.8498722792915,5142.621001567047,113.7754755345142,1,Shaft Misalignment
71.14808357584391,6.848095291787345,7.726090077071135,1800.0,4327.4927590137295,92.93418471292522,1,Shaft Misalignment
64.67245839040254,1.912654332006367,8.615355503638323,1477.802713148525,2536.0777201954215,112.67033780075714,0,Normal
85.87709484272692,6.26813131186692,8.405509051555745,1505.7260521045464,7545.918999949834,100.61921351896463,1,Bearing Failure
93.12354653217209,7.460970723750494,7.256574333607159,1463.150212821426,8190.038591249826,110.49887681902017,1,Bearing Failure
61.74236260117122,2.541159012537316,7.7401055983240035,1423.1129923499982,6995.67829840225,125.5779043711225,0,Normal
88.7405750902219,6.041786886181249,9.141090975412087,1472.2204160397307,6879.531958829396,90.84086870463122,1,Bearing Failure
63.14097159608332,1.5249406187692824,8.132418844966516,1527.683120406608,5032.617507066452,113.18423003960021,0,Normal
79.31973318634934,5.988276496790807,5.569583830101618,1431.328515249191,7553.860991124184,85.04917376650695,1,Cavitation
90.11353197342146,5.870118155649315,6.875718599945451,1453.6724202380362,6463.084139178324,103.45224326063226,1,Bearing Failure
87.1133443776951,5.1535110699751225,5.896358671744866,1462.2232371675623,3530.676881634527,77.91122358315053,1,Cavitation
83.37383484697838,6.463259694434086,7.459746293698296,1715.0399750415268,5385.671168250124,104.03029482331358,1,Shaft Misalignment
68.10628047101764,1.9731189561564138,9.410290134132483,1487.0608073738579,4604.738837467374,127.62119474953953,0,Normal
63.155983674055655,3.0675645763836625,8.599028462942576,1368.6257652846255,797.2229959547725,117.31913963737578,0,Normal
79.92741285536654,6.818515288780678,7.232490849241291,1680.791862890334,8900.005531971756,79.5399493537853,1,Shaft Misalignment
83.52869629763437,7.513988115887713,9.484921150814008,1527.1241404095776,6089.2914915908705,115.9802354926017,1,Bearing Failure
63.65432224204378,2.4098487855900057,8.47969348933966,1478.6532393715313,3914.128021398173,147.1850185413032,0,Normal
78.12205627086347,7.551859032200536,7.77078499445356,1192.1021947159545,6315.279092824711,111.03996649116633,1,Shaft Misalignment
76.97929154861265,5.557986669881433,6.981363502944534,1210.5553047723013,6809.298899038945,93.67117186645727,1,Shaft Misalignment
87.18066078330722,8.781076392091181,8.690959039224861,1405.9603432672814,9417.681637525578,122.98414979164819,1,Bearing Failure
65.08876273086643,2.110887022297208,9.32581947434294,1445.1891224269693,2332.3095088956607,112.63687657731494,0,Normal
67.15006761905677,2.2918159281369297,8.061322132422553,1517.4402779908178,730.7718966711103,139.29312153430854,0,Normal
69.0077986675715,1.0278580248670508,8.292438264231489,1438.451783409429,4207.999480096828,115.72332585875638,0,Normal
66.65523843693484,2.1147645027795803,9.012717465637296,1470.4709285048164,5031.286741954388,129.4839712876212,0,Normal
80.98767453059004,7.7854869431991665,6.929689482909648,1476.1814556046672,7731.223498201951,103.92495779541949,1,Bearing Failure
75.51620829349542,4.030103206559401,5.678598856344024,1502.8884323651118,7463.191685329027,74.52164245302227,1,Cavitation
80.53426812236285,6.098512221079691,6.2463322094677745,1523.4821943329212,3608.6609822507075,76.58376435268146,1,Cavitation
65.78177761658458,2.4957847482623285,8.837701385954118,1468.2498348892855,1141.3697291733868,115.27580344128461,0,Normal
85.85663878467574,4.690968967317319,8.512038114839019,1664.880056797426,5518.176565348281,121.56121617409227,1,Shaft Misalignment
83.62605621143807,7.823637277036939,6.398576779314122,1791.342190980785,8315.41160811948,118.20992188549319,1,Shaft Misalignment
92.11514691165051,5.346269426208538,8.312887201906896,1411.6848504912982,6033.418816688554,107.92951833518835,1,Bearing Failure
82.53628665588487,6.002625850349712,8.569359715840596,1800.0,7282.063745289493,109.93195688489878,1,Shaft Misalignment
69.1441844260102,2.1960172944574694,8.210954531712176,1567.764640359304,6915.914727526683,121.87027437069247,0,Normal
66.91369809354227,2.4892921541239064,7.787157959213752,1438.1847206124319,4738.0949997043535,125.32453758300241,0,Normal
93.670713402834,7.875585748957371,8.581146571627805,1416.9619050907247,6544.242602034679,94.85975105841663,1,Bearing Failure
60.889171966552965,1.727436829808163,8.049775769310987,1506.7782272319137,4109.211596951612,131.60069633740602,0,Normal
99.54903017247919,7.786015807634625,7.405683597542575,1537.922765649911,7654.162090973955,111.42313362589567,1,Bearing Failure
72.97819003654989,5.313720864244916,5.083664355130173,1457.2918235107693,8009.842714097774,82.68239549213071,1,Cavitation
76.68835120509527,6.97158405462902,8.67383263781205,1163.9687761846594,7034.845349687226,98.9247909007929,1,Shaft Misalignment
79.03527567399526,6.8641486658962165,5.622583425822208,1500.8669270985738,5070.383197099816,73.91825466873311,1,Cavitation
86.39759381111328,6.836448355662292,7.703228589789524,1342.3185004650475,7056.4082172840435,111.77608602170622,1,Bearing Failure
92.60334776471973,8.213429026017142,8.551340551268469,1398.4275507194732,7913.929583011486,94.03048202845369,1,Bearing Failure
57.324312907878046,2.2834832193907992,8.980512606199214,1513.841641380921,5221.224266514187,121.87168455859553,0,Normal
65.56188340813948,3.1179240043075493,8.783739317068639,1444.8050942753043,2122.725602928968,121.32815078299657,0,Normal
66.78486379633463,2.5487670532337194,8.481053459141584,1545.5348797148176,4693.475541455872,129.47405316156937,0,Normal
76.23326545447179,7.952755545126183,9.070123495378636,1175.9477017639128,6437.20039927603,90.27962926973208,1,Shaft Misalignment
61.73631857218244,2.1678260115246144,8.316813576366767,1403.1998525424056,623.1695097412614,125.42370631679468,0,Normal
60.087580483319094,2.7629952576859864,8.74849285981189,1447.0490854508123,6247.229980698587,105.89095762449325,0,Normal
73.88537532622313,7.738562672929443,8.533527108239248,1368.9336277471718,7457.074459591289,101.80360449491236,1,Bearing Failure
64.82871590447996,2.4506016699896773,7.562095453576184,1510.8111195553133,2334.761937119153,126.90871484736078,0,Normal
71.41869716850704,2.5281271259819866,7.591866749933002,1381.9951652468694,2146.7643690735836,123.56924590369813,0,Normal
78.20905378000116,6.003244344078199,4.5,1479.7769161099968,5694.83122286679,81.33664398406916,1,Cavitation
59.343220611740456,1.806774070304218,8.624576229236514,1348.2193127079288,3598.467719279519,115.91741229840554,0,Normal
71.73240297778015,3.435845168370378,7.926467200140461,1459.9894427145525,778.763938956171,116.55244959611818,0,Normal
61.6633330939176,1.1548504392946521,8.602727843518151,1418.9757358159043,2373.3777949126893,121.27872461732318,0,Normal
90.46552596329063,8.137931960055289,6.910424146058863,1414.8825681210178,8736.790973898722,101.75524842503575,1,Bearing Failure
73.87840514560948,6.859584872343556,5.839900742029366,1506.9777768012734,3802.1739263966174,74.90110428357751,1,Cavitation
86.34429128982318,7.138276163906614,7.955974293170099,1423.1273413040824,7111.331598258617,107.79748000699985,1,Bearing Failure
65.60741405035819,4.736700006857912,8.886200071065687,1454.2675523362716,4913.774496375423,125.38619777396602,0,Normal
63.03980065651439,2.1827670202979106,8.793557198535492,1456.4044356255838,5535.823757333729,126.05049032551527,0,Normal
80.55027963005097,8.53162311287164,8.388322065769946,1494.4014551668058,8817.876535317077,108.10720923334229,1,Bearing Failure
62.02942184756008,1.6644107453300478,9.141689582523325,1538.2211827306166,4742.732804551957,129.59469424742602,0,Normal
94.04657845390938,6.87509003757692,7.847562732819227,1499.7729532135093,9650.410086955604,114.26708473009714,1,Bearing Failure
74.79331397595415,6.019599616577628,5.398784980067581,1478.9464324285618,6706.1675171315455,81.68033859088374,1,Cavitation
73.24610897199223,5.7722803851642475,6.1577465483847424,1380.0460785907762,8019.721262205949,65.83770566207512,1,Cavitation
69.37640713317589,2.38425077734517,8.294396594714591,1397.1152823422503,5574.059543564063,122.39984962210062,0,Normal
57.188384191999866,2.6651671174604905,8.451954390415633,1530.9176830522633,5517.928956655491,110.0288520116867,0,Normal
56.66618296605401,1.6031463121302136,8.568298697794376,1451.0154111188908,1584.3930821767085,125.62452117392881,0,Normal
89.4749339600518,8.294426689250848,6.625905664643095,1462.6342451400365,7249.384574874367,105.52478057170451,1,Bearing Failure
63.4364381138352,2.215153927121922,9.035688004875077,1416.2590875656044,4568.296769273276,123.04790992107147,0,Normal
77.22246233595573,5.942627671487995,8.183211306735718,1653.8797759648587,6926.6592311258855,84.97857446759448,1,Shaft Misalignment
87.48973396577186,7.5796426898938964,9.12034654606774,1504.493327595757,6038.155816102179,109.46449198816731,1,Bearing Failure
75.25996016087322,7.304066463348837,5.276425086110021,1479.2769129169249,8837.139628262057,81.44453907249527,1,Cavitation
78.161102193518,5.133020368153454,5.587222464095822,1406.7744487420891,6498.691969760563,71.091075487106,1,Cavitation
90.72701543251377,6.271509323619092,7.914968187014969,1471.1411266188431,6422.302568877853,105.02183590837036,1,Bearing Failure
79.53339515851403,5.597830842605637,6.294643038197044,1514.4065262914578,4166.7749263936885,71.4449993549985,1,Cavitation
64.16091557827617,3.2378021958338534,8.29364987915002,1427.1852274072344,6650.338250646452,120.13273535491543,0,Normal
85.65239371055476,6.611075190940229,7.63830362339908,1436.8284050531715,6609.040520447506,101.21607307306198,1,Bearing Failure
87.05544011896501,6.882117170592518,8.112479848687958,1800.0,8166.398467730645,109.73217065811983,1,Shaft Misalignment
59.17114691416516,3.6141061977095035,8.491232045658274,1421.1478899817018,5786.731638793204,123.60043736948117,0,Normal
62.13889420862853,1.342350084394004,8.26216995471076,1431.3990445958968,3261.6033770879367,125.16864750110183,0,Normal
78.73227298835552,10.0,8.186324505642926,1456.7016478064004,6448.794257882257,107.98814224908146,1,Bearing Failure
73.25089946632033,4.914406714082057,5.61385016509824,1439.1887215124475,8918.073138542082,83.5146334946987,1,Cavitation
76.85567856467124,7.738944554641995,7.7895041355022,1531.3497082351964,6284.3557929768685,94.8060668107639,1,Bearing Failure
66.38476985354384,6.311261699667504,5.535774501049804,1400.98431270247,6251.285722636087,84.89884931576013,1,Cavitation
74.67564279473319,6.207920067383958,6.29297419165736,1524.558320214009,7438.929806193579,75.59571211856985,1,Cavitation
62.96837886015494,1.5865134086737336,8.422296795347078,1464.2749325327156,3016.177029397674,112.41038772269467,0,Normal
69.45072654283112,2.921462390305638,8.039317212431333,1479.9052071589738,4492.956663664939,132.795137093754,0,Normal
61.746716893319025,2.3040114620868333,9.501213733822398,1437.697143315368,6184.284417747501,109.88895336740711,0,Normal
58.855654100690366,2.010308922579504,9.264518825121105,1481.7744064783349,4470.792800919732,110.97991919238112,0,Normal
91.40064808742328,6.141570754892772,7.570140979414228,1481.1807820309587,6364.5290056772,104.15772237586417,1,Bearing Failure
82.08494525503652,6.553452165760636,8.019610354369831,1678.676314102975,7300.839564404881,94.65620617837068,1,Shaft Misalignment
86.14443866787063,7.015634066365459,6.937473245922966,1544.1619567413177,8820.813408007578,99.14595661530134,1,Bearing Failure
68.65996215804783,3.6914677296238403,9.170652937421144,1461.866373060642,6687.82290559939,111.6442196929689,0,Normal
64.32653066424672,2.536700741570497,8.232566191452326,1446.4112868483098,5349.52823440362,96.99174174362867,0,Normal
89.22695225113003,6.745026864162791,6.991063684329282,1384.139813504667,8932.285480670073,112.57986759547896,1,Bearing Failure
62.34115341874593,5.772893992219074,5.7291212229862305,1456.7781708207356,7002.221142752123,83.8281491481163,1,Cavitation
74.59608198058513,2.9384285848597873,7.857357444378563,1506.2823159018847,993.9414727430029,115.10638340216389,0,Normal
69.8076919860658,5.963646128715916,5.44790432776365,1461.9830264641398,8706.378178337389,90.27248967896331,1,Cavitation
64.01609083308632,1.5806905503511266,8.507991883361099,1439.9829113025296,6693.06691748586,121.9615767214547,0,Normal
81.19708483747628,7.727015736955906,7.586701132158174,1492.0497459895,9705.481794822119,97.02113178504109,1,Bearing Failure
59.6220860554026,5.274429518352335,5.555623468113615,1495.420639540406,5776.506489778671,72.87909787382118,1,Cavitation
84.54940523534694,5.893131983955545,7.640136062574026,1126.7834643698131,7064.073896546332,114.92354731246789,1,Shaft Misalignment
72.42670524953901,5.831005567560296,8.799765973652901,1746.6759996571197,7958.257341954791,102.59267838255924,1,Shaft Misalignment
54.60515217516242,2.6202700234773078,8.946188567442453,1398.882004587152,1278.9643000178253,122.32030242443122,0,Normal
83.2197556161981,6.748956738638199,6.997178854039522,1787.613556911488,5030.774807922935,119.3615850637424,1,Shaft Misalignment
56.1325407308069,1.9032942308957932,8.910502929966276,1449.6674315012801,3413.893087331616,116.89699329336331,0,Normal
67.83388734407772,2.171945111192768,7.781423105094395,1398.9557730517508,4643.51358770455,128.0499259784931,0,Normal
68.80596186350755,1.596350253758759,8.291122437539592,1379.1577279065127,5451.185792118721,114.37074898147934,0,Normal
80.03290090373362,2.368422204087733,9.400066520201394,1440.610701931079,3914.9160901450164,126.34098314639564,0,Normal
67.41660339312945,2.917431820507046,8.115964822267816,1370.656972875414,1836.332798107083,123.73864903716519,0,Normal
91.3033415969574,6.732652514061836,7.212741018166905,1420.2610748272396,7327.933578173153,121.71835858744389,1,Bearing Failure
78.12317341059162,6.52398752617553,7.204758427860545,1695.9027540150241,4433.184969996016,96.84861718030041,1,Shaft Misalignment
79.52390759795853,6.80377161962782,9.635302269719737,1471.4712640662792,7680.4121256229855,105.658602564958,1,Bearing Failure
79.88314347464471,5.506995535003682,8.115571476170711,1673.5843806311286,8971.430805670401,119.92755353632023,1,Shaft Misalignment
82.78440918273347,5.799525390842121,4.916494817497225,1493.036233862006,8334.003664887996,63.56888699193044,1,Cavitation
87.11773263736065,7.969307792419895,7.490209371786811,1473.443282555386,9939.61699653965,105.17855301482174,1,Bearing Failure
59.215939521735095,2.9429155095283646,9.529492847897169,1415.786663888559,4637.861179518953,114.62419077317203,0,Normal
62.23862754788678,2.327876212660838,8.197112292550724,1381.0262527841405,6766.1846387008945,129.34700987149776,0,Normal
66.01191750993962,2.2725179829312516,7.965282412324216,1472.2769206603348,3027.485992502484,115.11876288637961,0,Normal
77.48317307489948,6.635100011597926,6.000084802600249,1349.2968362881118,3370.081777518573,77.42868017301878,1,Cavitation
67.4861657567893,2.7970827220275836,8.18926329764276,1534.500771638512,6120.4053918067275,125.13503249182216,0,Normal
66.55549165718135,6.058460456834026,6.24815509288933,1386.9512620545697,5991.960124911927,80.06183792968842,1,Cavitation
74.02317617016429,4.766908384844145,8.392354361099098,1167.4591116196646,5290.13587928651,109.5281139330507,1,Shaft Misalignment
62.506574880318105,2.691859308089117,8.408650114039057,1462.740034119927,2138.3700355363044,132.50199028042408,0,Normal
56.90811717166269,1.5805717606180458,8.718816715036489,1398.9677522893792,3748.995501605998,134.8771799488289,0,Normal
78.54656405948238,6.836517566451703,7.754743908908936,1651.0935035022314,7336.266072003778,113.66683311735474,1,Shaft Misalignment
67.96338953630918,3.1171843660438485,8.338312077047764,1422.523063381626,4450.103087931659,123.80094362670724,0,Normal
87.8829111834898,6.592131191522591,8.315957622011826,1431.637272096135,9066.84669768287,101.2043992507084,1,Bearing Failure
61.91928270975528,1.8758807734267162,8.849407835140239,1507.9528043335085,5595.691367635966,117.47934457672861,0,Normal
77.87067683549418,6.17927043689996,7.995305912150243,1800.0,6479.860330351879,103.52902015895515,1,Shaft Misalignment
78.1841181172856,6.77911842475074,7.938590318590965,1629.707655577818,6067.57846598908,115.40170416426531,1,Shaft Misalignment
65.18822532548575,2.4183184906798156,9.490077175765697,1472.9962416366016,1998.4782929461633,124.2436148247132,0,Normal
97.37359066393041,10.0,8.175359942628917,1410.2144695704767,9644.9806230172,102.52132940754734,1,Bearing Failure
64.20024557715848,1.8762851945674144,8.335912436579424,1473.3074784672647,938.255130323931,109.34164101182729,0,Normal
90.436564113092,6.685846743402396,7.184358600024298,1362.3818538874466,9244.625046350022,106.87941776432757,1,Bearing Failure
87.50136814950037,8.59667088749613,8.881521605926535,1453.1967226338923,8954.23799246318,116.4696286825517,1,Bearing Failure
80.61770072732666,5.565681463494525,8.411991341355412,1379.5709176414123,8122.962373847483,120.73390629996405,1,Bearing Failure
66.75185108193169,1.9934055776901571,8.551242321079103,1430.6868963677232,6153.02325153562,118.99094591740925,0,Normal
59.89027715419194,1.8551272970138657,7.408691649828516,1452.4254995293888,1278.4106344398288,131.316246344884,0,Normal
62.699064755510605,2.7762533607906335,8.051765281124899,1497.850439532275,5035.828980061017,115.46993944859145,0,Normal
88.88797365724017,8.01883454528099,8.054010617942168,1397.1430354001466,8865.491891755633,125.12030027571846,1,Bearing Failure
58.47321291149659,2.654801945804306,7.993063842769017,1503.1595354032618,1807.7802560359946,122.91203906031083,0,Normal
63.453357536128514,3.040971669354847,7.789165475970484,1371.1711487261773,6495.0998996113485,111.42625536521422,0,Normal
72.07321333747674,3.0739736870412946,7.801894092812484,1411.0283775669348,5248.345251171123,113.74522500781327,0,Normal
65.95446371754734,3.045653977844118,8.441351813885051,1469.951674936175,618.23911337651,115.89815554879006,0,Normal
77.46304743406526,6.452762587848065,7.150433234774797,1446.190716502404,4975.654375334746,81.82939494069218,1,Cavitation
67.6071084375439,2.550336257944436,8.472215888637482,1517.0914066475182,2067.1694278931263,127.71134162107069,0,Normal
74.21584604593454,8.64030877983656,9.165975356359727,1756.546771705079,6238.340667354039,93.66540360949541,1,Shaft Misalignment
66.7268585175411,6.676959249739833,9.645237384108013,1783.5406114828456,8687.148319209877,108.59523160280322,1,Shaft Misalignment
65.84701537456034,2.72820199018953,9.267560869906326,1502.407794242172,4069.930649264614,126.91667833401416,0,Normal
61.38872963801852,2.4139722970960147,9.284817252288857,1476.7492692342114,2582.2832866785793,114.40173804636323,0,Normal
79.47950210186373,7.721770782441386,7.031972856509223,1476.245469143376,6271.704816891305,97.49452810996952,1,Bearing Failure
87.71501532727082,7.7102462200022925,9.184284386267208,1542.714262765821,7675.03596193062,98.66727295289728,1,Bearing Failure
66.32731329747864,3.316405621664623,8.513276676899734,1450.914300393805,6676.814953474146,125.90010314898281,0,Normal
90.66043412525332,8.299910952490803,8.373889683156271,1462.9246841638073,7288.773802591852,103.34107317153617,1,Bearing Failure
91.01730811071263,7.292264252650848,6.968895478903317,1341.936033716921,8301.533462216838,112.89057468083202,1,Bearing Failure
75.18021416420056,2.2498602183283665,7.979497390858106,1473.3373427662386,1800.31611549861,126.98991054473066,0,Normal
71.88987166962707,3.7892237763622307,8.760607895594362,1366.626735146288,5773.377550649258,125.04435366946761,0,Normal
73.42810018724298,4.727136975571396,8.653505735284368,1190.3560638535437,7133.507681365144,106.86047712151212,1,Shaft Misalignment
78.73327054549867,8.020176421600272,7.991887150976825,1483.963447529924,8835.4284528171,100.16516091596183,1,Bearing Failure
95.71931872551897,7.798914608528553,8.135724761271362,1409.269447338067,6990.823551963032,116.26723636778634,1,Bearing Failure
92.37863762220518,6.568998288367559,8.030121681324896,1491.2114746607353,8160.116769042751,85.18756379446219,1,Bearing Failure
68.60257392116985,6.520680510749801,8.563475428273318,1195.3988822936067,7405.522668734363,115.87284417598744,1,Shaft Misalignment
86.946712488214,7.374962715679601,7.850076727640602,1481.8275273963422,7286.736186668138,98.77327022683122,1,Bearing Failure
82.02762082023212,7.246023952982816,7.560721998079149,1617.3256725672056,9356.673209652914,110.55826027575128,1,Shaft Misalignment
83.47405216872156,6.175214089600775,8.324196935982528,1428.6219209360763,7032.811837874277,105.80601799015813,1,Bearing Failure
85.05894262581019,5.728290312941629,8.903493860718491,1789.8173751955921,4062.6431744870406,95.65845792950458,1,Shaft Misalignment
69.52661548037642,2.4255635932382256,8.527537819157356,1387.144176220681,5808.411805293502,110.82343883446997,0,Normal
65.9478855913482,7.5325330906092764,5.120466751555609,1424.2590168801312,3970.8848429868435,88.70703923011166,1,Cavitation
58.22509748654816,2.983012476854718,7.358954126610097,1420.9947103791553,1636.7511736585072,95.2541946004387,0,Normal
66.92280550708374,3.0422445621744445,8.240352487367534,1493.344191968259,953.8941093292173,115.05243249822968,0,Normal
57.54286631171987,2.572775098540049,8.277264556616563,1459.3855198376534,4226.604135169651,126.5768867782625,0,Normal
58.82148488975295,2.3967751844407164,9.21908460057285,1456.609602002597,3094.210447123269,120.10017491463829,0,Normal
80.4455629741368,8.1445497258872,7.64731950499038,1441.4760151824548,8350.546058752836,120.79718780087006,1,Bearing Failure
64.43257304581685,3.2714458612798385,7.705414357744335,1409.898174704419,3039.877260109106,129.75594418053302,0,Normal
75.3175777886345,6.767030794484571,5.3004200282740115,1468.684207173505,4624.97416769206,89.74794723489703,1,Cavitation
72.6046736429286,2.12012067416176,8.598715570784119,1461.801782689946,5412.4881061704,113.70147502214725,0,Normal
76.61816236256489,5.978667618368912,6.641331457324057,1557.411960097882,5734.237706521785,73.30525856380652,1,Cavitation
75.39180084323245,6.004842351912075,6.609557978142213,1758.1601809637828,6321.256166462367,102.12387450185007,1,Shaft Misalignment
67.87567551825565,2.9867833034186555,9.17132662250574,1523.8826887155367,6978.733391516509,127.27111229095429,0,Normal
63.565151817438185,2.677592742905777,8.696481876308914,1451.8891236919264,3667.936251488092,109.77264062114281,0,Normal
91.02530642915058,7.198049258314823,8.708039706196617,1582.925528526131,5577.068291916123,108.88214991591073,1,Shaft Misalignment
65.5628362763539,2.048835027310807,8.234191031769228,1441.8591040912765,1260.6740252698896,122.22934764958129,0,Normal
59.15676285029844,2.232965593667648,8.770946410237952,1485.6152838306018,3224.800047259774,126.4794759400067,0,Normal
63.21999293136043,3.4524254001679995,8.832582821971188,1412.6520923547362,4367.109603460962,123.1795732604221,0,Normal
78.72642526199247,7.210085637025875,8.165658195887037,1386.0655413888348,8902.199760830297,114.85899232949244,1,Bearing Failure
66.63905536787061,3.071486894171683,8.094553031899876,1464.6725617314178,6647.547232101257,122.81125335073827,0,Normal
61.53592695974954,2.2389146743586683,8.504762078966804,1444.1209207181146,1196.5185300250023,131.47341629216263,0,Normal
73.61798758380999,4.640100146875803,6.656410859933046,1480.5273468315345,3679.2880596593723,78.369992496524,1,Cavitation
78.49265560538767,7.448845031181159,5.48376929628727,1361.600678120011,4651.3353550757165,69.11616702595008,1,Cavitation
85.01653516270449,8.03020701410508,7.631219719162355,1449.6676987471988,6935.373022384519,119.57598478471245,1,Bearing Failure
80.70931755141889,6.685875232708129,5.796581401117607,1413.10724351798,4393.347686533917,73.34887982976008,1,Cavitation
73.99965789654745,7.350737048559099,7.512181058040116,1648.7466612427838,4672.629464977418,91.29862257240107,1,Shaft Misalignment
87.36569185179341,8.00581026564366,7.856295184164025,1464.8824385737482,8191.483242548879,123.47866995702103,1,Bearing Failure
89.64838843130144,5.3934644993370435,5.0270705151070105,1458.1802954808895,8182.298487678921,71.09595321911587,1,Cavitation
71.52977992398982,2.002041327943563,7.8429594411253625,1406.6181636039555,1254.3550222156532,128.35683567959543,0,Normal
66.1506298135836,5.920722027053807,7.469606499039175,1100.0,7676.888261453625,100.82551030944681,1,Shaft Misalignment
78.08577274208875,6.817744161089909,5.12708435206793,1478.9736409456357,4575.029215324291,84.84755972607925,1,Cavitation
81.06624326490703,8.071768262972009,6.456258614323538,1515.2325677062838,7212.415095207789,127.05187300159099,1,Bearing Failure
73.20350637740485,7.275119748297601,4.9954644957812535,1372.966513715429,4867.231043545689,84.64424483534742,1,Cavitation
78.7627741404158,7.757701959650481,7.14875077699177,1800.0,8288.679369764312,98.52465614692964,1,Shaft Misalignment
65.82929513399337,3.002194692780204,8.684248793419519,1431.6929202804627,4400.805609606728,128.5718074420365,0,Normal
71.25405069280554,5.133841633473929,6.7794583120411716,1425.369248319709,7124.644364777044,80.88662726721438,1,Cavitation
73.54814077992033,6.771191905329739,6.5066864623426035,1437.2892174855967,3899.584137240064,72.80044563753847,1,Cavitation
75.55005633044945,5.2302214678637275,6.361666893055408,1463.3903130736924,8726.694519940973,81.30309314705079,1,Cavitation
71.70516929480584,2.384831706740329,8.859375621553415,1467.7140667722842,4190.705202855638,115.19071154261852,0,Normal
75.71708815340737,4.924349516425113,5.968291522729517,1427.115771916046,4689.323176369175,86.3737017102061,1,Cavitation
84.24437027741125,6.479366006638324,5.4376588787950375,1399.2661187355134,3585.7694376511463,69.30871237315506,1,Cavitation
91.27936891242656,5.46914185482521,9.314901489062585,1482.044824634939,8751.128164956554,113.32309886254114,1,Bearing Failure
62.917686322695836,2.5057158263318815,8.616957458186695,1438.8558518710065,3643.9977084591437,119.08758095081588,0,Normal
64.07772764672715,2.9067040586307304,9.29804464609712,1428.2188753226121,2407.999201791044,128.45463687358972,0,Normal
81.93602634206403,6.398750389917855,5.556467144420453,1398.452606107069,5823.339846110552,72.28529214822503,1,Cavitation
88.29383963918814,8.69251998003992,7.188829832438805,1458.7369683259105,9583.701260154152,97.43746518873003,1,Bearing Failure
75.31989524057039,5.120080637818978,7.82566460716022,1486.6408134527478,6020.8500739077,108.48196853017978,1,Bearing Failure
77.95332648352189,5.588634511977844,4.6327922053924295,1420.582148876718,7668.753967719131,70.89696651571059,1,Cavitation
75.53385038098097,7.521622984073039,7.734868114377835,1284.1330161054898,7309.276347412558,103.71453706748044,1,Shaft Misalignment
60.82139421985256,1.4875185632721768,9.104257763623668,1454.4437277224683,6476.699810350099,135.0425368547534,0,Normal
57.900614178645355,2.5686856352912675,8.445736078717577,1483.0735452283645,3541.1544386205555,119.16792617820244,0,Normal
64.93606171009233,2.8667771339275787,8.819307761319124,1419.048809708227,6185.5536497213825,114.9433889450969,0,Normal
64.29998450634264,3.3263258842893233,8.87327642582679,1469.440700286633,3524.496776721429,119.27263357500964,0,Normal
68.04367794562208,2.1657216564566615,8.206792425555614,1425.2091148698448,4894.604722069749,125.49302553556927,0,Normal
68.35046544677897,2.2556369162827457,8.629665485673442,1471.0722216504798,1690.7843689270017,115.64424101392062,0,Normal
61.72228732094529,2.7994638651879535,8.386114361878018,1478.5694987092684,4858.9377631887455,114.18404139426355,0,Normal
85.34657284830388,7.860563001735545,7.297621233046071,1384.7320556552004,7974.197960972925,127.81228091401299,1,Bearing Failure
68.00200474645553,3.815281426151313,7.697396441061469,1462.5257490215076,3890.0297129931805,119.55660750414063,0,Normal
73.03324437588563,4.412811930321546,5.696341951995877,1481.176289941293,3464.9147847029485,92.44333477135825,1,Cavitation
64.21527597361411,2.5850659364796935,8.339741138167016,1505.8282992747002,651.7014383992062,121.37178552358102,0,Normal
63.73962017045013,2.903220967393265,8.289865697204549,1454.4289373674599,1714.0214335023406,124.03665451581912,0,Normal
59.374069491344194,2.7332913461582278,7.913063336846985,1494.505372208132,708.7122731333786,119.43103767335731,0,Normal
61.110542221096665,2.9422332530233426,8.750224483241526,1442.438556692304,6087.367217708766,123.41461697828505,0,Normal
70.72333078637836,2.829425086808639,8.19639477850211,1472.5124387980036,4726.062961364684,122.9402323804913,0,Normal
74.69140312562159,6.7262262814246085,6.833667533381375,1270.799575973969,8039.177318936658,108.66750041952264,1,Shaft Misalignment
100.36413360236752,8.863048321276752,7.949789712732299,1464.6661208787411,7576.532971313247,97.5883733136517,1,Bearing Failure
74.91098149629124,4.130696951589769,6.5530702548068325,1436.5164463964593,5662.892507292301,86.94172106304471,1,Cavitation
63.57515245605906,2.765166630285027,8.277085259512232,1416.9184973986085,5268.434408683221,120.0316974489686,0,Normal
60.46943563488804,2.1818921900945583,7.98014082116052,1482.0504618414327,2258.4035748754313,129.80194566226754,0,Normal
73.32104724444987,6.104277538756623,5.5695630473400985,1381.7632343015105,8954.47309894758,85.63030277670173,1,Cavitation
67.59137614018177,2.185426653381228,8.042458503573824,1401.61964636733,3193.262704805573,104.26324349675076,0,Normal
69.50421177489925,3.2655567716673177,8.4036927931212,1468.5261185415188,999.2454746364524,121.94206188715016,0,Normal
79.58164476719286,6.408684762275408,4.5,1384.3579863453638,8370.882953830367,60.50095268019166,1,Cavitation
78.8465697516335,6.345836615220459,8.598641055423784,1465.857412609195,7984.703704404461,101.40501223354582,1,Bearing Failure
59.99431221057425,3.4602383793335765,9.205156153295324,1428.6581865046378,3746.5038721239407,120.3281740499477,0,Normal
64.5336270809155,2.1601218104907263,7.699203742737517,1393.4072217009607,1357.0497114183179,109.87232140959735,0,Normal
76.01654907628878,2.8792909778144637,8.562961910242727,1470.2654581963602,5705.7640081146665,106.4860726161384,0,Normal
79.10454260584554,6.005457844281314,5.03620952932212,1510.4684589167382,6734.899914174224,72.66989290911367,1,Cavitation
71.41692988120671,1.7975924298977832,9.009110214617229,1432.6780274104651,4824.772609713182,130.4602710425403,0,Normal
96.02816297669152,8.507580682762732,7.012700957323039,1515.1492791537248,6374.080494391638,94.63690752626229,1,Bearing Failure
85.97187846926786,7.317467126698372,7.360578994257444,1216.8206872268006,6381.9097782951085,98.62543475682386,1,Shaft Misalignment
63.97231167541416,2.3538746497776097,8.308621944216219,1390.9658510905435,4902.955233673152,113.00361180680758,0,Normal
59.68370656734361,2.1680553988961204,8.213148427853675,1448.0805682059768,5686.5538888235515,109.06138830972036,0,Normal
61.42979128111273,3.0585324296751026,9.405261239210496,1498.5977642741987,2027.1656584170526,120.84616306819298,0,Normal
63.03070716415393,3.801862449250399,8.657057924688695,1495.6979825200706,6838.244295797217,112.13485498986519,0,Normal
73.71473795593468,6.277552513493532,5.3334469614064455,1400.1534186798935,4625.455339481227,76.49517699563958,1,Cavitation
63.91280641768323,2.09290970741328,8.755472045612738,1527.4830694792863,1983.2874156438559,118.60059470168275,0,Normal
88.34718428456054,7.234407366737589,8.479115334345499,1424.7280710032253,7133.844597056317,116.18183017150707,1,Bearing Failure
55.373688937062575,2.936273488891296,8.789530786347335,1468.683637759743,2884.644562860491,119.27820321679873,0,Normal
78.55257043560931,6.299411938017487,6.725577031009557,1476.2168642788024,6716.7486039462465,80.75037263903961,1,Cavitation
65.50740778086607,7.0531491563792095,7.616259791283259,1173.6559642948903,7620.69091728334,96.74015821973484,1,Shaft Misalignment
70.23237637081681,5.222989769795096,5.454962703028232,1546.4316900446981,3318.3105954700836,82.06554351337523,1,Cavitation
65.5068932715609,6.746996038355348,5.693844276009791,1471.5407035348708,5165.889174203155,66.19457001447873,1,Cavitation
63.41851731817578,3.195200214004781,8.754043857210393,1386.366165725652,5844.18888780877,122.67576564046789,0,Normal
71.58838610715843,6.334744026822295,6.748464522484645,1444.7345450332928,3522.0703548440556,72.89667729272792,1,Cavitation
59.64622811830749,3.0796557132137923,8.780140446839477,1370.5483755251832,1165.6853003241904,108.94418100261875,0,Normal
65.02455279281777,3.1206160588087353,8.980750047151984,1495.9611225199317,2703.0854295906706,115.01152755760688,0,Normal
73.95111453461318,7.128330045741796,8.250013215300836,1656.8518531566338,4414.267876920727,85.88840674739512,1,Shaft Misalignment
61.405555068942604,1.8277360179251605,8.496549136200423,1497.243917088203,2802.6399727645535,111.26130961639191,0,Normal
67.33499210698285,5.043831939749331,5.358660588919702,1496.7400831347827,4002.881249958658,91.11305702343627,1,Cavitation
60.14136219872433,2.1955389322979815,9.059933314967873,1464.2493249147055,5849.1770801444045,120.44933805173694,0,Normal
74.64694381757245,7.500436677296692,7.986953221083962,1222.1975700259466,6554.036761001225,102.16313779072827,1,Shaft Misalignment
94.0228113378132,8.40373278429841,8.977614093765574,1554.8908274841556,8595.303506002456,114.57926865336238,1,Bearing Failure
59.518522051568745,2.11513040890128,8.571699421516765,1385.8400954098017,2062.338807176121,113.4207409818229,0,Normal
71.0938517432536,5.535432067570825,7.543662975230054,1182.243661782985,8469.811738566803,101.34817383706266,1,Shaft Misalignment
63.55041457068069,2.924427145085182,8.851005305764703,1434.5075384710658,5680.419755933405,111.21056501252492,0,Normal
89.57974748843083,9.06187012065606,7.617671891091014,1421.8693207394501,9715.029151552944,88.3420269724611,1,Bearing Failure
87.48948900609388,6.8005391264507224,7.725074567122045,1466.0186553922995,9556.369592995841,115.85177848172317,1,Bearing Failure
67.92906491777327,2.842918418140445,9.193922985172987,1405.2243648101637,4963.289180891413,116.2145351495431,0,Normal
60.74424153268202,2.3503913797039173,8.403947721725052,1483.8192913658088,6872.542829854992,128.021796400653,0,Normal
66.6183042219505,2.8611829005927127,8.77515943471257,1486.7212739491024,4009.4509194074058,101.76379756271503,0,Normal
63.057600466142596,2.370399147056132,8.666982574838094,1443.1528252081441,6465.716511362293,119.47110084838394,0,Normal
67.75822041020848,5.707624646906314,5.331106666829419,1415.4185787288343,6217.255026410001,87.62297888981374,1,Cavitation
94.27033687138723,7.62079023250111,7.474984122903998,1519.2998536324972,9983.96420378442,106.936617645168,1,Bearing Failure
54.5614205497145,3.8250446620382386,9.064154527281335,1431.9346661575194,5822.475813836693,120.7028640933115,0,Normal
81.99569302700439,6.367996147145727,7.448246626698578,1780.290921035802,7540.738344556846,95.63204765040618,1,Shaft Misalignment
89.85797835979349,7.3586418228840484,8.078811081934942,1403.317082047766,7600.491970681868,104.49546510782683,1,Bearing Failure
63.66615555388358,6.598485097019462,6.895813639121439,1591.4161212662773,7661.833004677944,100.43071907136432,1,Shaft Misalignment
62.477684582264665,2.3271703167969604,7.9623352976402,1417.4427555761072,6385.082541421952,120.1410374539131,0,Normal
76.93208275229193,4.544913886081851,7.357668807625568,1743.706740059155,6206.764997864305,109.10916133593034,1,Shaft Misalignment
68.04940023595209,2.4760441219759817,8.89746155693778,1503.9654042045372,4694.305409603159,135.43075171217404,0,Normal
94.17166186782026,6.756140610877084,7.196860938575069,1403.8635025063647,6676.230996534823,100.43302384976754,1,Bearing Failure
65.93764880151465,3.063010187814599,8.60474812386414,1492.0126962414793,5771.443274859055,120.63342770379978,0,Normal
67.43494069418533,2.467307143685318,9.57599128350215,1428.1526654623271,2924.9039545798532,131.0351529699611,0,Normal
62.3615740279152,2.6541744629103667,8.558790840330943,1519.3773236714956,3521.5560752862593,112.19807259919781,0,Normal
86.32004158715309,6.923949539239392,8.6551160510143,1526.7391849396392,6752.068614214311,108.19196444642121,1,Bearing Failure
59.25553465969905,2.3838489539778998,7.8071066717974045,1453.4358378259794,2651.8986228668177,116.96956420732758,0,Normal
67.84092001670199,2.082387903039429,9.152701213132584,1386.819783316509,5024.204145429239,113.90729707971025,0,Normal
71.35216677832386,2.793937063845786,8.327899201167497,1486.495462945691,6977.61880502587,127.00483944657535,0,Normal
56.15364958850612,2.6377560215695475,8.587204374280544,1474.1965530873426,3643.983253119868,132.2795701922521,0,Normal
63.59577039461844,1.8322961882329578,9.860566771816396,1468.1256999068328,1450.523642845805,114.66933638542577,0,Normal
67.53966334981008,2.10373157919545,8.110271899373885,1470.3800553129763,6963.796164801759,111.67626153688347,0,Normal
98.06833360271557,9.89844928558807,8.371759591683166,1390.440459072905,9583.467756631471,99.51194977222832,1,Bearing Failure
94.68449461681263,6.908354184657554,6.934996913359985,1481.955789256844,9271.385772241721,106.28558921369387,1,Bearing Failure
85.68759414101825,7.667043104169144,8.199697365817245,1469.3212287793128,9941.985085568342,103.1831352177453,1,Bearing Failure
82.32155195299666,7.80200309375869,7.168675192731976,1221.0303737954337,6867.671049446143,95.25832571827777,1,Shaft Misalignment
65.83808492764689,1.5035653029339895,8.928974299812172,1503.9929783681837,5852.444849435584,139.69356013747858,0,Normal
79.99873234165322,6.753403665216267,7.958227622581509,1763.037121261847,6447.213880495936,86.52402442982438,1,Shaft Misalignment
55.454718248244326,2.9617390862686044,9.05919064105529,1395.2591942909914,6034.648920540961,128.4003923324274,0,Normal
87.69086242885213,8.003090368623747,7.776876179327707,1388.2112890874894,9806.80962556215,113.0076542673959,1,Bearing Failure
63.6206302209173,2.390946513531884,8.212079893900995,1435.527440476619,1603.0130052130128,112.69346884422815,0,Normal
82.94079841426802,7.768839723558448,7.817563808203235,1465.9792945180818,6441.368911155109,104.41699537736928,1,Bearing Failure
69.77772774958912,2.811851006703646,8.382868371220471,1453.9431755589087,3777.5552540126714,113.55627972074588,0,Normal
64.79059972517466,2.443802605066433,8.137378161681108,1431.981473964651,2379.6586500668805,121.79141499157285,0,Normal
69.31678257302354,1.461065806019765,8.808406539369297,1503.9515049136066,3202.921326742193,103.4884925631751,0,Normal
72.31355494553806,7.41206943080928,5.276666970684156,1465.80522265532,5278.063247432464,81.62538278677076,1,Cavitation
68.53441460633326,2.9055198447624773,8.800768009256801,1426.3880845931362,924.0629521406407,115.33244978831134,0,Normal
91.54088641515123,6.336799842413031,7.280597150764931,1691.6506043078662,6716.0737467614745,86.3398232645551,1,Shaft Misalignment
60.75221575794591,2.741817547631708,8.044917491957479,1450.6761476222655,4328.924698933758,127.42635689626995,0,Normal
61.82568811679207,3.910511215740775,9.412670732815306,1380.0471504208501,1089.058838681397,121.48702306897813,0,Normal
56.26953167716376,2.1723913018090317,8.16730778050191,1451.6564115656993,6947.265902591595,125.9240856101359,0,Normal
53.466638931316155,2.257598403644048,7.676910978141418,1450.525144727108,6370.695446935409,137.94816298397214,0,Normal
71.41713810222711,8.791911266818687,9.307223402912946,1798.9914859361809,4246.226137786678,92.87943348273438,1,Shaft Misalignment
63.98697113540963,3.0880025416803365,8.652575417937486,1495.9236346558973,1747.198635165319,121.58636826971563,0,Normal
89.83103580748305,6.733520227091431,6.812032699697381,1512.500003985001,7838.446687094416,95.81214691122231,1,Bearing Failure
60.76893357356133,3.029939545185388,8.731131232227103,1400.6969578153808,1070.164671179768,132.2426765148353,0,Normal
72.77976862033404,2.6661034888781447,9.116775348684534,1461.4121602195326,1329.1955569003035,136.1447738626839,0,Normal
59.68921938736623,3.3373062329311796,8.128913903472975,1471.1519345664308,4608.361349840784,122.1356819343144,0,Normal
63.69695833833021,1.6075753321576138,8.543602496018634,1499.8921460265872,4502.651588659005,121.0839309785341,0,Normal
65.08494640192018,2.0180156507445366,8.867841079646293,1440.4929542290317,6468.121531086483,113.41889425807054,0,Normal
82.08699889851796,6.485208311309269,8.218718399306207,1509.4303254653514,6936.651006694946,124.64612249891537,1,Bearing Failure
64.66699486489013,1.1653695348346789,8.668451631988308,1468.0909751059432,1045.9317590295332,119.42856283009996,0,Normal
79.40919636376262,6.390301029652967,8.245587632097248,1406.9915141154872,6844.0923053553615,114.95052746657045,1,Bearing Failure
61.133032795690276,1.7261097197643895,8.905225683936644,1457.1606389043611,5621.117626285447,121.03788592824651,0,Normal
63.160683531517584,1.8944781085375662,9.609371678765424,1479.1496634586304,6376.91486787795,113.21546458491666,0,Normal
70.10995641646608,2.3841810895471123,8.995258245438253,1447.4953175352605,1394.4596184027494,114.30248157548913,0,Normal
65.81687067405744,3.9883993347173656,8.119370379433754,1449.55424289577,4654.932904742983,104.52868150658054,0,Normal
67.66172718169413,5.12646458761665,6.164960598452455,1389.9576703102152,3655.3265303251874,77.58373694884948,1,Cavitation
84.48790174661121,5.662176938832218,7.408707900907912,1744.0721731155913,8686.767601199617,108.35259994949372,1,Shaft Misalignment
76.62214199173816,7.277996245488406,8.52163822450313,1756.165878944451,7974.6747477914005,100.92207622989406,1,Shaft Misalignment
83.06917742265114,6.647011750866157,8.409592427484634,1129.1372549888138,4133.222861299753,115.99172297350317,1,Shaft Misalignment
69.33010532492301,3.384778676509073,7.546488056965087,1448.496816342043,1275.0919235751976,116.83946475098233,0,Normal
56.405450219855595,2.606378327888385,8.499464433231292,1389.2052785049796,3798.4405787895685,119.55685179614132,0,Normal
60.118970486966035,2.020590935551908,8.635478299620367,1555.0055766639446,5326.224393297872,125.31171352339788,0,Normal
65.4628052700704,1.3384117580711046,8.612085383083956,1447.7527077049335,5350.230401018039,115.4091156953221,0,Normal
89.57561997972769,6.397232538512401,7.897908896919468,1671.730189493354,6779.344265374289,115.35916209432034,1,Shaft Misalignment
69.16639308551717,2.8588931484788236,8.979195975808556,1514.224455329675,4171.283077060185,121.95278754801909,0,Normal
93.83231207754335,6.768787010463632,8.58823952615874,1431.6954676538646,6702.62277396465,117.16859709129001,1,Bearing Failure
65.00293993648796,2.999107812149764,7.717904284119841,1464.5812375179585,4603.218184070482,116.27818178942532,0,Normal
68.14051484916853,2.091534660204892,8.646132728077855,1503.181369758821,5094.921598143437,115.28461270810487,0,Normal
100.76378448249741,5.654576115195464,7.471476202862651,1563.7962441144357,6238.695441348429,122.06752354724148,1,Bearing Failure
65.11175277483183,1.9080045833655337,8.813438531764511,1448.0493739262754,6641.430444634792,123.9523201536992,0,Normal
57.60662431198851,2.8376430505568235,9.093628244966549,1437.1012110339786,1792.5164471863568,120.2969993436643,0,Normal
87.13626779577702,5.714299779121657,9.04892712689593,1190.4426771267165,5708.305342674313,105.58212727085056,1,Shaft Misalignment
88.89758774511273,7.5978271747079225,8.305204042655806,1500.6303705785042,6209.331429202652,110.20501883076975,1,Bearing Failure
75.37203335963073,8.471933772431857,5.784329423665139,1439.2739524832045,5310.7504255153335,84.92698070867475,1,Cavitation
77.45516426744615,9.224020715565505,8.406784661614607,1457.5786608280819,6771.5749747255095,93.90160510730092,1,Bearing Failure
71.6217823628777,6.92124737869098,8.592787961828416,1266.2519294899007,8004.574708022583,109.94704668050223,1,Shaft Misalignment
84.70120897362443,4.449200144005852,7.522382249455009,1736.7163527276753,5417.653685954603,102.1001864556336,1,Shaft Misalignment
79.32466140084587,6.920627606054048,7.095418635622344,1233.7783968999997,4639.121246485244,100.81884325400479,1,Shaft Misalignment
69.00802579863185,2.052764000777362,8.443868116404351,1451.182491474884,4454.395839525533,108.72149677857806,0,Normal
82.88567940355537,7.97536561069201,8.44271795164961,1421.5493094937622,6837.224303336834,107.01014980708653,1,Bearing Failure
63.47979450423342,1.9424052470550237,8.111047137912717,1452.9813600088899,4424.851919483192,115.71566413386323,0,Normal
75.19152912879841,2.8887505530001443,8.451913921012851,1402.0166913829407,1113.3573408035,128.45747630840873,0,Normal
74.82266222413347,6.812888036796162,7.520794085209195,1169.301713838669,9269.222332571071,100.32609400960838,1,Shaft Misalignment
64.83986215420677,3.0341563188803207,9.028744639651089,1464.8363516254115,1178.4144775383884,118.13369150602885,0,Normal
102.3641188898697,7.480290711602087,7.5476972211796935,1415.9841515297392,9201.274274397001,112.92138426362162,1,Bearing Failure
86.51049331683343,7.809278385126694,7.851096058148356,1463.827592837658,6132.785944421879,111.72970206031917,1,Bearing Failure
99.93292032270277,7.4779136850084225,7.45294687570824,1457.4425084663212,9488.424254986325,123.96889156165071,1,Bearing Failure
76.03169596366237,6.052024532230416,7.010562411143864,1213.829021006937,7880.798697158651,103.36309236890921,1,Shaft Misalignment
68.31472985828695,2.475237628601942,8.158981436398161,1502.8913576534187,5744.90602820193,119.72831502478998,0,Normal
77.42472069237415,6.190147992125214,4.962566028553654,1396.8449923348,8817.535960625115,72.24986869446755,1,Cavitation
89.1686440337684,8.406648385809284,8.196203904376135,1467.5490512765377,6476.592773890376,101.37597566311919,1,Bearing Failure
65.46490931102494,1.7151886153215061,8.427999544435567,1427.4671538165596,5448.7600415555735,110.22662812972986,0,Normal
60.457649828493054,2.930617102111982,8.45542600608983,1483.281721837185,5424.346055459585,122.82349233475745,0,Normal
59.83824624716374,2.4328048512191303,8.894448530232136,1449.3821163057032,1194.275902097399,130.03228359452112,0,Normal
88.00337113281526,6.408250570775664,8.606424255376634,1440.6102165656985,9256.909312292284,113.89041771734365,1,Bearing Failure
57.268610405092936,3.2945111422873348,9.287802279577868,1415.4617105124642,6596.265344616742,132.3418909382382,0,Normal
75.13676386689254,5.571355844534825,9.795893554143047,1707.5630317276123,4561.528064404985,112.63135841650728,1,Shaft Misalignment
64.76100374807605,2.063935517299694,8.061191321568547,1463.3087731834075,6514.220170770268,109.33481593218234,0,Normal
68.44962252981406,2.6714966041542016,8.126996415652046,1426.8479720017438,3848.7162006437266,115.04061070548336,0,Normal
70.43384482268597,3.035397792038302,8.279970613480039,1444.7842579118465,6354.899540114156,112.64372652409763,0,Normal
67.52390680457536,2.094472981388613,8.58510141230677,1429.464900499414,2994.075347164113,121.70756860791359,0,Normal
82.4512638963672,7.537415310713463,7.65909961087646,1468.2332655571495,7619.670853475222,103.51810709596359,1,Bearing Failure
66.61919451939043,2.7906807093188006,8.905498230475043,1472.465754449044,1997.6752090236428,121.05779199033013,0,Normal
75.1107344528337,7.319137814070018,7.11494264069144,1702.7905474085114,6220.718997506959,83.74546402055857,1,Shaft Misalignment
83.28750623239816,6.616332624401132,7.552663563382703,1378.5940986947764,9219.037594362178,116.82476566449685,1,Bearing Failure
84.99431396675469,5.034826895195183,5.331175628833611,1390.2065312688471,7864.859378894829,79.06818006604288,1,Cavitation
61.54929581225553,2.9645746348986157,8.854468225534358,1344.3685745769837,571.6825477478523,113.33444477971301,0,Normal
70.83870962763889,2.034973022190256,8.072753268630972,1433.8773652785312,3093.7629383139765,110.49171636831119,0,Normal
84.49482667345806,5.569764664660749,6.012453816267197,1448.979894643698,5008.109706618707,74.18886883091565,1,Cavitation
86.31283592681542,7.240915940919369,8.838196239863436,1491.717563599863,7978.009819183689,99.55918688982419,1,Bearing Failure
69.63551482915801,2.075739648474272,8.979911976371184,1516.9583243866423,1748.9285165276035,114.18027435013062,0,Normal
90.68262427434603,6.600902867388802,7.815812831127695,1449.605172801219,6509.504130111404,117.30357722628503,1,Bearing Failure
74.30957439075087,2.3722128060698733,8.371822178573426,1474.417599972674,1624.3019099199882,117.36482835229965,0,Normal
88.0262215094978,7.004635373210055,8.157632457357918,1532.342189856178,7078.544660866704,98.03706420947606,1,Bearing Failure
70.60743516290562,2.8760838402513023,8.798963540012126,1431.69644378962,6163.245398332742,125.50688487358079,0,Normal
67.44363030853789,8.450606277186012,7.54243600705431,1723.313753304128,9414.907373769896,101.43243514233212,1,Shaft Misalignment
96.35194945708798,7.053601501184485,8.675901491155228,1401.6201268672235,9938.966428546695,112.58756192656038,1,Bearing Failure
75.17320687022382,8.09363946437563,9.111890353319014,1514.3327820659895,9053.34352117193,115.18056674059098,1,Bearing Failure
64.47896543192486,2.9870441882602945,8.469295724566921,1478.9551874640217,1827.655708719174,112.4106702092528,0,Normal
74.72038957342991,7.018231833203474,4.776867284326764,1443.0367001812529,3181.987635682961,78.57663232073881,1,Cavitation
76.38809670091264,6.243876298670324,6.2797549298805215,1493.268235010856,6996.248114891642,77.50329406834722,1,Cavitation
78.79182001167345,5.646279180784393,7.252650765667197,1671.1108877660126,8492.099037099748,97.06832941123652,1,Shaft Misalignment
68.11265671968597,2.9961660762791174,7.743996843969212,1450.900518975909,782.0816607606455,101.77949914520732,0,Normal
91.11897401602616,6.81541438085867,8.089669219051292,1400.9883099871024,8207.580557996584,115.80370683178165,1,Bearing Failure
66.83484761661636,2.901530492160115,8.666910202206637,1446.0931625007972,4357.880770541265,115.69241923802619,0,Normal
71.29681400555734,8.627918074757257,7.478589050306608,1713.448978797875,6996.593350789468,93.20128319452562,1,Shaft Misalignment
88.8050308559655,7.1685475473407285,7.168998313570398,1368.8166441370631,6434.220052478647,92.21612362133038,1,Bearing Failure
90.93307533887793,9.88459780033147,8.702319318970432,1525.9313752851124,6275.122630790635,110.73735482229866,1,Bearing Failure
85.9446720004822,5.986418635233453,8.575364177378017,1457.4798173600475,9567.533962061174,91.69012078430903,1,Bearing Failure
62.319528287909,2.449973266246055,8.098902272298448,1489.0763973366602,1914.071295093327,121.6852455202521,0,Normal
63.318398140852395,1.9393087910142988,9.187589528803622,1524.9430557558853,716.6371673456638,112.85264731328571,0,Normal
62.26888157766947,2.1877582058563294,8.074482739145216,1407.2022979441954,2840.425708079734,112.96226110892354,0,Normal
64.17742734101915,1.9856965756649765,8.745907200543982,1480.9359926427044,5568.446859314293,111.54983673801514,0,Normal
72.42160920757343,2.815666726039119,8.892034488479165,1418.8682407496854,5885.090360150908,134.64204151150585,0,Normal
64.5487855927984,3.205606591118624,9.067384307433382,1467.205718972615,2646.3989635401786,124.06828254101704,0,Normal
65.7807841544862,2.263364138699451,9.06471094471429,1472.2861097816312,4504.690343568719,121.42128797175191,0,Normal
82.95652151151863,5.2195840268423,9.155071549665982,1362.2251067813152,7681.821330098898,101.35998765452105,1,Bearing Failure
61.60980068424713,2.083962077839395,8.807399205180026,1386.250965761796,4787.828555989864,105.1078931147264,0,Normal
73.50589818679903,5.561201769590846,6.514319972814435,1436.607679210985,4484.881955646636,70.99665196443925,1,Cavitation
60.76772754365676,1.4195353247270925,8.306682901142846,1480.9272605124056,550.9919880640507,113.01677059738802,0,Normal
88.99354302902482,6.889921755986029,6.970193066617468,1327.8053020698794,9907.46841185732,105.51743348208971,1,Bearing Failure
70.36683291222487,3.0217435111920525,8.095132266305095,1399.950883384893,6938.065870257168,130.65308343974272,0,Normal
79.16957744286587,7.905713051015827,8.338954542042789,1760.5852785806633,6669.043944106091,108.31918447707888,1,Shaft Misalignment
72.68653460252709,5.43263024866144,7.3463549706255815,1256.6922552518147,5418.187223078331,106.81323671236909,1,Shaft Misalignment
66.881942809446,2.663164354564324,8.47404082061197,1510.4513249644297,1546.9821574515463,109.49871551360577,0,Normal
81.45835801433499,7.668943174640435,8.983363186354865,1379.9185484900956,8234.123176324108,111.54915098687526,1,Bearing Failure
59.76276618584677,2.692603959602968,8.426165973022147,1412.5236624933364,4370.967591436915,116.86253967635042,0,Normal
73.37272835547498,6.3958049407302076,5.734792586591444,1437.658833476172,5386.391743822123,94.50756430230992,1,Cavitation
66.99089394007655,1.261442636532747,7.981914139206108,1501.1337680662373,921.7149176106002,140.157661165163,0,Normal
57.52661354516199,3.2241297345561146,8.559756442703351,1480.5131658234366,1874.792821852856,124.21878588224861,0,Normal
67.6025624831414,3.241565921336862,7.4899717927383875,1473.5255180537065,578.8934790488034,109.51483372556501,0,Normal
65.6942801621544,2.9988993201589973,8.89904552433078,1393.033295992496,2649.114206587023,135.29284853650657,0,Normal
78.34789215252542,5.514855734571857,5.745629818488031,1478.694376478458,8819.633785875309,68.3557711631141,1,Cavitation
87.18874292121909,7.357079767742622,8.14508812719115,1479.1085857388944,8621.710004412416,87.22736201310353,1,Bearing Failure
63.26237528740571,1.8060668697595983,9.14061932676149,1498.6578954910833,6241.893937200927,121.24409283010849,0,Normal
74.08707560793779,5.445406759567448,6.387380900116519,1555.8006028415498,5427.932507428,66.2909883357417,1,Cavitation
67.5207618068824,2.54873530189015,8.425989246732653,1430.6730682030036,916.8791395429912,109.53635400029299,0,Normal
93.92493830181236,6.881010385552137,8.293542251562942,1381.3229401074043,7753.523588563726,112.41099228266711,1,Bearing Failure
88.4205308512514,6.937794303779736,8.040388055516049,1493.4500344526298,9802.375863724497,87.26792592210953,1,Bearing Failure
78.1619310233875,2.242059936875268,9.338812721078067,1399.3347201957356,1874.5570803233525,112.08279227068509,0,Normal
68.2665715710727,2.3862557827104065,8.378184972141035,1419.4100119917712,5108.201802284742,125.38205429759537,0,Normal
80.96003571786542,6.901886766448969,7.906886662247869,1665.25727465776,8246.459483443692,105.06738545307093,1,Shaft Misalignment
61.357355618892576,2.929519802298446,8.971087151796935,1475.691679744132,3244.6851964160005,121.26713564601975,0,Normal
65.84885699917136,3.0044913434054266,9.080803470233406,1492.357122564696,6905.631378715411,118.97602419829283,0,Normal
59.572476408264784,2.3222979030006172,8.608038113112354,1435.4693835141713,2051.0556718923813,123.72346472064623,0,Normal
61.71106305352211,2.005429865392749,8.841630194751662,1444.4379872085121,1914.3216095556893,129.64076522760024,0,Normal
65.04673588182865,2.0483455018857364,8.905265381394775,1439.839177353173,5460.453616066883,124.79410260320638,0,Normal
64.51405228088282,2.5115553804106754,8.425858431036298,1490.7118387614385,6555.254744620747,135.55238940550322,0,Normal
77.24895047823082,8.571171302533111,6.781524394458832,1153.8934906887125,5923.875969369354,96.71794294340702,1,Shaft Misalignment
72.14433753752893,6.18512593132694,9.683363342686228,1695.7859635080765,7005.585362564205,95.48521319096177,1,Shaft Misalignment
61.125989109322354,2.180435945995902,9.447753672995677,1443.9868650494516,1976.7431456844047,109.9250298002723,0,Normal
96.69039653951117,6.5655595429797255,8.507384289068682,1493.9312375478294,6403.325915449102,108.99902654727977,1,Bearing Failure
77.67836820639235,2.066541220034393,8.481573456251194,1378.5889692086944,2284.670401958035,116.9366913154483,0,Normal
94.46592377743231,7.433125695955151,7.212585186226128,1408.9474855105545,7105.9615827395155,104.64361439068331,1,Bearing Failure
67.97349264990406,2.550837963100083,8.683363876092907,1504.6114454356546,4704.23679226913,119.03183175192349,0,Normal
70.20551919276052,5.363442790273899,6.170260076649997,1497.769649822868,6809.70909456589,84.2494026903008,1,Cavitation
83.58929919565247,7.314075519051229,6.880423666463982,1586.6251898831983,7427.081961397005,92.65488001577604,1,Bearing Failure
75.17464566877389,4.985037586771318,6.039282270200191,1451.0702660768986,6929.884164233329,70.1634774829236,1,Cavitation
67.34387603056754,1.8915470000904344,8.639434209779038,1464.197196935706,2782.3957883717662,119.34461540122754,0,Normal
59.36247876456752,3.2834659469725125,9.004495738465824,1440.3578314162414,6685.02395391074,122.19148589545071,0,Normal
60.64099419790869,2.7184600456636088,8.271357671700152,1495.1293277749364,4597.417930876069,148.81932019368423,0,Normal
71.19866653989311,2.293148789392786,7.641571238572316,1442.2143454167604,6003.715157134096,130.9437552162016,0,Normal
64.95961731760815,2.1286551252270693,8.95911544023887,1448.9729895858206,828.3482668065816,109.77669514754824,0,Normal
84.17870053186851,6.911452825201015,8.333638692620413,1719.3152815046408,6207.509635722959,111.54246525373824,1,Shaft Misalignment
82.57262122392493,6.259567150584961,5.851574089110713,1461.6917901427846,3596.950545807501,79.87774186273724,1,Cavitation
85.51524438617538,5.720980578480014,8.190694977657527,1200.8732544910647,8094.431923106546,115.92106783982426,1,Shaft Misalignment
67.5156998336565,2.048178487929169,8.834981814069094,1424.2798370566072,6972.699107308578,128.43020638554233,0,Normal
69.32057196024986,2.7005969521201147,8.068236968477663,1451.8553423166618,2057.738864604617,109.37085140618191,0,Normal
79.16764559076614,6.883190385377327,7.719904755688208,1665.2664861972924,4143.179574029831,125.48643819166949,1,Shaft Misalignment
99.66043943944707,9.009094138037545,7.875604288607695,1420.1404676162085,9831.301539711796,91.52920936230684,1,Bearing Failure
86.7065923394863,7.768166949821974,8.191317874709615,1377.7402103692623,7853.315606185092,116.1051255151244,1,Bearing Failure
92.38575619788126,8.564373581897017,8.31621955103135,1368.9809314101085,8725.783504479283,107.53258622267293,1,Bearing Failure
84.23924650263966,7.7250578852579395,8.04281379749564,1403.2568557415987,8281.549301470122,101.55184869332705,1,Bearing Failure
75.95583488644569,6.438989401211978,8.232971154028244,1461.9817717975238,9019.726932288953,108.73653405621148,1,Bearing Failure
63.180646007683436,1.524141544650054,8.707835987048288,1383.0440828660485,5726.916645695198,112.09303150068719,0,Normal
68.75952113326566,1.9398548489797665,8.514051951951052,1463.2974764461976,2005.1901297322324,111.54928906736924,0,Normal
62.485144945466864,1.7393268614430077,9.609080452722113,1484.5623221445671,3543.195324186986,124.66723932638553,0,Normal
62.302979427804765,1.495251980901727,8.369250489181297,1496.5356625089967,5308.806173523366,111.28157564666454,0,Normal
77.03039583314968,5.413150266451263,4.670049316270761,1387.8533326544716,8546.580550705574,75.50860520517163,1,Cavitation
90.39924152517555,8.221856991610172,8.08698811644693,1446.6060619170212,9506.507326455014,104.32347223401219,1,Bearing Failure
89.27585489396095,7.146057517473028,8.388417613566979,1488.796203850226,7387.653281483589,105.86694571485535,1,Bearing Failure
72.98344997868224,6.808009902217341,7.088008665532678,1100.0,5287.317762596245,107.73528771141764,1,Shaft Misalignment
65.42398864513072,0.9877369176285611,8.508353692368987,1376.9121625011496,2774.034015697553,110.23239543200904,0,Normal
60.39755606130211,3.010021837113742,8.603926619068822,1448.1982208617937,2091.2762533468813,108.16553803053289,0,Normal
67.99544879631904,2.6054042274950677,8.015758176519052,1394.7292324572918,5165.07185111069,110.61745770186751,0,Normal
77.02586272298697,6.267433034950415,5.5256752189297496,1409.9071952728275,3169.1418929792176,82.34430688598569,1,Cavitation
65.056737384879,3.613381410467245,7.487765251916519,1506.5793776503301,2234.4577512182377,120.09435535783548,0,Normal
74.99435677682051,5.5771870500175655,9.194523719022765,1152.940942273327,5736.819608919334,111.77002397313736,1,Shaft Misalignment
78.13490832398416,5.264785621597467,5.617243681859614,1342.6074921837132,4747.566236767361,84.68984781128694,1,Cavitation
67.14544201805467,3.0288168919636735,8.633223037809321,1458.995831795453,1152.2926403914635,120.46781654774512,0,Normal
74.41405482967731,3.974963685490256,6.276797475331258,1420.391683500831,6563.664316841153,77.83315110751086,1,Cavitation
79.06844983520364,7.606347039530311,5.68725666469894,1419.5212780113436,8340.582212362147,78.9234872592105,1,Cavitation
66.49883658309405,6.453166112511676,5.463106494354459,1341.1979642933338,7647.604478332701,50.57939918595768,1,Cavitation
79.8107329847831,6.20386042016629,7.913634762759547,1150.7093347378748,7503.057279603805,103.2046825177943,1,Shaft Misalignment
74.69611129203587,7.852953084813753,8.027953132589378,1431.4317355180335,6495.042664336044,106.35518002791795,1,Bearing Failure
70.10699884440919,1.793987547066968,8.64157474775921,1421.85252938032,3299.8228367284196,114.0617625159301,0,Normal
60.59994009154618,2.661508552153096,8.39210643683589,1402.8895416803457,3079.781055078757,124.11238512549174,0,Normal
71.35321256494458,2.7229531300412724,8.811794852096117,1439.7879586389508,1196.3546334390069,124.04415492719778,0,Normal
58.661798516765984,3.03353020962872,8.22229450649183,1487.1047556246115,6923.61026057341,128.7669876398146,0,Normal
66.33927059749759,2.5289536434175393,8.3569185757908,1460.753851848365,5786.758653799189,131.438419663403,0,Normal
73.49708054978062,5.246097240875916,8.705696319586698,1169.1235308083226,9427.567388683961,94.96527911356938,1,Shaft Misalignment
87.76436015829054,8.261672186295002,8.578167908934045,1382.4841066115405,9351.365523622075,94.06467713540327,1,Bearing Failure
61.016298883459406,1.7787979964765848,8.789716546482781,1480.6744346958687,6501.380243535862,130.28553957183297,0,Normal
78.31494199021095,9.928934738076904,7.911543801360703,1463.3681261031315,7079.333813164378,90.22835583687619,1,Bearing Failure
84.40658838613349,8.580466160071234,9.028541316936371,1398.304801173208,9717.508439497517,114.38280898459708,1,Bearing Failure
73.2771654045156,1.9939087022337534,8.264963140096022,1409.4560979795706,1545.8843457627522,111.19820496255313,0,Normal
77.74530882592947,7.006811397663049,8.381680938118283,1764.3476303736586,8461.096828885537,107.11124776844667,1,Shaft Misalignment
71.84294181622934,6.241554868476396,5.749641372972011,1482.1675089784876,6105.88853410563,87.12775595405145,1,Cavitation
68.81848857924024,3.1764244062673335,8.042859344601679,1426.962207543051,5416.932071927927,107.6993216284066,0,Normal
59.37011168263816,1.7370645578204575,8.892404654728695,1477.714314983879,1992.690406935954,121.21478039713257,0,Normal
60.04402891187723,2.0608844740851615,7.878790163083794,1430.9062056622465,997.6961718307556,115.2270104481324,0,Normal
89.17673503232946,8.120807660840406,8.851245385505328,1509.8943463498204,6415.000707682136,117.56770597473334,1,Bearing Failure
68.26000727926375,3.2771900569629615,9.340410083647086,1510.7165714489204,6389.681780807346,113.95613285170467,0,Normal
77.1293228881945,7.440574297907617,6.646372308400541,1388.7794891144963,7399.400387405666,76.51895173527713,1,Cavitation
80.86286603034821,7.923167530177915,8.05220330642529,1181.5033193822596,4084.107727371302,92.87339751944417,1,Shaft Misalignment
72.0677633065557,7.784293743060294,7.677881022019953,1239.4641726719822,9175.145118689228,118.33439166032966,1,Shaft Misalignment
66.73348814250832,2.088930412214362,8.825855538298455,1446.575678042875,1420.4737790163456,109.84567115805517,0,Normal
64.37640920881758,2.4110662666941276,8.7526306715871,1435.3190954111344,4176.002945027791,116.87672650862693,0,Normal
84.4400506622204,6.961538539377458,8.69505083850687,1515.6802981828166,7096.851556496588,87.91345752857374,1,Bearing Failure
67.327960876976,1.8249705642716123,8.970826695470253,1535.9113930896206,2128.2592605236073,113.78510321102887,0,Normal
88.04272821289129,8.577758584118323,8.083989068686693,1494.454019552093,6557.85861839614,115.05113224425087,1,Bearing Failure
70.6246627265162,1.4543368156713754,8.704719265321126,1438.9331291312342,559.5760761948071,108.45154372653019,0,Normal
72.96954435554218,4.41131186962241,4.863014962158777,1459.2208284713488,3091.5890378761787,72.24008373422448,1,Cavitation
91.29809911774156,9.301430099266488,7.088888412037669,1338.8188910261458,8248.443530492917,109.60054341446444,1,Bearing Failure
59.58399158407699,2.308529146181258,9.007671393135498,1435.8919681998557,1780.6032174976256,126.6299236294846,0,Normal
72.71769465690399,1.7887704227797088,8.587577220333237,1421.3326436825569,6552.960934662837,122.7737921299356,0,Normal
63.63794991698156,3.240234567001716,8.097452409484745,1457.5390304407242,2692.834009322318,118.55855334901705,0,Normal
63.86677688216845,2.121486976772548,9.056799875593255,1532.8502181661945,1126.5419712138175,125.69179029906384,0,Normal
70.90781568441045,2.1763611390796163,7.54975514699113,1409.6802304452603,1728.0437894721902,122.87883171803996,0,Normal
62.80891783813069,2.689990094005933,8.697242929278229,1392.348591051087,6071.8087546739025,128.35757734694513,0,Normal
67.01649371525893,3.0401554139323395,8.36149940849807,1456.0934063930906,769.6191088139404,108.29518999000241,0,Normal
65.86418663383792,2.406991942645258,8.418171444715064,1387.4634610903345,6125.461833803307,111.29785102161945,0,Normal
65.41647318773404,2.6909531479500566,8.33571674187352,1447.564560923732,2391.177766088838,121.52248100317645,0,Normal
81.82382386006817,9.075137321087912,7.519338553578677,1419.304887687622,7397.896478130502,113.60182638395156,1,Bearing Failure
72.54320131927712,5.85781966782753,6.052696367243789,1401.2057228272738,5671.341559095301,83.46480558052815,1,Cavitation
73.27317374201044,3.6507088009639994,8.435460005976573,1411.2227022684672,3677.8069902880584,117.83766145900404,0,Normal
97.2997853620254,8.43787225737303,8.463060643800217,1432.3711200398386,7807.081429312581,111.55579432850924,1,Bearing Failure
68.7734687515429,2.931348302322009,7.909988042950746,1376.1842269910837,2733.8196486058514,126.56785673933528,0,Normal
70.778598622627,8.090941358554105,7.537768116039919,1153.4341144369034,6441.937448328263,114.83598323114703,1,Shaft Misalignment
84.56359987154175,8.006908200292859,9.107060583112267,1470.3308257864967,7230.170114210992,101.03119855122212,1,Bearing Failure
88.83424886268031,7.18329255572573,7.3859460098791745,1452.7745095010919,9865.637184493717,88.09803782367199,1,Bearing Failure
66.06065868646557,2.0202390550323033,9.265047231836574,1405.2449194356088,4335.959276583527,101.19020846921345,0,Normal
96.0935650367145,7.249823370753086,7.584113473024105,1344.3568412050813,9843.83474024857,105.82966068631836,1,Bearing Failure
61.11594235497883,1.8418099338201976,8.129153000555442,1494.6282648704034,2054.0451107760405,116.72264746941529,0,Normal
74.87687352044624,7.866400969509437,8.983158265896376,1263.2372866361352,7973.195868903623,106.74862342494883,1,Shaft Misalignment
60.3826471296284,2.8042423247598878,8.712897237023622,1465.5673869569737,4839.747279256226,122.97489532744109,0,Normal
95.98095613212837,7.818265537560205,8.766910200192017,1486.6306601415408,7841.285560229593,91.8158185987361,1,Bearing Failure
65.76020905382637,2.916730062402187,8.127943017446928,1597.498672059932,736.0458056822791,121.45728763555697,0,Normal
85.83708863975677,5.56556691238281,8.711078301314043,1510.4773541081204,7778.151225969999,114.69036033175824,1,Bearing Failure
74.34009550634659,6.162443905204076,6.625616985853429,1601.9140806810915,6623.673780777903,84.41195350103628,1,Cavitation
72.3099641543416,2.351957631667915,8.29453246171307,1446.7945172848076,2644.356240968919,121.54417706174355,0,Normal
64.16557046575159,1.8568726055023772,8.991239213386008,1437.5633912253497,2146.081377142664,115.5430080185611,0,Normal
68.60960626204186,2.10897751106906,8.432923336503798,1415.096218943754,649.9120154819755,130.5210026818008,0,Normal
73.36434100949265,1.981612090554353,8.43673371012647,1413.5870263228687,1780.1985963566888,125.56132198664112,0,Normal
86.01790452069118,7.547699470873629,8.710532860420933,1510.5681803495277,6461.8791007115515,122.80638599477707,1,Bearing Failure
73.27431384761705,5.763965809843959,6.339424783254482,1342.0365532340115,4756.498951122038,70.56994752249072,1,Cavitation
70.59867180261483,5.841078341377314,6.019492884981808,1463.462528665365,4561.313593949142,74.5428950914498,1,Cavitation
74.08620357303262,5.968105257136714,7.410794412402388,1228.833324761331,6113.746995021044,109.18642317430306,1,Shaft Misalignment
53.22758538651699,2.5109514765136676,9.115230023879988,1471.0992333211093,2323.836403833398,134.1316579723005,0,Normal
72.09459035956343,3.3754134089751333,9.170203210057108,1484.8179667896522,6911.6911201387775,136.68328497673718,0,Normal
83.23690249907001,7.232080951433023,7.783653634283218,1200.2411704404135,6655.919401292293,117.9046074137635,1,Shaft Misalignment
66.09572669328674,2.2239613663206663,8.867499499383225,1432.325956419961,5512.6810247684825,120.8422683795331,0,Normal
60.492043705441226,2.5923773597593813,9.252753574274598,1446.4094045090462,868.7292935875395,120.68875497436687,0,Normal
86.0068137031484,8.926234258079765,8.400907723530876,1382.1346152898695,8931.047445526732,101.22377178402695,1,Bearing Failure
70.5617388001779,7.944548075479422,9.104835686737092,1236.154019967032,4958.108297720656,104.20934980512628,1,Shaft Misalignment
84.72220412465991,8.639533762373159,6.528220456602891,1441.925435926597,7338.979063436215,85.9923817462212,1,Bearing Failure
83.71881318271421,9.143825930089093,7.568813059840603,1473.6148390201429,8613.782193083116,87.541205887084,1,Bearing Failure
80.79175753891126,6.289651349002893,8.804592653390413,1405.448074371813,6814.898240564534,99.47982515678189,1,Bearing Failure
84.70957791241861,8.125120456339925,8.002144546208472,1387.3900302943146,8584.760678132949,120.71016656448397,1,Bearing Failure
68.93629692562598,6.648546747632998,5.8211315324824895,1458.2692384511931,6158.991163969448,72.34605454686118,1,Cavitation
77.46900472006011,7.217522289216775,8.160128906152027,1372.4211188658887,9371.061744601204,108.4444494435058,1,Bearing Failure
87.78174025804297,5.590528982098743,8.481870851498966,1461.6258747186891,8086.3980519644865,103.08442841531755,1,Bearing Failure
64.69469982700465,2.630515048989717,7.6453341412839055,1387.0864082777837,5806.984696391356,124.55952329885893,0,Normal
63.2610131982281,1.12308238268166,8.853953058830072,1430.4477865357167,4533.98608564883,122.30856380177593,0,Normal
58.67370795457392,2.7883520550566274,8.063505516555324,1441.7206164360653,2106.839479302699,111.75179779882154,0,Normal
66.12869117029112,2.3146862257924474,9.223652801816662,1419.2982378047986,1482.37918620531,120.23260436706452,0,Normal
73.92461608084227,3.585744010183059,8.366256230015923,1118.9839655028013,9476.04847170892,84.82661201877589,1,Shaft Misalignment
86.81876352902168,6.835426786183342,9.69362597756838,1447.4898286171456,9832.13807875844,116.56417771497438,1,Bearing Failure
67.19419150967234,3.6042727127547396,8.537907383828662,1440.2844414869578,4627.416084105865,116.83092223707548,0,Normal
73.48167110543399,5.477105837706675,5.086312516462468,1476.427254689448,5982.784820905276,78.25094732879766,1,Cavitation
64.60542728764166,3.0910527448496805,7.933140417888036,1408.5545232249603,6318.920163696884,121.13718410024032,0,Normal
68.64916056420321,2.042917450758922,8.407049652412166,1465.079348037064,2291.6299051052647,105.56473822002339,0,Normal
64.09431618503659,2.635673823128963,8.394711019231524,1506.0400822579663,5757.080049908013,123.48298773814382,0,Normal
64.65898734833665,1.6559683404642653,8.4618804913397,1509.8752109540342,2680.5979686456535,120.79515271649143,0,Normal
63.46314840151384,3.246365154979675,8.664004858991703,1463.5811979305463,2592.9603261239718,111.52973247259834,0,Normal
71.75872266897767,4.044714715588598,6.409515835915879,1471.5379002571265,7816.284496560614,74.58362215734522,1,Cavitation
68.6600863244852,2.4370808613633845,8.176306171456709,1481.1675888564362,6172.748146392272,113.71095491053914,0,Normal
80.18632194637843,5.38681787159817,6.325058932910685,1411.950660484466,7466.424502950672,78.9742330196843,1,Cavitation
69.09252872214391,4.893317975174941,5.684259465214453,1453.3800148116225,6974.202571120084,81.56383339750022,1,Cavitation
82.04703019892894,6.224817562613654,7.7703507407447265,1654.2991668209895,8624.103850777483,107.0475825482335,1,Shaft Misalignment
69.9749756093622,2.318936633732148,7.915338784991608,1471.9625048933335,1092.0250230094312,119.03564265719454,0,Normal
66.31655999093854,2.753490902339975,7.5146985896601795,1463.5062535220773,3709.828671998221,115.87084104513394,0,Normal
75.90025033058387,6.5072551736360005,7.87526320480251,1196.650106472452,8580.763068219267,108.26563015863054,1,Shaft Misalignment
69.27675603500543,3.368607994282671,8.656811355242136,1451.5727742711133,3209.138326327718,123.39155231256507,0,Normal
62.745564442603964,2.654048356623718,8.871566632712417,1421.6769170821658,6107.017661436298,114.49072903220936,0,Normal
71.40046797659616,4.22515526430227,6.291568550652828,1393.2814198340247,3466.8852369153806,74.95805788317698,1,Cavitation
58.137951312193465,2.3166205345559225,9.024101983837639,1416.4729407067387,5662.057607444462,126.81739345057524,0,Normal
59.40823886999759,2.5658844117141597,7.921058784041706,1455.0323981394117,4094.745985932408,110.5203844701914,0,Normal
56.086900283836385,2.1666977599072035,8.68134466028327,1452.7521426622802,587.5392207394223,117.00724559249227,0,Normal
66.9183545658174,1.92649000095879,8.261226643035233,1450.811851369051,3095.0808307230573,122.25492039336926,0,Normal
93.46764783900433,7.337648891834882,7.305537223930265,1399.8282917104252,9756.789731303048,109.89234013550036,1,Bearing Failure
93.60802094860321,7.663944944558026,8.99102262536208,1511.2587763088575,8670.428918908012,123.70138692821305,1,Bearing Failure
77.21490374100082,6.718178795178681,6.167887595019185,1522.4859792680613,4566.241999841979,77.89928977081675,1,Cavitation
73.46993022821296,6.14542721740576,5.448144800334283,1534.6173286231603,6058.413060023623,79.1546117738083,1,Cavitation
78.33271265991316,6.67376883433626,5.336142853857815,1459.6399396253134,5754.779446652618,78.0709876708193,1,Cavitation
57.260992218454845,2.6585528581644033,8.479833044892978,1479.814428963115,534.7684265124485,120.74818797150888,0,Normal
63.15511674243315,3.06239744346045,8.307654187596391,1468.122062650477,6359.604279555107,118.0850084604101,0,Normal
96.35592932970431,7.114963197573779,6.69239867933048,1570.8219350398815,9613.094488955656,110.6225028316972,1,Bearing Failure
68.76262831580422,2.114607160232824,8.805974283623272,1416.5004437223222,3149.3969461831384,121.13569741927341,0,Normal
66.06429157613051,2.0573393616075393,7.935039867502686,1476.45731397533,6256.531717655845,107.19010942706429,0,Normal
75.2627876658805,1.2703369050108557,9.488288333661808,1439.6051294230892,4760.380314024651,127.71919895221907,0,Normal
64.17459717498477,2.5190556739488703,8.537836770306694,1432.7081928357068,2686.032728782211,130.1817178717701,0,Normal
66.9990535661892,6.706520773420627,5.714414402379233,1458.5352741377253,5202.7745366215195,76.00823073239071,1,Cavitation
72.52517259815963,5.502427501690786,6.374836009439373,1464.8288469265153,3104.9892839243316,78.7658866709325,1,Cavitation
63.00759177433823,1.8250359868690094,8.333120697254682,1486.247286293932,6685.423156248622,122.05426605859779,0,Normal
86.87710717215452,8.246293859888453,8.109429540864772,1497.9762271181246,8330.885903935115,116.91955967642973,1,Bearing Failure
96.44259573496667,8.482438830728908,7.643633744598545,1423.9986735297618,7258.687290845233,110.67241706806904,1,Bearing Failure
98.16785056139206,7.531062341766097,7.913170232144836,1468.5638798889615,9926.46252900033,109.356884655295,1,Bearing Failure
62.2153535980171,2.6022461742030933,8.541637314757399,1418.512618759149,2352.9188353223226,130.7482772288677,0,Normal
59.0301440848704,2.040346945154365,9.081243475289819,1450.437724591339,2819.2112458664606,109.90039515993068,0,Normal
66.02759536441857,2.2272989794938463,9.700535164118616,1445.164525131489,6215.456802830833,117.86448250288299,0,Normal
68.47334562059292,2.238091082040674,9.035840186945295,1461.8089903338098,550.4377141932591,114.564440120658,0,Normal
66.76145222083143,1.9769375871750536,8.22924549977688,1447.1341245675342,2854.9076850013316,124.32726814848792,0,Normal
74.63785465178859,5.165623688245262,5.768743115911395,1502.0553908262282,8774.281963362235,83.22406350647923,1,Cavitation
90.01124945219527,8.635874277014974,8.279181511843156,1438.3385291994534,9733.96468014245,113.89145918816543,1,Bearing Failure
69.84367286710895,2.269545449073521,8.431245627784612,1406.2404317619455,3720.422677415436,126.94049721343978,0,Normal
72.1753932697728,2.64997614062896,8.58507099404931,1486.4296941459088,1175.4568292686856,122.36446980419036,0,Normal
74.04112004574574,2.60715315930019,8.61090557416548,1462.868854880632,6414.050697087947,127.02454407183298,0,Normal
61.3517105885294,1.8832035560695366,8.739559563891387,1475.1492219303855,3375.529261198469,118.4992239992671,0,Normal
69.5314056008801,2.3129037682752682,8.336196236953944,1463.8377467192026,6377.731005158145,133.57689184378506,0,Normal
79.16328357912724,7.765878905488105,7.196821318920157,1363.419530330279,7530.985701754754,123.10475865770132,1,Bearing Failure
69.9270090845347,3.214686023648821,8.424411163323818,1470.337884151911,757.7740032125928,125.81881687665346,0,Normal
86.93161165171196,6.679580889319137,8.411267703044796,1223.5275358600256,9172.180379157946,104.6611615718608,1,Shaft Misalignment
66.47284256287583,3.6338883423363058,8.95653540296443,1451.0804221720762,3127.9802774072677,114.08818652324982,0,Normal
61.169773987998,2.2232397697010158,7.37360330263433,1463.438726937623,6177.044476409926,106.92245184996483,0,Normal
68.79472159879336,2.6600198737012435,8.306375317010524,1406.1024169386017,1415.6459256805986,131.33129433360233,0,Normal
66.84738266128795,5.5199277830864055,8.019273666775062,1249.7583696746408,8829.850935583325,114.72187069818092,1,Shaft Misalignment
66.83102269118486,3.309486684548571,8.46986336411103,1407.8021742571752,1617.2703717709808,121.66485396724089,0,Normal
72.24614253879331,7.372918347333287,9.014897463841345,1108.6938815619412,8526.519659458141,111.9923058072014,1,Shaft Misalignment
65.93699307496878,2.778028182633869,9.017058365453003,1452.0227205283318,4190.680479933912,117.40712733600718,0,Normal
90.57918878806045,8.26320528486777,7.546313325166893,1578.837568239278,7868.350973317308,122.17947359879645,1,Bearing Failure
67.93917560932894,2.851042121475023,8.56911261825092,1511.3191299012433,2349.683615519036,115.9544928551324,0,Normal
90.33248982154285,7.9489761444216755,7.319762359582074,1473.2480075658052,7325.572350786065,126.8502692864443,1,Bearing Failure
74.7328196025483,3.3449614448648037,7.834732353674417,1446.8813043213281,3961.9793951665206,117.73815988164878,0,Normal
73.10361486904942,6.079644673423474,8.69940471623203,1201.569255920026,7844.86252024191,103.608282039809,1,Shaft Misalignment
62.841128360335084,3.786090632711567,8.449601415674183,1462.6584999523714,5311.848211708429,120.4900216827231,0,Normal
62.74866704034261,1.697897407202639,8.242930572100304,1510.5373366692554,4790.847528178597,119.74887731338104,0,Normal
69.95926850253929,2.395173377242015,7.876829853189563,1416.9403449715905,6191.246383340143,113.06421234853958,0,Normal
84.51955625623708,6.374309379737381,8.922358395578923,1192.4236608998547,5549.613253091861,109.58550858785107,1,Shaft Misalignment
80.59909654047924,7.958440401853298,8.540635228206016,1553.0588612008485,8487.424341938304,108.41179629003356,1,Bearing Failure
85.39945165331089,7.824412660830306,8.00847263267987,1447.483647517487,9493.26091547747,99.96986947468491,1,Bearing Failure
87.3287194055849,8.34958186747236,8.291634830249528,1410.1611832174922,7022.804520512881,101.01261305358622,1,Bearing Failure
75.44857481562981,2.277482783316995,8.584656861926929,1433.8439566645518,1076.33205783676,126.26744949315105,0,Normal
73.76324536425544,5.277403218598522,6.020409899452858,1417.5933783056112,4153.392027162384,62.70686231264766,1,Cavitation
68.40628115810422,3.093640638201826,8.9517856960178,1490.6152608953626,2882.5810980828364,103.33826991448373,0,Normal
63.425197937726274,2.287629167395739,8.861247884721468,1437.3336894105344,2893.691548495523,116.727451309413,0,Normal
55.07656029277045,2.3397175084349473,8.720176996938957,1429.1612579507562,6897.072236640897,125.2833674875305,0,Normal
77.48296175595151,5.516487411463415,6.3948375990925115,1522.7100006137912,5509.216706056344,90.84552086256674,1,Cavitation
68.47327232170723,3.6213311937370367,9.423068500914322,1430.338075650191,4288.345960787406,108.24363852064846,0,Normal
83.41990487970932,7.505685698039677,8.595130587693863,1487.2752672373115,7157.991460478878,96.74167226761952,1,Bearing Failure
85.89056406064682,7.7845907186851395,8.10063525017601,1715.7644783568574,7963.225306538506,102.31701822941945,1,Shaft Misalignment
81.68096443307347,8.37949151128571,7.461480129401777,1458.1496100744293,8494.126612976444,95.97819036631824,1,Bearing Failure
84.62128510879383,7.3693917920952465,7.990026658383286,1419.5384545268603,8528.960734824384,86.75835835108617,1,Bearing Failure
85.24141230501714,8.043390827871809,8.00220340883443,1523.799422106321,9925.685699688102,102.09401522656867,1,Bearing Failure
69.55213407971966,2.1357722189642674,8.07022211302388,1443.8542318579828,5846.653593296729,127.93290594049891,0,Normal
65.0940150641292,3.083720585084982,8.21305973016949,1469.8629554873053,5624.300538759848,113.42084940160726,0,Normal
93.26923339261987,8.339247845390595,8.901747329746259,1500.2888138138296,6351.863124052231,98.3241710294105,1,Bearing Failure
71.75665273553827,3.13534962153717,8.124379139616147,1476.3611450597032,4544.972836026199,125.0664098900452,0,Normal
60.60039698747465,1.9907764455614094,8.297005699217594,1494.8358169997948,3429.7047220402264,132.08076958857424,0,Normal
69.48152614922856,6.786478518960798,5.985729526975508,1454.2624988146424,8925.322973169392,84.59269264435412,1,Cavitation
62.53321015470743,2.554000169786394,8.314026367652714,1477.6354851504955,6980.9866999354335,115.48038778675824,0,Normal
71.73928793631245,3.0455403653097823,7.994029026742537,1402.7511020956647,3346.9853613211017,116.60321467182285,0,Normal
91.3802382505893,6.780213025650778,8.447971783463073,1389.509351236911,7397.059623390555,112.5204638361883,1,Bearing Failure
69.08556320566495,7.471918693820244,7.045295795233003,1100.0,8862.758798085732,102.2530919258267,1,Shaft Misalignment
68.84567889655017,2.3873637858520698,8.920303356391692,1416.9883215667655,3330.031074832087,116.05665380040598,0,Normal
93.62577848308288,6.057545542106006,8.888496474505589,1480.6425922575381,7459.284168870065,108.7801564776022,1,Bearing Failure
94.55515248807052,8.099441015306258,8.769351143787777,1368.0252022361733,6587.751983784051,111.74757997570055,1,Bearing Failure
70.52388184027909,3.713028991692557,8.063862952432302,1443.2316104669749,1283.6986102082483,122.62111389377137,0,Normal
78.2978745016789,5.117739400896061,6.581179417041465,1424.7338608790742,5454.332287875753,73.22035943351018,1,Cavitation
90.94602367574652,7.82982306086851,7.956756756410607,1459.8056692231678,9194.818295370556,107.27538953896241,1,Bearing Failure
72.7007036884243,5.570365021472491,5.149445366804327,1428.550964131379,6927.727161092777,85.71815915441957,1,Cavitation
74.28612523414654,4.655659527855108,6.129512976010548,1371.947871220661,5165.968552754803,81.87761400179427,1,Cavitation
82.41281105569013,6.529621141956916,8.443601130507636,1210.6561249614592,6125.982375950403,94.7937495949618,1,Shaft Misalignment
70.69048547055223,2.7688316791629553,9.737532319584652,1445.543834583909,4165.940092370485,119.20304040175621,0,Normal
85.76719275195191,7.440960168409314,7.810432109038063,1618.0526168565634,6023.733986984226,109.91365137232631,1,Bearing Failure
72.90147754034294,1.9289964280063228,8.879489185762134,1446.2741692240186,4466.962832162571,131.24541170863867,0,Normal
65.92965147528584,1.9352241183180512,8.590370107664171,1420.3617333177535,6029.073191288486,111.11067760880012,0,Normal
67.88178008806905,1.0946518777556211,9.296426032185993,1456.822641070805,2832.1860715227917,124.7723333136358,0,Normal
92.0385623451957,7.561250747154364,9.046485309487881,1332.8005161486888,9541.05029621661,116.64347495040256,1,Bearing Failure
81.19862166020849,7.945718112142327,7.072798847824182,1745.6573601949744,8210.021459857751,116.52537010330326,1,Shaft Misalignment
74.53662764573657,6.652525882897616,6.9139238053223115,1229.905824435806,8772.610645449518,107.10685188295479,1,Shaft Misalignment
62.054845605469296,2.5458297938123646,8.348481618006506,1481.3751827966687,2724.017599765172,130.9664118526801,0,Normal
72.52196546333468,7.90515706017608,5.48611214943319,1427.2349794985,5750.245150530372,77.0423541356744,1,Cavitation
66.65827555945637,5.783895628816681,5.2917378189086985,1333.68192201304,5179.13474229735,75.13235594530552,1,Cavitation
59.20793413713605,2.618589581739704,8.700345918542853,1472.3450613101807,1047.3845726511393,99.02224676367246,0,Normal
85.74217345891583,5.6433636883465566,9.049322123837396,1408.8350626333406,7239.859527810972,106.58622033712086,1,Bearing Failure
67.07057733645877,1.9710475521917596,9.052555451902096,1471.0820675705045,1407.1049296631686,123.5651480359208,0,Normal
64.24765051258746,2.8123593286653805,7.987525234434159,1403.2992351969262,2610.878958286813,126.48690986208419,0,Normal
67.0957827122879,5.109399601147865,5.570589463662448,1502.7685478931176,6423.3171296998335,76.9426378306332,1,Cavitation
75.88444141761356,7.200972322703966,8.751338123804482,1220.7342218647034,6203.241465258961,82.92452434328645,1,Shaft Misalignment
57.781408152024724,2.2103195867890304,9.219014360936631,1452.7549855805507,5911.200405364937,116.49905580570768,0,Normal
65.39006537227795,2.6741650104755212,8.656681575570884,1479.233289407797,4911.075532423637,130.73376230976092,0,Normal
78.95076711071317,7.494590928835723,8.667868362263183,1733.8862828167255,7308.591378520452,100.90307123706651,1,Shaft Misalignment
65.82512631219356,1.6986360000121836,8.16980931473223,1498.89608646602,3335.7363762287287,120.4974338384983,0,Normal
78.51849188037721,6.013348738714797,8.61444233307017,1106.4250384881664,9229.293986482002,96.58344933376048,1,Shaft Misalignment
69.32989907032521,5.653228423233288,5.507103638275654,1438.920015280748,8450.62528723359,66.47214692380065,1,Cavitation
92.68754314597754,8.644092694541294,9.635722517817499,1404.7484728722914,6376.655235411319,106.15025566342807,1,Bearing Failure
62.59611719247698,3.2199881307687668,8.199322591464512,1496.7433846078166,1586.1505704766203,119.23881501538143,0,Normal
74.91594076588379,7.188842868205886,6.223206580579651,1560.809328935643,4036.0491868963795,78.02697593767888,1,Cavitation
71.45255498813997,2.5887813283796577,8.060491556917626,1486.6984861437488,4778.135936839637,109.88649923206636,0,Normal
66.46658092410237,2.2236546601154474,8.618452314837661,1445.9106134325768,5143.066808967425,110.37862793782406,0,Normal
76.26172397990713,2.694009193782009,9.032703050897045,1502.3522089780065,4315.1461719374365,116.64549575212419,0,Normal
72.27695153296067,5.7971692213138954,6.581201557988646,1710.914902387127,6420.422022231251,122.63336989980361,1,Shaft Misalignment
66.97410010206089,2.1843007773638874,8.59346352627725,1501.2791344950674,4849.783420962204,135.39226799840395,0,Normal
56.78399460071707,1.7158592626307694,8.740162187437523,1439.958514805711,5381.034557858695,121.18838322874112,0,Normal
60.87757347173244,2.051843383976683,8.146935693906947,1435.9385249500558,6908.079862671094,113.91709087027095,0,Normal
78.826183768897,4.575926357332914,4.814997321776984,1516.3159108429788,3752.4915136309783,69.94360761910126,1,Cavitation
75.57466025774887,5.449896430533332,7.679596736372828,1157.4629861348624,5126.5168589172,84.98293998274467,1,Shaft Misalignment
60.604918655247744,2.388670879244288,8.508310490681207,1485.3593264187866,3145.319266922095,109.72439310173904,0,Normal
70.10585465721917,5.46691494954451,8.791472358498158,1800.0,8214.337238150678,112.76453433156486,1,Shaft Misalignment
62.793206042425744,2.6868930262342383,8.395933951957872,1457.9186439989421,4504.720202702187,129.8790321390907,0,Normal
82.21833120954035,6.660131152760603,7.469029910899785,1100.0,8421.320074293097,104.74230644122743,1,Shaft Misalignment
66.21737538568385,2.2575057043124183,8.500897436439054,1454.7082967384383,597.2477886659547,106.62590981337466,0,Normal
59.07579969762491,2.784229015923356,8.973384773003467,1356.7690887189713,5983.463889393372,121.11480966319142,0,Normal
80.93107867201216,5.551063549970918,5.408457637582532,1547.4212667066206,4455.642101720713,76.56185892537403,1,Cavitation
72.00726924054175,5.730059772378969,6.202105515834822,1440.9518238044548,7689.138906371137,80.09365826781071,1,Cavitation
90.68431995211164,6.015324035061396,8.859221321808395,1201.603673023539,4689.538880733561,102.70359373268248,1,Shaft Misalignment
63.14862213808782,3.583400304764379,8.24876070465313,1415.6470921277394,4547.155792566974,122.43907925907499,0,Normal
79.23247618331196,6.460179423884901,7.695884860246087,1141.7519823445682,6613.467851097487,99.06144009882532,1,Shaft Misalignment
92.20183596035415,5.396741277435882,8.632661712165426,1144.6394277151062,5721.7324414938175,106.40735726426966,1,Shaft Misalignment
64.2272059005613,2.5552373773279373,7.973181692976807,1452.622149006011,2406.602596838397,125.58574040642999,0,Normal
57.65379709629814,3.0712526624909646,7.770252551986827,1480.6975650800475,831.3184473227846,124.80989430521339,0,Normal
63.1565439657392,6.791654206093526,5.240616918593076,1538.351224719793,7272.431953487583,69.48604230453421,1,Cavitation
86.77518293506142,6.865917652113996,8.621432178972247,1437.624993433195,7297.802614585358,117.82108391426512,1,Bearing Failure
87.34001734694397,7.001335516637702,9.378287197559414,1617.5235924870594,6536.4290710842215,102.55700594735984,1,Bearing Failure
65.6202770891927,3.268804014516585,8.55567924784905,1420.8729261281355,2809.1704321418556,136.8211989524148,0,Normal
63.8576372809523,2.9002392836370126,7.727471796296783,1435.4675196644582,1218.5188687087798,122.37258141355447,0,Normal
63.04795630859765,2.809686423751828,8.173735853391678,1425.552913919227,6496.24282596627,123.28792162302001,0,Normal
80.26945776147942,4.805477060233965,5.9429016433973665,1407.742302078692,4412.2995713901455,82.42711186459542,1,Cavitation
62.80966316934768,2.8656105373468246,8.816039691765706,1476.7357348236314,4282.82682726914,114.17202612506831,0,Normal
76.82695392181071,6.431268441605056,6.18521338595316,1406.2659849330362,4446.178394015555,65.38872153752256,1,Cavitation
84.57973604549794,5.389319152411585,8.899759112726407,1529.505763366289,9799.579920074497,108.52750225258872,1,Bearing Failure
87.2245287085584,8.207924350156649,7.31278057671324,1441.9077875505739,8556.69025375065,109.31062129396453,1,Bearing Failure
51.50992400063964,2.3175577032941153,8.814200398023736,1459.5279007580396,6652.871344738446,115.81532802644273,0,Normal
80.00734580722728,6.290471618482945,7.586981821636425,1665.2113033445025,5959.116117803404,110.55701739539583,1,Shaft Misalignment
68.82093808067782,3.683514863828143,9.191216670452716,1396.226159806778,2262.939882496768,114.89541571786572,0,Normal
65.6388087166998,6.841921610589304,8.422030031673708,1690.6793961586045,6574.3600323442715,98.41785701157897,1,Shaft Misalignment
64.72204738400364,2.717859059596623,8.11892076848689,1357.631839143646,995.4195573928134,104.52764862601904,0,Normal
92.16526625767135,6.051469057966299,7.08614129369192,1386.237983468326,6829.511921745367,92.09947507550842,1,Bearing Failure
80.7181436821782,5.613301911704621,6.341194529161602,1448.4999239389872,4598.27907378347,72.19619746464879,1,Cavitation
61.513454246504864,1.4106750222847981,8.768487848471871,1499.0188218125788,4220.048706595498,118.53272010166366,0,Normal
68.94439790562106,2.4989232413898494,7.932204960139188,1424.6823521300444,2296.8054760552504,126.93011489302178,0,Normal
70.8621245998376,2.1537879682123604,9.216254909911271,1490.3547801106856,2001.7262014414634,120.45459249719445,0,Normal
59.10713607614913,3.3425897691969713,8.622617923947118,1487.9856599446614,3717.1888690824453,106.2792532225397,0,Normal
78.00720796805304,6.872653935629548,6.1602824258940245,1449.9108494873785,6695.013092786593,82.42637939521065,1,Cavitation
61.14156770858552,2.023136147661535,8.666418071576313,1454.8899421278402,784.5246817595879,109.10963253104237,0,Normal
85.46371324184373,8.249581743307655,7.878237504364693,1408.40135526465,9791.426269014642,107.54341509298521,1,Bearing Failure
81.71853674439815,6.617291867964251,7.726979569339506,1775.3066497733312,6062.764434253851,93.76674612583383,1,Shaft Misalignment
91.80258131393873,7.37479238697995,7.892409209673057,1391.7418887493973,8253.171469084122,120.78466417086645,1,Bearing Failure
60.29545494695139,1.6848305155729337,9.472165157907387,1431.9340945457623,3486.1324622092397,133.06569932783106,0,Normal
55.15492218589345,1.8187446756548054,8.567521676481855,1476.0941971627435,2306.9149553076813,122.83141884581444,0,Normal
63.078899773270145,1.847845710099668,9.406731928649275,1471.070568680187,2292.28599313096,135.3779118025077,0,Normal
61.8097591532841,2.8504769928755183,8.896032274963055,1467.6676432954412,6734.892772122691,123.84844579313435,0,Normal
64.21498665771541,1.8259257957043529,7.778205775293618,1379.041002814236,4123.4578397720725,113.63324032381226,0,Normal
74.38350976790501,4.867098107258166,5.216885886002321,1416.9134312863962,7974.411877296545,80.74638152739324,1,Cavitation
80.55562866569153,7.76712814272474,7.024336887870245,1153.4501575220693,4946.509706617439,109.34413150434149,1,Shaft Misalignment
64.09570325607466,3.096632140767705,9.255064662939695,1464.6419087942663,1534.5840250572235,132.4112941593648,0,Normal
84.76342123732948,7.673067648570553,8.8988561935796,1439.789648115953,7252.3326774054085,112.7274833770471,1,Bearing Failure
76.51985088947167,5.277865129671253,6.504993755808069,1477.393761849735,8936.49774652276,86.14234389763271,1,Cavitation
78.37202400528474,6.175997252127395,5.810000661075462,1544.2834392527652,4766.282153267643,63.30413471019884,1,Cavitation
70.27068896983984,4.603173191097079,5.219339195006263,1409.3920816560405,5660.794294540667,66.94171276691176,1,Cavitation
69.74047737175948,2.105902591675526,8.328585019535131,1435.4126753210369,3464.9936775957267,122.49588056946483,0,Normal
64.40204141311071,2.183243172140245,7.958800444649012,1375.1202045942741,4567.36056168566,118.22362389015103,0,Normal
69.37061752117712,6.243800719668803,8.646703799811391,1113.442034075368,7065.543567449122,93.1040416216989,1,Shaft Misalignment
77.47467872127936,6.266922807949178,7.707914244274325,1175.8294632626719,4949.5235242916015,110.33325030614347,1,Shaft Misalignment
68.15437801798078,3.5589482833304626,9.896104433954982,1453.6467258666576,4289.490118169052,126.3056331263775,0,Normal
62.453933187004324,1.9921841680678163,8.207546173291115,1430.8496571391324,3540.1840038124806,122.875806380377,0,Normal
65.4132555699485,4.528873594626482,5.968138944623781,1413.1485319423653,7212.583130276947,85.74378995419468,1,Cavitation
89.9035514876739,5.750837198141918,8.552649131755029,1386.7536737802589,7690.828090121338,84.41319313794708,1,Bearing Failure
73.51025408566768,5.865719733089073,5.069669317220022,1443.7191210286953,3547.4881613940142,63.855350060907085,1,Cavitation
65.57050746113259,2.5371300117322813,8.036223334594135,1442.3903662234713,3316.1310600086813,108.02042665115401,0,Normal
66.64625031079667,2.8327984584212955,7.8346799230769895,1426.1440037608077,2726.249954552893,120.24011074093299,0,Normal
63.394239064349215,3.139248866943011,8.11705796583969,1468.236105326706,5412.947814948386,106.4567383004421,0,Normal
69.06920634630279,2.373573711654297,8.908492571571642,1487.8104031157654,6960.012408559998,121.23711966901078,0,Normal
85.041685021178,5.93373463290426,8.358452373412812,1472.2101780892203,6403.806072511023,109.26442716260942,1,Bearing Failure
91.06441329764364,6.48205055386485,7.469075253948395,1391.2350557070906,9403.625288603998,100.75515683465838,1,Bearing Failure
80.29040501377506,6.126631574996916,7.649861528032803,1589.0423897473331,4039.0309287218793,92.09477272708709,1,Shaft Misalignment
53.32980591355516,2.922918566088642,9.638039508913833,1480.3765509688726,1471.7910141796804,105.70425947559222,0,Normal
84.1478129816062,5.424662631956921,5.926591847849649,1378.5366560164427,6042.017942977031,84.59734899753144,1,Cavitation
60.65584256055145,3.3951658354969845,7.561480422684846,1385.7416439583835,5446.261565445257,116.09353770630807,0,Normal
70.4246241794914,2.242917946992031,8.730048599174623,1457.3794179378026,3394.717089404871,115.13457038355541,0,Normal
60.25687744906785,1.9347267427883144,8.939367139023833,1388.2290671560977,3349.1630414932997,124.24274321336463,0,Normal
60.57945429485039,2.407728900912285,8.428288391770536,1448.6937638503875,6338.774923215825,129.494830324039,0,Normal
82.25579420970304,6.4202038541170925,7.640445487423295,1426.0261378563978,6737.961647414601,106.41559266895794,1,Bearing Failure
59.32341859380613,2.342927395825542,9.462470256593528,1437.6697348098646,5695.344749839724,109.87021868529632,0,Normal
71.22282580177628,3.838899346616649,7.839560822311341,1480.8560717961507,1050.2168983000884,117.66339758714766,0,Normal
73.57420734922361,4.935627589565801,5.708498560188048,1415.3361938038422,8058.210987830941,86.8453999031782,1,Cavitation
62.83799406361019,3.263746130348454,8.468451223522827,1452.4972681330978,3813.5028777438183,122.71623029923373,0,Normal
55.63664276989162,1.5517891312386531,8.251121468491199,1414.7940389338644,2684.0036218494542,115.2759921522891,0,Normal
68.43524673361914,2.0478101734561953,8.753971539272513,1454.5240031299206,6740.2109605490095,128.38177210693124,0,Normal
92.91843830354857,7.3045273564140265,8.20805905510956,1550.035410504972,8118.578108140534,107.9026080540355,1,Bearing Failure
75.18122863661631,4.643827938805033,5.556266587270508,1431.6479301958773,4155.586099568755,75.0076470048427,1,Cavitation
77.1485918833558,3.9694652565888218,6.231323520978246,1511.4814539561528,8120.127660903841,77.49536401287062,1,Cavitation
64.9763671250892,2.170122753869663,8.395907079846433,1374.9613801573662,3062.8765594927504,121.84824260594273,0,Normal
78.41326358782113,7.007196856001928,5.513896752609564,1472.056692799303,8487.71153622276,71.79740309713686,1,Cavitation
66.46783066947282,2.128811421643624,8.661295467131554,1461.8859966356831,4670.689231092932,124.13622115859806,0,Normal
69.41961750614571,2.4995928419977953,8.467546157394843,1447.0684736665607,4850.125418494879,131.48791299335258,0,Normal
74.81548579635617,5.989098802900619,5.657195741305477,1422.5231100711026,6958.2268928825515,79.09049036450934,1,Cavitation
65.15457568268266,3.190525943245222,8.684330184130923,1383.6153059677936,5014.186764477712,120.76840349717702,0,Normal
63.696783319724375,2.5913979336692754,8.915896962647865,1481.363585296499,6730.595704532074,123.5854186174475,0,Normal
73.28321203218314,2.989293599379806,8.583862024818979,1431.0930440824027,3550.267001359039,119.04449693890345,0,Normal
72.54976693379251,7.702446811628122,9.346017186299127,1415.1786174807175,6369.177872555221,95.14395416472198,1,Bearing Failure
75.73141887489103,5.295910484158524,7.411635467794186,1693.6630404559046,6054.313199150459,91.11408769223729,1,Shaft Misalignment
83.38619306096406,5.966514739854153,6.049696618553626,1154.7517775729252,5332.439950657992,99.55874668554306,1,Shaft Misalignment
74.27989460903208,2.818592097617201,10.107687098106416,1463.2823648379635,3939.271426844367,121.88441769030473,0,Normal
86.54339362348111,7.671119064737571,8.075267500301559,1122.782339582728,5208.210728970891,105.69536323086962,1,Shaft Misalignment
56.0466449394474,2.683700859258675,8.590875270379298,1423.3176510397723,6346.608757948457,104.35949565822794,0,Normal
96.91630483497603,7.827285346163779,8.30272512609146,1468.236488042784,8768.855703708738,94.4018865723909,1,Bearing Failure
67.11211411088819,1.791282235296173,8.309739377206256,1439.8240172195533,826.1321184285392,119.5632538710983,0,Normal
73.11657923284618,5.077615370938313,5.783651181808013,1443.3883635414902,8745.573695580104,63.96038210131541,1,Cavitation
58.99205905929741,2.7718981624363455,8.61658976189743,1490.5378303953505,3063.217451279318,129.69894494321522,0,Normal
78.67680413321013,5.191487807250329,6.366295654460936,1488.2513597577258,6200.401923903077,83.52673255885868,1,Cavitation
91.50454108261081,9.657835072079893,7.549118337659732,1504.8321342068411,7509.686911300938,106.90508982287626,1,Bearing Failure
65.89833019435794,3.071691266334073,7.926168686026125,1464.7529764899464,6075.52837379924,118.78433683553735,0,Normal
90.9919063908411,7.8382991274584475,8.80365460433046,1538.1588516193974,6772.018818282345,118.4548895620512,1,Bearing Failure
64.6190619435449,2.3027651122202255,7.796594727697564,1428.138068150541,4328.890997914394,119.2190344338074,0,Normal
69.8125129597665,3.1993569370864767,8.470583572934238,1441.1627310024155,1467.1238450194937,126.55243950736559,0,Normal
58.741509757399285,2.512963328555011,8.914636843283233,1456.1940179324154,5977.047013592831,105.67878107042652,0,Normal
87.34602903573172,5.953907679696328,6.950092652516238,1449.6370888816548,7087.442906903663,110.32783209322625,1,Bearing Failure
76.04228608526184,3.7633548467792846,7.055566273845004,1449.0034219171378,8763.308896828563,83.93579362265486,1,Cavitation
67.45778959701293,2.8025543466904907,8.342403970038278,1478.592667539203,3084.1790571296506,105.13499989013127,0,Normal
68.60638955937196,2.0696761817191254,7.803426957976612,1407.3966646940025,822.8465883552605,113.21671749832888,0,Normal
68.37080231123957,2.423808139432051,9.037279304222993,1420.740103322139,5150.1484563722215,114.3560597433348,0,Normal
72.60499824569688,2.844264263456812,8.314965673880112,1409.4268844543112,6156.806973789664,119.44693148089557,0,Normal
58.69040511581179,2.520072472120891,7.788419861425718,1453.9771383291613,1302.360063005134,129.7346943313955,0,Normal
75.64256029376305,6.572841604635666,6.769248797756821,1699.614728188489,6671.241213957463,95.79708349335864,1,Shaft Misalignment
74.83993212451826,4.58159567792239,6.450424769898805,1449.4272351639158,4238.796012830581,75.05842042175601,1,Cavitation
80.13657002985002,4.39959560147004,6.522355442261689,1394.492017817733,4421.615276534894,70.00042378565294,1,Cavitation
69.27218875570279,2.827839371000363,8.320728736218696,1391.9934733185319,6125.203231624884,118.39168982506692,0,Normal
65.43573296878968,3.745935509376958,8.090870660661938,1537.752438557679,5844.704966989122,112.45189305084835,0,Normal
76.14210171607164,7.646027575013415,6.013745491021835,1262.737717942527,6434.815360820897,99.1332722569479,1,Shaft Misalignment
63.80237841544466,2.4772643009231863,9.140747699626706,1451.906915784892,1422.0238424750737,106.82790890718447,0,Normal
82.23788168714732,5.744897968728838,7.852749677356162,1430.7352342324452,6206.5671888910265,100.25838314501678,1,Bearing Failure
68.41679411748518,1.996785553273892,8.575904856907757,1475.846043574245,5972.601099176158,112.48169353332077,0,Normal
67.68004612795683,2.9610644387960594,8.500733685721055,1372.4883937527402,3245.2871725547743,116.32315760994015,0,Normal
69.34287747559598,7.284527260475638,7.6029633942894295,1714.546790208104,4404.688009878633,106.22698068744859,1,Shaft Misalignment
78.9650836039554,8.135577203455707,8.537366589795198,1413.3532661414984,6617.063341186452,123.85223926798169,1,Bearing Failure
75.31627990275872,6.620208553127391,6.289402918640982,1516.1623248101994,4398.222039354589,67.40491878083174,1,Cavitation
92.84643733590491,9.08033977082297,8.64159732964439,1513.4456372268482,7775.179363918915,104.19184426836442,1,Bearing Failure
75.87378730440969,5.972460802072687,5.0906040023556915,1380.7290233199396,7966.286797283162,69.45193894278451,1,Cavitation
55.029355782603716,1.8960457501541377,8.206819657014353,1397.162987757468,4247.54243468241,103.01053586140137,0,Normal
63.07558813599645,3.008656726806207,8.644366173356847,1384.5263562909297,1011.745639873471,104.83195288980357,0,Normal
66.63339249154849,2.6519984560639704,8.18647641637302,1408.8022110511754,2548.9365875597514,122.53835094472232,0,Normal
82.19481956740188,7.251028831694098,8.325405948161102,1166.8646809127542,4803.292396533132,105.24034520185425,1,Shaft Misalignment
84.3609234884745,6.1767280602847325,8.517667360563006,1100.0,7933.76109376964,103.17758175821461,1,Shaft Misalignment
65.9505203072527,2.166939235228499,8.528631057170173,1470.53009158777,3793.925817154499,110.94620649120273,0,Normal
92.454621335808,7.043159082767796,7.30294033502029,1366.7119087887954,9810.05962277237,106.82730798410945,1,Bearing Failure
78.2465841114627,8.53247366113733,7.249845592432125,1218.576126543806,8931.30526930238,104.91586334028635,1,Shaft Misalignment
62.857857826222116,1.7301487381741347,8.284410139825214,1431.2608939707236,3044.039318484752,122.48166508996131,0,Normal
69.85203569871771,7.222726010085264,5.775425106230722,1514.1999166707562,4047.833188424769,79.78424206068107,1,Cavitation
61.7356194070783,2.481957629776157,8.7221864822089,1527.7023035614156,4708.248843231113,112.37476143820882,0,Normal
70.56982910815458,3.5652651458068094,8.839174515065709,1448.2088310578047,5131.416314697664,121.50313439792897,0,Normal
68.6550871137275,5.111140301964325,5.720125751004207,1399.2917890936517,6134.239583800806,80.71180714934609,1,Cavitation
64.26143412824986,2.683077912278641,8.810334207695663,1559.4577906453767,2159.79393689005,121.1202225778071,0,Normal
88.05637212745509,8.556288483746123,8.278269429601208,1450.8052291233078,8700.575417775393,104.86716911040976,1,Bearing Failure
68.41346755435319,2.7802513685500085,7.142450903001409,1486.2522695064658,2582.4572870649467,126.40921569568721,0,Normal
67.31861528778558,1.7994995056715715,8.42984188597642,1530.7122579517213,763.3769153578548,127.77111911542035,0,Normal
64.58705768445938,2.419205824131555,8.656149682101804,1504.5329193646567,809.3003266459544,115.10578991732665,0,Normal
65.48338060570116,2.305640499428669,8.437510134842892,1417.8016231958345,2402.258134838151,111.26303039721147,0,Normal
84.27304453932862,5.584130973691551,9.057200655891203,1435.222591443472,7773.582663333763,105.36905338553014,1,Bearing Failure
68.77229861665151,1.718915359161792,8.58996515590567,1469.2509781859887,5412.5017872921235,124.63685880110346,0,Normal
61.67074538658173,2.146789213897459,9.263506630612996,1472.8051978207138,2574.4068509722565,122.4753294811364,0,Normal
86.53953818459254,7.556510648465556,7.912554883273504,1437.088220586389,9714.088300169718,116.43398107149552,1,Bearing Failure
62.87234964635948,3.080575833156194,8.764687563958327,1442.6261838349812,667.9674039681511,134.4842087005374,0,Normal
96.28483953073005,7.457195502431907,8.797146568345491,1425.3070631018352,8649.719893685407,97.8564821671588,1,Bearing Failure
67.62064451449294,6.190879935918708,5.734439768375164,1432.8386965647662,7361.798066766239,79.68541928633704,1,Cavitation
65.2541926330492,2.62598756845467,8.777813411397437,1410.7133219806028,5461.978188593157,128.6758201988583,0,Normal
73.04201261156514,2.8655555243536317,8.411042020274138,1453.9122580340393,965.9907219203075,124.35772400487613,0,Normal
66.94720008858516,2.3055799534928973,8.317194340502965,1420.6223999965714,6799.420530324089,125.67174591789598,0,Normal
86.42454604410626,8.781383398123635,6.677207561464918,1424.732185911935,9138.040542710212,109.47930732772947,1,Bearing Failure
72.62973463482096,5.678336419450884,5.657072021921285,1385.7456015066737,5183.282361761299,75.49343301737896,1,Cavitation
75.65708057110241,4.884251489621022,5.519334711688496,1462.3779777423654,8577.580900456509,95.54375180849391,1,Cavitation
72.4923492243905,2.9029353824529527,7.926080778916317,1398.6655790932089,5255.287627082428,125.30869567359277,0,Normal
55.476343906880025,1.8554032162829577,8.454105076593605,1470.5658763053723,2539.0547178632346,113.64894763841343,0,Normal
82.12064442302012,5.858178596055659,7.601454003493203,1209.5834024846565,4738.31130501559,110.55742178042892,1,Shaft Misalignment
57.541196187260866,1.0749428365298843,9.495734469941235,1422.5071029897017,3314.5691963375975,112.0879644937119,0,Normal
65.19995323732054,1.329784604263824,7.754139155773185,1411.885580127766,5900.428445542625,128.1732698255835,0,Normal
88.39348582822106,7.062177675569676,6.776375824004796,1383.0074413991476,7725.622814679142,95.9349271450219,1,Bearing Failure
59.993604276100996,2.398995899205083,8.935807204770377,1396.7657308127184,5508.312543956168,118.95952917978892,0,Normal
68.90078858628331,3.3789196639028907,8.659186225029314,1427.7745644729594,1421.1488536092209,102.71269917786623,0,Normal
63.83485503235929,2.0118666087114327,8.510981632774962,1456.270427937405,4541.580585927665,136.58931340347004,0,Normal
67.59225702743,8.112669538071202,5.678104200649013,1444.0584606561147,8921.71011781163,90.82124613139914,1,Cavitation
64.9735063528987,2.725138757986566,9.129808994584446,1449.6673534791844,4064.9779232398078,121.92802510129889,0,Normal
57.23053497776229,3.439905476023545,8.869704744308232,1433.7724648077499,5353.831500688038,119.87021505923246,0,Normal
64.3694555760185,2.6312298506764606,9.267991613818655,1452.2335911203295,4961.835583006196,120.80343152668836,0,Normal
62.774072939208764,2.3455664402290415,8.352498645741433,1446.1005909609175,1711.6900065811242,113.44526725812341,0,Normal
70.38908220193784,2.37818651321588,9.036273255972324,1501.602601435067,1935.4624198506683,108.64366763383296,0,Normal
60.301922093604865,1.8704711385957011,8.412387516684728,1435.9018918584857,1102.061197905812,134.9699913466447,0,Normal
66.74053407357356,3.163712102874329,8.35187540061788,1498.3307636635222,3774.5273842101215,105.95716344543868,0,Normal
76.57381280727581,4.9486781857607705,5.338890361432642,1448.7651178457504,5373.70479475961,88.4072516283775,1,Cavitation
69.81111467639937,2.1987793938767357,8.082111392770399,1417.5806162368156,4893.276923233986,117.91208532489593,0,Normal
70.58614998866958,2.84118075013777,8.637834038018093,1467.3588832138541,5160.61310887098,122.69260636394448,0,Normal
73.08174719263948,5.033190534607108,8.098398685105579,1136.8930608773164,4255.5391425265,115.43995191330686,1,Shaft Misalignment
75.14792713364537,7.32363016855493,6.057421096436724,1492.8723194088275,7202.576636749422,83.6401005699731,1,Cavitation
81.86135658303996,6.142044478830545,5.463547333995299,1483.1420546510817,7293.813303346575,73.41741981135647,1,Cavitation
61.55444101139105,2.7806140623153315,9.155302956406732,1496.8440788667824,534.7044228029755,122.39389169534753,0,Normal
96.06570745140758,8.884504962651034,8.176423785954414,1369.5244163657958,8452.208103477915,110.38503156639044,1,Bearing Failure
53.91204460320615,1.79909330328988,7.951562460308007,1482.882643121301,4661.630947189796,118.27721052137379,0,Normal
74.63788106364095,6.324641825605159,8.092225076823103,1738.1225434312805,5098.12827656938,104.8507462755704,1,Shaft Misalignment
84.99870481843746,6.227006667768729,7.7376513049731255,1478.3087043703688,9240.957851597072,108.03543647002931,1,Bearing Failure
82.7329802775759,7.7170193027961576,7.913718678412688,1422.6598117029173,6232.895512285045,101.8902187074776,1,Bearing Failure
59.713477062343436,2.4051435778844854,8.57363992788374,1484.4567343950503,6221.560297670457,116.43296531018538,0,Normal
62.582609325028116,2.4829065252937643,8.142243616938625,1448.2173240229806,3893.3147051131805,116.21136544145595,0,Normal
73.93395242719836,3.516612336127361,8.517718325023955,1422.5499849174562,5069.55081529143,114.92397540557417,0,Normal
66.32011224498177,2.524192726443753,9.118565353894349,1416.9962810665993,4706.781619911741,133.8106824836527,0,Normal
71.76354082348547,2.250760460299002,8.66619474452773,1475.5717635088838,889.4291432257254,110.75976127673586,0,Normal
75.17941035993768,6.203964310755648,8.37387938574825,1163.078852093336,5812.04955777965,114.90604629863876,1,Shaft Misalignment
64.79724692208883,2.646526541528051,7.73943502415271,1456.011545263071,6936.853608802118,135.45552299807272,0,Normal
72.29921166385563,6.2407083587086065,5.881922903987407,1482.6247308114353,6573.730066984627,82.23759988764058,1,Cavitation
66.0835099555477,2.8448337646451574,8.301043713190982,1400.6465365498323,5930.814531216566,129.1020042066304,0,Normal
78.97451997373108,7.745212173468355,7.443817934350044,1280.6419025053283,9326.560160677323,103.06659050320377,1,Bearing Failure
63.63922811180381,3.240005308270478,8.716173482103892,1455.3806268637845,5957.559223100145,135.10100096500804,0,Normal
68.36868919025422,6.557408556851185,6.116108157015925,1484.116939102983,4525.30697440013,85.57261602858709,1,Cavitation
70.03721260619673,2.0444582233830633,8.649454338645356,1457.6080840129916,4095.0424340869477,120.88257317718204,0,Normal
74.79738808236534,7.2040011300856515,5.57150298072177,1437.393842061396,5819.062921439084,78.17578636770573,1,Cavitation
71.08822046242942,1.934591149192692,8.306253003536263,1534.3164838947844,6091.445372883329,127.04143165162834,0,Normal
101.84612936641271,6.756300083094817,7.7773001571370015,1446.8981236374862,9942.07742761146,117.53774017998093,1,Bearing Failure
92.30998925916548,7.398802372682468,9.33058227054602,1470.4518759548932,9585.941090569986,100.83782380100676,1,Bearing Failure
73.95660270954457,7.24427582661273,7.972518221287325,1227.188439239966,5218.2542955505305,114.24577865862851,1,Shaft Misalignment
71.25638512480714,2.4844122379707883,8.46457041828478,1487.4104625990171,2058.3618722662213,130.49541260265002,0,Normal
58.41579457451405,2.6324336134500514,8.376654358187198,1465.5465204931677,3252.1144094173287,120.27567252338898,0,Normal
59.730188346009136,2.253016076384851,9.066206546934323,1368.6654710677994,3376.5061466824363,120.39125439420314,0,Normal
66.0183021136309,3.5888040686276725,8.54361494620971,1459.4893950252406,4883.117208801832,125.50929836117133,0,Normal
66.52921822207088,2.5665490585800304,8.031869813780787,1412.9402462849591,5077.907416502723,114.13675856429656,0,Normal
61.76528590205917,2.758008028014151,8.715666093176523,1410.5232246707067,3889.08497136741,112.7907812589273,0,Normal
68.32709350148208,2.9392085633441143,7.694217188831245,1422.946160301033,1691.9515048230808,109.05561632625829,0,Normal
93.73008094067235,8.054691048489879,8.383812100627031,1430.084008586196,7508.1566983050825,104.04055493788407,1,Bearing Failure
75.3010703631234,2.2313109976769403,9.49897410225645,1411.0105927235031,1614.8877223456602,114.73762584323028,0,Normal
68.31153071184151,2.0857888803242264,8.45706804960112,1446.9640485968137,3842.7647203765823,120.64255658100168,0,Normal
59.27354489895032,3.1327564385726916,9.055675933496655,1409.3789786149825,4804.3908296410045,128.89716548349236,0,Normal
72.86837066779096,5.714805525308216,6.066016162711333,1473.6886180929423,6577.965630023173,94.75774867078835,1,Cavitation
81.44135302126455,4.832334733809138,8.693396779209953,1168.4037998943188,8634.955179467077,103.20243866923593,1,Shaft Misalignment
89.3623783188649,7.422778288401575,8.90660398093674,1474.2964812289206,7058.364139074916,111.3929300326544,1,Bearing Failure
66.06334978085077,3.0694990376142157,8.194468642717466,1514.7725591852272,4926.970542136509,111.43676005768833,0,Normal
70.1459529510179,2.062127507506884,9.00739252982876,1445.0888189088264,1461.422386245937,137.66436838034838,0,Normal
93.76819892829957,7.555201753795183,7.582864791430867,1430.1582312734336,9194.712423630528,84.71726959421208,1,Bearing Failure
73.50770400160383,1.6311435345513579,8.882120544956178,1479.8830296894448,5954.44656549592,129.51133718585322,0,Normal
61.84634931585468,6.388375729230169,5.7525878843595635,1424.260866254263,8177.75773987811,79.94824163349075,1,Cavitation
69.71491747972321,6.993987156905329,6.395503274875346,1399.1649523624023,5996.920640944336,75.6156466064281,1,Cavitation
82.46683022131434,6.690174042986138,7.075587490343125,1584.643510716205,7309.174574283549,105.73082130927449,1,Bearing Failure
86.21212799924781,5.854523912964085,6.62968259433262,1455.8833293951784,9629.185679682912,119.40742694478705,1,Bearing Failure
62.89867984420586,1.7740209827996944,8.442605589182724,1389.8879315477973,5301.752185505619,118.3989235661749,0,Normal
63.18107735195064,2.037928535660948,8.3255740014044,1491.3024688144221,5362.023718297649,117.69217437692879,0,Normal
71.69698061219579,2.6565903100096424,8.660935191191529,1482.688260699902,548.1788220948544,108.7715332442139,0,Normal
62.44571162198808,3.356290148778064,8.535769081225302,1493.143804644475,644.6272875211512,115.27082536059511,0,Normal
92.52241382307069,8.438723616238159,7.143802829913404,1468.4170450067516,9616.139945818237,92.63001098637938,1,Bearing Failure
71.95048646525399,4.554389799223437,5.820214469916733,1411.3663304669772,7241.809079475935,84.29038584720223,1,Cavitation
92.5393174042149,6.2987871811067375,7.4135808279557995,1443.0725609686485,8492.459360651099,99.4656875402478,1,Bearing Failure
73.97988129958911,4.763394600672081,5.909907657470305,1479.4801700841224,7379.319039051536,77.50592861042917,1,Cavitation
66.56479062718124,1.9055034100840738,8.49202068506775,1482.259089196925,3213.9099387792116,103.17560386504022,0,Normal
66.69470238886817,7.106784646954337,8.060215697528626,1184.6190729499485,9220.033989106345,101.00303509164009,1,Shaft Misalignment
82.35007161446569,6.784904028116161,8.11395648638174,1448.9626601573675,7650.6720832686215,120.45287340313692,1,Bearing Failure
64.81481409700433,1.9837022353627223,8.494393505908855,1451.6625117053422,2167.46201447136,121.83152172131638,0,Normal
87.51630181110951,6.939375115624799,7.928017945576497,1514.798990178052,6540.655239069661,93.0774259100621,1,Bearing Failure
77.88492824899716,4.248864775989905,8.823212384248844,1254.2217019220113,9067.07526424059,98.23660284236455,1,Shaft Misalignment
81.15120579609408,6.343401434083137,8.761947800270377,1637.2499800136577,8985.240859644877,85.09883262751065,1,Shaft Misalignment
83.56629385658876,9.232184577177565,6.296328446258552,1464.895512505701,6385.002332950902,105.42697274458443,1,Bearing Failure
77.60813572996562,5.837811452323339,8.36129447626156,1256.4941744202574,5872.706475906938,93.6488058058876,1,Shaft Misalignment
62.21172210450674,2.3926752370911664,8.014666116308613,1460.4105091964389,5677.875569151403,127.04389168179306,0,Normal
79.10020801999119,6.529134890420074,8.766076349462347,1223.5788251149079,4117.497397033293,97.38146455989575,1,Shaft Misalignment
65.16127114530478,3.5899636981332836,7.998075136484557,1483.389988905732,2608.8484861279303,128.71923967272664,0,Normal
90.30056421185289,8.393838810963404,8.360018342776105,1490.3993365318474,7864.232073275351,103.66340266737578,1,Bearing Failure
75.70705282768607,6.794843563152678,8.944612677776611,1742.5521816872945,5926.746392297807,119.11646503919557,1,Shaft Misalignment
69.44631712379488,4.027632721565675,9.356152343718799,1429.0991628236145,6127.969590229624,108.3911681082661,0,Normal
87.11706816869884,7.53094808826783,6.946449688022338,1511.009853340771,6705.706786409605,111.27328120273809,1,Bearing Failure
86.91408480391406,8.123407973995027,7.863358049219582,1406.4365622017674,8400.810188370322,124.35861025680605,1,Bearing Failure
84.76410053613291,5.37015014278144,7.423314191251192,1715.9685595775095,8654.066263849054,112.99611626056245,1,Shaft Misalignment
79.56706084184705,7.523200973347986,7.8600119710102545,1128.5416544627033,7851.913388766132,100.95754400802771,1,Shaft Misalignment
62.96136491365691,2.3132674614948683,8.575578872626805,1371.1407480004034,4326.936513172562,124.90612435728914,0,Normal
58.98598402677334,2.8973220003677125,7.94718724914278,1391.7364810696254,3403.476691340322,134.92675641828217,0,Normal
68.57471125724453,7.855572935710348,7.572399652136454,1205.224162819151,5908.274227076722,119.35087399222236,1,Shaft Misalignment
59.45591839356727,2.6220122550429985,8.777544849720794,1461.2254946713074,3324.949750137147,126.32607449786023,0,Normal
84.83311114121226,8.325116359762667,8.471480913616173,1372.3117107530582,7394.3140624170765,120.12985311412686,1,Bearing Failure
54.74930478722323,3.26030927904333,8.748183121817483,1464.500440453767,2715.4422832769287,124.88986734644253,0,Normal
55.569884965658346,3.6168761348075584,8.23610633419473,1438.8657873512323,6296.949972741087,122.2949107425548,0,Normal
98.46386765295085,7.45054928162411,7.598402717556832,1545.707225116001,8951.37884174715,83.05543083946016,1,Bearing Failure
68.20322160004928,1.6763925401733584,8.843419066632569,1473.9566401788363,5064.24959226627,115.65045565510093,0,Normal
69.54017079857005,7.693418819678781,5.052082806445502,1523.9083976115778,4866.769096346538,87.03266374629536,1,Cavitation
70.29258295174395,3.603003101577534,8.270572195905878,1464.082060438073,623.2815007517677,104.26688853829316,0,Normal
65.51608129882959,2.0726793850896237,6.571812335379701,1492.9709318968048,4234.278128759086,127.6753566938642,0,Normal
62.83978092877613,3.5845541933153844,8.649766251521607,1426.9495228388691,702.636909227488,118.85072376082306,0,Normal
64.77941996164104,1.822932846457078,8.798021078561394,1427.0602737490856,4225.911264200872,113.98485096077341,0,Normal
74.31788924861192,5.221691446993496,5.578285290882482,1436.4864816162697,6633.421643363581,86.7777706373746,1,Cavitation
58.01343351405502,2.7335672389130425,8.865978138745021,1463.9594013317603,4842.8641015518615,118.38792882105211,0,Normal
79.84060038620309,4.11434205173901,6.0545230693370335,1495.0634884780807,3126.9828838922294,70.7987181770107,1,Cavitation
59.49951518711097,2.787099839077534,8.769481536327861,1415.570480461076,1294.978055909205,130.83368740196067,0,Normal
63.555389937186256,3.4175116740824203,8.362275767317595,1453.8589128453684,6534.4169841868315,132.82088617503322,0,Normal
63.76570414163689,2.3197576248887355,7.8020507696314905,1466.7686805231908,6012.196667324438,110.60622174442534,0,Normal
75.57525841071102,2.805019026480101,7.842166503539552,1411.1240675823794,3589.1568669521857,114.40907055646404,0,Normal
67.7710004887683,5.3307716103024525,5.657503279124562,1480.073866378332,7190.933552812931,71.44015155708357,1,Cavitation
58.456108439615356,3.660633116745118,8.42004198858228,1487.4601646692195,3981.0260751356886,100.90456103843462,0,Normal
60.39070660036211,3.063034800435752,7.738264745348227,1466.9961012714555,5952.314219344445,137.67573431842362,0,Normal
80.48273633143111,5.392153869212147,6.715008143057574,1434.3670634992704,5809.632129939341,86.30112011810549,1,Cavitation
89.60339170509258,7.628628690654427,7.758033537726798,1441.9892726269395,9249.654630495603,106.4368044501773,1,Bearing Failure
90.43176466295856,7.951395952416035,8.280924961608699,1514.0795826702094,7763.508003391217,117.95271233833346,1,Bearing Failure
73.95204486758504,1.6998121860386803,8.553821833568097,1457.927543771376,5630.725935380019,105.61888154210595,0,Normal
62.547381737342135,4.291797625345857,9.354482026014946,1470.7627815748888,1212.5832636223583,115.3435093272559,0,Normal
61.011096369629044,2.737459090915074,8.553238152252414,1444.4373760612316,5293.681648989475,130.11970847817327,0,Normal
65.65978073698123,1.319646601719514,9.295240813036429,1431.4550458156,2250.871054065568,106.42733967965926,0,Normal
65.63830674921725,3.314670731234843,8.143249112501403,1465.060227239097,2377.3805702020063,110.68825710887046,0,Normal
81.58691958969911,8.2067827246151,4.956734970154831,1395.7621782920594,8015.673224464863,84.1850549104258,1,Cavitation
70.96771235502469,2.708656388936135,8.943410856213692,1447.211923235287,4369.577047588818,121.13780160557107,0,Normal
67.43095561331205,7.272228101415589,8.474035798973231,1218.037238081768,6080.407513539572,105.1838203277102,1,Shaft Misalignment
67.50065825411174,2.23922348679124,8.106325456609747,1479.7346092202374,4561.174008398932,128.2490434774442,0,Normal
74.56125021780328,6.056884710822189,7.9248572242843265,1543.0826632605697,9155.833340041385,111.44584893071315,1,Bearing Failure
77.78038402383032,5.369955830835635,8.605550042632473,1679.0256630674664,4774.868163137193,103.56754554354985,1,Shaft Misalignment
88.02846015716553,7.049845080157271,5.967950874668919,1410.3802442949175,7313.408295242873,108.02431145776121,1,Bearing Failure
75.02965249048923,7.201920252998812,5.937831728367259,1478.1287085182425,3567.365851604808,74.19266154671857,1,Cavitation
68.21200211273558,1.4950501612490674,8.272495627139431,1493.4727212027556,2761.3600135609713,137.23381926484282,0,Normal
67.3365135064744,1.4726845839265632,8.196839707381121,1406.2576525737804,4364.8899506683565,134.49885034007593,0,Normal
79.69651691781169,5.380147371642811,6.115993566586972,1448.2609965065528,6886.625930484028,75.73130271824493,1,Cavitation
98.34330925853659,7.23109232378499,8.390450706720314,1439.984719984643,9594.543018691103,121.31152515028003,1,Bearing Failure
57.401829067411875,2.2848166655271225,8.51460550785537,1463.3797283338138,4805.70234952753,112.45118627264536,0,Normal
91.19229030186038,9.228275832628555,8.098096462527026,1489.0417654534738,9971.42437557092,96.08640319247937,1,Bearing Failure
77.25247861889018,5.738241709778905,6.0779707258229205,1354.752777299468,3303.0448249936926,65.01009134306216,1,Cavitation
82.2347033112242,6.4927596014058535,8.127174510508917,1766.556313884392,5776.988110120037,100.564755851996,1,Shaft Misalignment
96.58953343128466,6.777219744555506,8.135569012843717,1488.5366954002618,9159.39163394139,100.15160075831135,1,Bearing Failure
61.12699326057344,1.9037048266856373,8.653601972948936,1451.768246995218,1913.7056883307437,117.47295196120496,0,Normal
65.3117175997801,1.545953355925355,8.8444559108985,1415.1646911653202,5282.775424805161,123.29449378982383,0,Normal
63.024765739152166,2.6854281010144208,9.211976922770583,1506.5507859316504,6914.93914241838,106.78284694488946,0,Normal
99.06839939425343,8.076144277461013,8.445404421395173,1569.390700573995,7243.03258233252,89.94434814905395,1,Bearing Failure
69.57243488662634,4.1340637747440185,5.6438781011019445,1416.1356651623453,4187.901536697348,76.3469520895799,1,Cavitation
76.97734720022792,7.2124909440819795,5.390932889181163,1348.3350444479936,7959.25593643426,72.71509766906048,1,Cavitation
65.52271122774609,2.413188543554594,9.33602088652116,1469.8887192181278,3220.356513242445,113.54417386688051,0,Normal
60.572898219525115,1.4019086721298895,8.136822349038546,1471.968683386606,1319.461542180884,121.56292460518885,0,Normal
57.6654702732404,2.615268560247201,8.54720347670208,1464.4076511240642,4104.331611991272,121.26584695722629,0,Normal
65.01663709791598,1.3706987025522819,8.756776098431446,1458.6694581679858,4356.060291518478,110.27711213914395,0,Normal
61.03526248506952,3.5818227177366113,7.75334113736579,1452.2674990919375,4086.5844845616734,112.27223260310771,0,Normal
63.18771836573586,1.961531921478629,8.894193902411317,1450.7685939781675,3990.411498428609,111.73802027879795,0,Normal
64.90340847864083,2.5609780321200546,9.083608866652186,1513.5378870496045,5621.120677306036,126.68466221071782,0,Normal
62.982510335278846,2.9932252023573658,9.229216351713388,1453.255041280728,3312.1761239262332,122.55046671702604,0,Normal
71.5151131505212,2.798375909279931,7.918556644938634,1462.2537135748173,5783.875055226457,126.49333890368001,0,Normal
65.96280117266313,3.1868557668713784,8.029769855107121,1451.38498955037,604.1830169583003,119.16525765610487,0,Normal
68.04906259937377,2.7266270560683004,9.376687599362159,1503.7182532652491,2082.719184703683,118.15431222012141,0,Normal
88.05077963814135,6.462282050234409,8.529708901997399,1641.0314046231233,8611.654798112033,121.86012583861032,1,Shaft Misalignment
63.709957319011956,2.1182657724088423,8.217469763224404,1524.8429792923246,2214.7394871513243,113.1929272876888,0,Normal
75.88646723774534,2.2604460124324226,8.953435267305142,1434.9628701811457,678.6537663909112,122.08947633023703,0,Normal
66.50648539153282,2.5790957052886685,8.372286173509067,1481.6627547311136,3877.7572127041935,122.25029875392416,0,Normal
64.44507232864459,3.1162473627768876,8.361827177468934,1528.8952686457399,1516.2618033786152,124.65820087780561,0,Normal
65.40028981255536,3.2947418909158235,9.220233869700639,1407.8917130918865,4336.441757245558,108.28945132679166,0,Normal
96.13141706063094,6.812663556078727,8.526740587668337,1515.953700723421,9874.629511155104,114.17298496609313,1,Bearing Failure
64.71086245847054,3.486458066711476,7.826106512393745,1477.1207966186796,3875.320535569264,125.3457060354891,0,Normal
81.946565451268,5.5896023163808035,8.412360252482218,1700.7447311577773,4889.49240861469,97.67363817952388,1,Shaft Misalignment
61.12150325224882,2.667453811034405,8.574386702250546,1485.0844050100786,5572.19860956352,114.7118249476583,0,Normal
65.96835285940456,3.290582365976912,8.48559959015006,1483.613997934073,5639.281297875392,108.82008527711365,0,Normal
84.25960053248697,6.274162256286295,6.32485676563365,1800.0,5176.00126247949,101.59378749354424,1,Shaft Misalignment
65.23517182004252,2.6450444851195454,8.016067286557456,1439.365336572508,4020.669800914845,119.29065912404697,0,Normal
77.15315808333699,7.0141326999931195,7.42867107968672,1187.6066859432058,6266.270742391623,105.50426764139443,1,Shaft Misalignment
75.03183344424785,7.613897571998479,10.04192293984606,1478.7308120699545,9299.75391926959,113.54903922636403,1,Bearing Failure
71.79001502773332,7.424450494907273,5.685219913498139,1485.7141988050687,8128.670077773476,87.16373589247472,1,Cavitation
68.47499834443883,2.766469855701049,8.231772942488533,1414.8403194721557,1255.5973924845969,124.60637370312746,0,Normal
67.17063490770487,2.490480448927892,8.056099309831174,1446.4695907945984,3381.5800421140207,118.36992389204464,0,Normal
69.09884034737743,3.5261502346703884,8.254799896713418,1481.1720189092894,4240.589306261371,122.9684299057229,0,Normal
65.03268423867598,2.254183666028383,9.11091745300276,1479.0845505335496,1236.9315291612975,109.49354337105062,0,Normal
72.4214954545916,2.682717849598074,8.21142258122192,1422.0025916293403,5976.0316468820665,118.14628026470871,0,Normal
82.00168310674036,8.201263925038448,9.058885980665059,1540.5731004583236,8902.002325505517,98.5922472591342,1,Bearing Failure
60.93727114939007,3.763178457674987,8.517443973544705,1394.9795644172502,3935.797309343375,124.82371282753009,0,Normal
80.02461367281776,6.285472968911858,7.617025849864997,1507.9135425319998,6311.833376561569,93.97567909192418,1,Bearing Failure
88.7498031447501,6.290851867120721,8.530327655848417,1399.7239850578171,8112.233687568499,89.3502610655822,1,Bearing Failure
66.5882744426281,2.6214951943868265,8.501167123746072,1454.0268672170662,5846.411319222673,121.88910528740179,0,Normal
71.92028188663257,2.218737761624339,8.700939493312983,1512.2759523994634,6923.979689340189,121.79183121722417,0,Normal
93.31885337006051,8.693194224476697,7.6881151739982885,1491.119650252096,8520.193947677797,127.99777867630661,1,Bearing Failure
69.49913544547532,6.3228168381267515,5.946622023489484,1391.230471839045,5000.811238708847,79.69167156041398,1,Cavitation
81.76105836709235,4.993529840367756,7.531941247199656,1776.6211554994447,6343.870788299023,117.47496723568274,1,Shaft Misalignment
67.6691884987402,1.671791007413525,8.091387418013925,1427.4379183301528,1349.348710761433,115.48189248959481,0,Normal
88.2772696220255,8.248936113805927,9.045899328086778,1462.0836735229168,7258.755895485307,110.05507757591796,1,Bearing Failure
95.60105838580267,6.510066723423859,7.659428110375221,1511.9979400032653,6342.141437197848,97.51725345222304,1,Bearing Failure
82.27700668863096,5.411981480963033,5.706713373472318,1558.5596430531248,7742.491501915261,76.40269060650867,1,Cavitation
70.89474199618334,2.8580551877811096,7.488173010993917,1458.0180601736126,4285.827999773923,117.44664068317924,0,Normal
59.30526563971434,3.043219003481831,7.898715727875915,1534.7007760692413,4380.241864495932,128.19909146212746,0,Normal
66.49847777775545,2.6579475530359487,8.141047553545395,1518.3682861741186,4176.123640971516,109.47646954360124,0,Normal
60.50316360081372,1.9135700498592183,7.9224551124159905,1493.5553848386023,4119.298266801055,113.32335538018272,0,Normal
85.20830929749506,8.697212035103878,7.650141207774893,1492.1838037726445,7157.06829134413,94.35503578827047,1,Bearing Failure
75.24415562404205,5.066578733289734,6.584340959420679,1480.3456855143525,4555.564369513163,90.91814653474997,1,Cavitation
70.5507761452943,5.03922044175511,5.927063843535717,1484.8525489419862,3490.2237576133725,89.01508708940679,1,Cavitation
67.16736415821187,2.1948626480345914,8.25800644185956,1454.9464598060504,4546.555438004831,112.05707199131564,0,Normal
73.69027496787822,3.663930394978737,6.6673813965617885,1396.4765878489964,5136.8349720898095,91.43219838803063,1,Cavitation
69.67817731241524,5.5125495312764485,8.348785295037118,1246.8541588778396,4193.792001220242,105.7991510450788,1,Shaft Misalignment
72.56249133754437,3.2240411174437624,8.96089970577645,1481.567429430516,4024.1568574181183,133.95483294186022,0,Normal
75.51930777916922,6.78638674395539,7.8679836195967585,1144.9311197388772,7392.862395815172,94.67994343667627,1,Shaft Misalignment
69.54391664890066,2.519102535451324,8.501230892731515,1360.7378311844254,6412.110982539719,130.5923585132971,0,Normal
70.79687217483252,5.802485175982986,5.0703528909322655,1472.113966800369,8606.404188084769,71.44801141221184,1,Cavitation
82.32211706351322,8.674814057585692,6.684713338672321,1430.3322966473522,9975.990933654684,104.58339976618666,1,Bearing Failure
64.04776907035392,2.1555504537476384,8.359437257555957,1473.173870390271,4207.031300872275,131.29621502834598,0,Normal
84.41162005810703,7.210230903271031,6.58442793355762,1354.4507676613048,6087.405508831115,93.71971592968517,1,Bearing Failure
83.7295181609281,6.520776444734007,5.802219261304907,1484.3588737549323,4072.5510208263863,80.19372028104134,1,Cavitation
59.366455208257634,2.6490086104011765,9.057219832500211,1400.9247846171315,1817.0498466588135,117.29756704830197,0,Normal
82.64209923286545,6.274813461197488,5.6132128181735155,1517.4721252819413,6077.873051486051,71.77048029499952,1,Cavitation
86.31966885438051,8.834032682664853,7.775471691868564,1459.4471362824936,7396.083982619676,104.94725003617684,1,Bearing Failure
87.7735492227484,7.885956736258633,7.58696032853036,1361.2081056694713,8573.209913976732,95.79843685901783,1,Bearing Failure
71.3716619855849,5.962782141336226,5.461318885639115,1460.4677165093808,4052.206815242264,84.95745411536332,1,Cavitation
65.66782707767989,2.905398671954186,8.101609383665412,1431.6640654714884,5891.900575754906,123.12952127061001,0,Normal
68.39274827310525,1.3750806066989736,8.761010317555384,1428.2719399849466,6819.017311975874,115.18170916265271,0,Normal
63.34612551988474,2.1939035118098698,8.574728044831655,1480.8300083847514,3967.6213568410885,106.32669155847636,0,Normal
97.68863581337335,7.34827674709598,10.003454525185969,1408.413074390223,6444.26634637433,112.20699592233892,1,Bearing Failure
95.22017190134915,5.60301268950098,8.795141150486192,1476.0407329773248,8945.807141679203,123.56415517826335,1,Bearing Failure
74.17067282181195,1.4371464691336937,7.88505844235673,1417.8510535642126,1397.543767913059,116.24216162808322,0,Normal
69.0889862426786,2.162378700540098,8.171309171065772,1415.3328551458687,4780.2919067505745,113.92434144013069,0,Normal
70.17076498860936,2.3221763945814358,7.879539257591424,1472.4588791148703,4438.134508827275,113.37814888242734,0,Normal
90.43973220533604,7.327370865709165,8.447073997916211,1446.1855876488328,9513.009870929387,90.49072108888775,1,Bearing Failure
75.57593141619121,6.325515493382975,8.70107129706208,1179.8815541933595,7047.9334688605,99.56393103906947,1,Shaft Misalignment
85.33185983708276,6.267439437509319,9.298103403353279,1532.5275806600832,8182.812064131794,110.95458993278687,1,Bearing Failure
68.27941995345695,2.545493758588263,7.615456133982072,1468.5238772265511,6274.806083436624,116.07338816068761,0,Normal
91.54572382530249,7.024618515554097,8.264127319084823,1105.9771444240002,5783.2324640480865,79.72834395983406,1,Shaft Misalignment
64.0647124176317,2.5572772248149778,7.9851945144553,1459.0772777520099,6787.574619498842,119.52842773184837,0,Normal
73.74095180727416,6.647225011012693,7.779472638797097,1305.8758478867635,8026.168803384513,101.88776295502458,1,Shaft Misalignment
68.46239617575179,2.9200037859232113,8.037228825808382,1449.1743514641516,6470.051100658824,110.61040285778006,0,Normal
63.57288239522392,2.1886257504139137,8.3479226754394,1430.4646492177835,5944.879820957254,109.32826695209687,0,Normal
63.29865161022915,3.6680190774193373,8.475412934986455,1463.7012395891836,4488.795248160626,104.62991193799893,0,Normal
62.778338305007175,2.373839089786823,9.123931998900787,1483.1431534901317,1759.6620812030767,114.80855766918938,0,Normal
60.794559364940156,1.2979960857943351,9.637120075605681,1463.4070193640277,5704.503205958752,130.52940865224016,0,Normal
86.49742400673807,6.771449815669138,8.061268444891514,1343.2155693302284,9916.934375320783,101.91238208806617,1,Bearing Failure
79.37226795164653,5.920827465892207,9.152213187558033,1176.2703207422417,5420.19029845757,93.04981653011144,1,Shaft Misalignment
63.83147494145771,1.587840351463209,8.974042193718045,1458.9766883177647,1326.1669895098125,124.01432934222113,0,Normal
67.13487786261769,6.435573982875428,5.421669854282472,1457.4363853482203,4899.635553932068,77.11113066978007,1,Cavitation
90.51346966823672,4.4660106378547315,8.209856411914215,1350.6616383897951,8958.204594939973,89.29817900262643,1,Bearing Failure
64.87056831173223,1.971116020951592,8.447814250164518,1487.491856030829,952.3605803172991,117.44338713123054,0,Normal
91.75354781503935,8.984641861876508,7.281552464327072,1545.3664770137018,7951.253927230396,88.31984856332294,1,Bearing Failure
83.55890845236233,6.895298144902918,9.16400976899484,1523.8547254529283,9817.301862715134,107.01165588311517,1,Bearing Failure
84.11354753481416,8.313673083795203,7.833406070885796,1713.5195027358156,7220.0525202611825,100.13703389495453,1,Shaft Misalignment
87.45147364061458,6.682957663392723,8.112761158249027,1682.2959942633395,7354.871969543381,110.11956209551114,1,Shaft Misalignment
67.12145566327231,2.265201756862681,8.376862794291231,1374.1049067790873,3906.1649907383485,123.94870788699355,0,Normal
71.61443027059732,5.326078622336959,6.516917244580078,1497.577868886525,8233.22717399337,64.45200727331942,1,Cavitation
69.44735473225875,3.163561277174625,8.78340846603103,1400.0305792170948,901.8237795742245,135.85183016691565,0,Normal
80.95999457766142,7.333669741147954,5.968405636193732,1504.2080508477434,5282.666710595768,79.26946658894983,1,Cavitation
61.70763202369372,2.6043541071850913,8.075811098058931,1450.697158118324,5283.656811200945,124.8335723931976,0,Normal
81.60436467172889,4.625766001302871,7.96945657118339,1703.2208728030887,4903.2870248394975,93.50318473442076,1,Shaft Misalignment
69.98231307706492,3.0333640033558225,8.676696898729478,1473.9857456290015,6884.686151159567,130.17357433218046,0,Normal
95.2268032495219,7.569887995869408,8.822358385367142,1404.045759343237,7730.459731488183,107.27359920120828,1,Bearing Failure
77.6715216259427,6.079014131986824,8.063029108706871,1100.0,7333.975181799722,100.04696757396584,1,Shaft Misalignment
74.68746847215183,7.346273339302687,8.658813306022726,1378.6970876706368,9114.16726034447,99.46065316157758,1,Bearing Failure
60.56943674326175,1.528186080690024,8.756523933705125,1459.8915250251096,1070.4495841127587,122.7012543815517,0,Normal
75.0453353255267,6.960045390883556,9.382993570861052,1716.2590789824708,7306.211754616478,115.27191560040414,1,Shaft Misalignment
81.80221532724701,6.0181710428225905,8.973315846007853,1415.544833767637,7724.450487212141,95.07384959046088,1,Bearing Failure
86.023353371651,6.135966835160686,8.250764215810117,1563.0286618710882,6074.321336220397,111.94344894407132,1,Bearing Failure
69.93197078822766,5.3704057681362025,5.1837054679155425,1471.4405590216502,7789.024815707071,66.35162805322854,1,Cavitation
59.25861582802712,1.807229905387381,7.900536964268151,1464.3469882420457,3005.2571575631882,136.10958679627882,0,Normal
64.30314845863049,2.241018139548437,8.973146623414797,1477.0032736324877,6841.382161386435,118.13438375952654,0,Normal
86.82259381807523,6.136106210491077,8.850836415544242,1327.1524167634311,6960.795046054516,112.24491060381727,1,Shaft Misalignment
67.15221351904535,1.5322974843954187,7.727348229515946,1540.1574366517696,2112.8126887747476,129.86227417709344,0,Normal
96.95633577214979,6.647701000900402,6.6163839760029886,1457.6826545807512,9563.16941494683,105.46940116237671,1,Bearing Failure
64.88675184896285,3.0375624367246905,8.179627510704286,1391.5290112474147,6030.046669160019,123.21169999364295,0,Normal
79.35927322552352,7.295750687920689,7.275576286917618,1509.6213805780383,7068.987900284209,103.88645597614489,1,Bearing Failure
81.4936596970662,5.76341591599615,6.459030644918696,1467.1497557035652,7514.445857155114,76.5691351684725,1,Cavitation
61.72374355194755,2.883243567686278,8.251884719755985,1461.4588034573408,6310.599986454699,123.40786497428029,0,Normal
97.91611278809167,6.7450581338202475,8.355099855320447,1580.9868913859273,9073.642172456137,111.25932095972902,1,Bearing Failure
64.42524534254079,1.6106611457936149,9.075832791523737,1445.9158776443423,1367.0950286536813,120.3004246132845,0,Normal
89.01855438872333,7.268250560162409,8.191277718370985,1415.121607227309,6160.303987371309,104.31806697264382,1,Bearing Failure
63.72239513834156,6.9268837505549765,5.756036754541429,1522.0977076781217,5371.730766417659,71.3800217156292,1,Cavitation
65.83501460847869,2.9400088043069084,9.183373368347198,1462.5257209253414,3916.0147523171554,121.35193145131464,0,Normal
51.546968059910114,2.5727528500592167,8.764230945911855,1410.9975709831836,6977.177630149333,122.21808235492931,0,Normal
75.2675713715678,6.064102564950225,5.726365086243527,1435.5258365406075,7061.313100539463,91.6862062215551,1,Cavitation
68.13269181668471,1.7562626283518565,7.748564695658805,1420.1623149409759,2128.1391538734624,114.70766845987767,0,Normal
59.09582041503932,2.3545740307681555,9.074568524234268,1389.0914196083797,5332.766482563989,122.35514207308965,0,Normal
74.39093091138085,7.022871266914298,7.4665263646286295,1100.0,7191.286028894315,103.36599549252104,1,Shaft Misalignment
67.53307829961551,2.6464045777897116,8.383904002550835,1390.708327067037,6040.260706192147,119.34043232680678,0,Normal
77.76012618245497,5.860934851515715,5.97644115739306,1382.866686837409,5331.061971360668,74.33768517712785,1,Cavitation
73.55514404595394,2.814376307246041,8.300050004945343,1420.193289187306,6318.053622981045,118.70174042266069,0,Normal
60.31703996878179,3.163738935315981,8.600349347144439,1460.29013684446,4877.859114312184,117.24418232998038,0,Normal
75.10250864683834,6.000318611465068,5.521359345192724,1463.5042205673883,4661.22310179094,86.70473970566871,1,Cavitation
78.59041000088921,5.753368160963077,7.426971773564754,1679.77616309642,8162.288938381956,107.54984732477737,1,Shaft Misalignment
61.4858359353228,2.443453693885149,8.594823977437448,1491.301555932045,3003.1544131133605,105.60799327830874,0,Normal
55.7908021271286,2.1787562447530178,7.714825434227597,1433.1887170108046,6774.563180779673,128.3114630281339,0,Normal
62.34825590983747,2.522396170591579,8.542716173290398,1485.897417157763,1595.0329340212304,121.1642070256558,0,Normal
81.7748117895467,4.97655794186438,8.126224874424109,1156.8295832750748,9332.022117513892,106.1197676608075,1,Shaft Misalignment
81.80826854743339,8.095490897639257,7.587073670475976,1442.0698386613376,7548.892564840828,105.7227896538429,1,Bearing Failure
88.08162443992512,7.698573011674247,7.367866136284862,1494.617324906426,9371.091037701888,113.07174682312596,1,Bearing Failure
67.8169153322875,6.540448010344311,8.2815217217479,1765.5652807212487,5518.239200392072,118.85262602787171,1,Shaft Misalignment
69.36379728117049,2.0573468519002707,7.524793899171296,1477.8723596464142,2566.605643094348,133.16984761447924,0,Normal
76.88612146255383,2.6911291671651645,8.569768734541519,1447.4787030385883,3881.9683657943915,102.4626886079949,0,Normal
62.34994620610017,2.2583456260561494,8.627892126163182,1475.003071880163,3346.909140152779,132.53362977155234,0,Normal
61.87893162257959,1.2429174072021463,8.336596030761537,1416.4430838153235,6129.761496595864,118.68733144302452,0,Normal
75.27501468016688,6.42243497290144,5.566905694026889,1431.6398032894126,5391.355344864765,80.30051124133863,1,Cavitation
93.96791191054702,5.760370951531412,6.7253871137273515,1207.959821703917,8932.303027646778,121.10484735323203,1,Shaft Misalignment
77.72542878205606,5.204947910190529,6.596489182440928,1450.3642486120737,8181.35007017334,84.57421764829797,1,Cavitation
61.364502299120176,2.4390184913625683,9.157815931094122,1444.206364930568,4494.516618438551,119.81559555131626,0,Normal
69.93753014898193,7.750841071650028,5.1830910991129855,1497.7321061053206,7299.6376533903,74.19363244233115,1,Cavitation
62.27855853422257,2.4531345939323264,8.236318331139946,1511.7155242215647,6780.7956373330735,110.15217202555792,0,Normal
64.85937838029083,2.9754370236494405,8.997259058014238,1422.1068136601016,2221.5406011861223,117.59331770435975,0,Normal
63.77640881918036,2.4803006756516157,8.766021848798673,1484.1012848353982,6366.773216956236,118.62846008424422,0,Normal
63.739305254443714,1.5407805246108939,9.143327570273923,1405.233526627742,1338.6878294539445,130.79578484209298,0,Normal
73.4140978621218,2.31373248085542,8.258681314432799,1421.1693501380607,1149.0758590681667,116.70355476191538,0,Normal
73.80900979866195,6.156312697815934,5.96745496822997,1523.3199362300504,7014.572669131543,70.77437112883639,1,Cavitation
54.30442937784574,2.412437538332019,9.163807725802652,1538.3673586675473,1925.5826078739835,135.13753408666454,0,Normal
70.00822709830179,1.875083999512034,7.934438256619751,1429.4006190253986,2901.1037125805465,123.5616870313125,0,Normal
79.14817352466967,7.4422300175678355,8.717046252901977,1737.3232113940508,5626.481477234211,96.53867091450903,1,Shaft Misalignment
68.3253477081262,6.371291881318207,6.137468166136864,1489.451560316511,3634.7534687492184,86.88771011885648,1,Cavitation
92.3630079333526,7.56589160860224,9.165599667780647,1433.9340688765094,6495.522261182247,118.22703219988979,1,Bearing Failure
60.236267020155346,3.5403846690802974,7.996793748470561,1484.7321726170976,2611.6672269339847,118.57142130568016,0,Normal
65.55585905352166,3.0455763401072207,9.06308247753835,1396.4098563698947,6653.80559088389,126.46857610643772,0,Normal
60.66634883333141,2.6215591146856445,7.43018621822322,1467.566816977293,5929.1230761055185,125.15130408236925,0,Normal
65.36916289898888,2.350379296991147,7.934999811953772,1424.6404820013227,4566.875880526931,127.02730383606124,0,Normal
71.65394639944458,6.321077647901428,6.128701730989325,1439.599120432065,7044.537598527292,70.85349414410864,1,Cavitation
56.032454668220225,2.678809768350347,8.265859953214912,1440.1642290803902,6697.0079292640185,122.94546557605818,0,Normal
72.76884200185236,1.2902867121174264,8.2697471766824,1393.0072007272593,2689.1337505081947,115.96325915459124,0,Normal
61.28926788107839,2.488209992679107,7.146921500114198,1429.405363585744,5131.537724362855,111.21885309137112,0,Normal
79.94794941301511,6.642990634809216,6.791792566933264,1181.4997119346588,7638.383782803962,102.42170623363968,1,Shaft Misalignment
66.33906920931639,5.477351111859991,5.809884595518613,1477.057981814895,6435.072798250103,86.65046394298668,1,Cavitation
94.08552914269154,8.151864852693095,7.8631906883449805,1482.779902360105,6425.927053138826,120.75875809501969,1,Bearing Failure
67.18753101736519,2.1535947905749997,7.745003414710396,1581.5104474955497,4786.686112069737,118.87080262125755,0,Normal
92.40128688103519,7.5087836548981475,7.833621678127311,1454.5965442270997,9683.083398544302,99.88236442057696,1,Bearing Failure
85.39403787583448,8.005978015040375,8.680677131209503,1455.6856645517198,6225.731522977392,108.93136383522226,1,Bearing Failure
97.69855334494024,5.703835340831419,8.371214327574721,1483.3103061387196,6977.019558762027,92.6032956064752,1,Bearing Failure
81.32891228903352,5.819303580838209,7.049523195356694,1211.107048685032,9398.815079429784,110.52377193009345,1,Shaft Misalignment
74.4392949397932,2.698733655915926,8.753401297276238,1364.6726228948742,1701.833068950796,136.79802038396792,0,Normal
83.79465442273232,7.570842352858932,8.727016580977102,1734.4883572178267,9246.346028540032,96.93077914190218,1,Shaft Misalignment
64.3444654518775,3.4561143991656893,8.820253340978546,1428.341643655854,3387.033970031252,123.38335328181802,0,Normal
85.45291153293248,8.34934090405905,8.554779250382232,1509.4559709462967,6236.0506626922,114.44926996052759,1,Bearing Failure
76.01622880962447,2.3588189936406754,9.054351998534356,1392.0466224346897,6454.33560353607,124.03276539714741,0,Normal
75.83479633623483,1.9612348086158617,8.490159622835865,1435.0776532934433,1511.0105947531674,111.31886765470134,0,Normal
85.19913201313152,5.406351966639488,7.749375820070265,1676.7338836976098,9163.030994238563,114.32278354826374,1,Shaft Misalignment
58.84479008592329,2.641941336047934,8.292476845695225,1418.9489406412808,5927.694748234505,142.67113785549952,0,Normal
66.29235342686111,2.7960893913831315,7.765667236670409,1447.490884840812,6073.036102316679,127.48878915662065,0,Normal
65.76799567627083,2.1729881630411194,8.610056936650727,1489.1018080741726,1114.0057677070647,119.21330926246,0,Normal
69.26374004412673,5.836257252708785,5.920205606834328,1408.691502280541,5123.439744061385,81.40326903534867,1,Cavitation
70.6059271048094,5.9212281705831,5.804057349236105,1453.9097565846712,7202.864818140851,87.11128489184038,1,Cavitation
69.47118756605833,1.8485155518960794,8.94025728709824,1438.6584048770032,1346.0633602048467,124.90256835554332,0,Normal
58.027917173705475,2.402971410291637,8.531701755430246,1435.8020693303736,1187.5628948114354,139.68602342966705,0,Normal
92.5594770590589,6.503132905243129,7.576101241287597,1488.9281089690944,8447.340218396723,117.03958965010234,1,Bearing Failure
87.216012619237,5.8837866228444,5.9274719207118745,1458.772017229017,3892.293413400628,76.96084311239034,1,Cavitation
62.18344437588207,1.5685683349070172,8.56526122880182,1433.2758212171123,3651.264336159075,121.1954869206647,0,Normal
67.50858162117099,1.8938021274420798,8.22482320609009,1483.7353381196292,3134.1011313915483,125.9180654718195,0,Normal
85.59826911202546,6.893068372644525,9.774172798024296,1447.64116369001,8562.683072942653,103.38228615361164,1,Bearing Failure
79.87856268991332,6.4029445735036035,6.028520032798183,1378.6943141428449,5436.492795358626,74.21717765617564,1,Cavitation
91.03518614869694,8.473337449613421,7.470817296079492,1471.968791557941,9275.793497245355,99.93295823789762,1,Bearing Failure
69.6057988590624,6.383336669118969,7.7842581556715595,1730.9995736962553,8750.1218098196,107.36495497648255,1,Shaft Misalignment
59.165410993142785,2.6188471702189595,8.739677129409252,1428.1737842254965,4034.6362345441685,126.22946196580632,0,Normal
64.62064274657489,1.489199453664168,8.595458262071855,1448.5467756783064,863.5212758334668,115.7260778242966,0,Normal
66.76901849810646,6.129522078269885,5.718545421857009,1406.6831691406069,8490.844437104368,84.59761392628877,1,Cavitation
64.27578877152234,2.295783305449895,8.912504737382969,1488.4274492276659,4769.1155712687905,104.09093416334234,0,Normal
63.627136014042726,1.9065131609158072,9.284877341363902,1480.7331248341457,6683.34467585451,111.16908647830286,0,Normal
62.62754777625814,1.6959893632458687,9.190463281900648,1451.4056889848348,5954.290420190071,120.16096903664688,0,Normal
94.59692215199848,7.311288400260166,7.175736968865351,1463.5757989941285,8762.490968325366,126.78562173991662,1,Bearing Failure
76.70501546738308,7.637857775969372,7.752443211582914,1191.3662953411595,8142.800278698185,117.97297533925546,1,Shaft Misalignment
75.15797438215324,2.862707438374545,8.089845669679576,1479.2842834325627,2684.008109617322,133.65904883803557,0,Normal
72.70262284023678,6.882924805586752,5.192228393974471,1322.845340526261,4672.368260012278,88.96274247608608,1,Cavitation
76.09194493772087,7.288863425206302,5.733498418034968,1383.955385874692,8808.43501745807,83.83054910127709,1,Cavitation
80.82650933147865,5.470472458546347,5.167753796763877,1491.8984420988718,3464.9522144093417,76.01973385875958,1,Cavitation
69.62640946358415,2.601190820566117,8.838178523837454,1448.4925151703105,1893.9784906070504,123.5463274128594,0,Normal
68.96370088152887,3.905714204972445,8.572382745558821,1408.232512845439,5762.2651959474015,126.78343002684225,0,Normal
64.9559925454766,2.2539864150013647,8.470919651748458,1434.156238481957,3059.038384874724,113.45036717258148,0,Normal
58.214362901645515,2.1570687038844354,7.803593606834777,1400.528204380159,1092.56996341943,110.87244409706824,0,Normal
71.0288519202157,2.1337442507989373,7.812508520457327,1495.5134932105855,4817.9604016895355,123.99833384397569,0,Normal
69.26600772525777,2.5176583550065312,8.758322222967983,1410.7469625393014,931.6347974932329,108.76146444857994,0,Normal
85.09804817537459,7.253275575885559,7.882106201579783,1486.2187443376442,8305.622205814534,98.61587581330461,1,Bearing Failure
75.16971091332958,7.263433634219652,6.298853784975768,1457.4171530278145,3094.9836987185636,78.46529369363346,1,Cavitation
82.22727813342678,5.255439021226818,8.061439924344945,1626.0574024420866,9209.525560570064,123.84739554787176,1,Shaft Misalignment
75.45745713200503,6.5481383805825635,5.856496217158988,1470.359995790324,8701.010044578561,76.10432688044683,1,Cavitation
79.79155534880806,6.393525443886098,8.071225735540146,1470.0045407435628,6093.731821469552,115.22841471550764,1,Bearing Failure
68.4357015300149,1.8244775037129255,9.303702274911714,1414.8345562756926,5329.994876087394,104.65128461152557,0,Normal
63.98830546564956,2.390052854074431,7.779044821944096,1487.8371834108152,620.7096719731426,117.91664373477968,0,Normal
74.27675474732604,5.749961822356879,8.183104238845784,1645.51951938245,9019.996443486187,96.83976928053796,1,Shaft Misalignment
66.65054005057576,2.86519380318048,8.32775661752296,1386.9424322591565,3134.78548856589,107.17799290000886,0,Normal
73.20876291264743,6.721567527608239,8.321426117134404,1705.2711179750002,4401.325831091282,104.71150279865732,1,Shaft Misalignment
90.10997412984436,8.06864461601277,8.268045197040085,1547.5858440765317,6560.258237435746,107.3604306382437,1,Bearing Failure
101.87746377856524,7.381200992527832,8.838933575269579,1503.9092463216577,9463.909268171778,120.52549065146798,1,Bearing Failure
66.69923694482665,1.8622343618900987,8.763644959418663,1435.0434341577916,2626.1478251005155,127.68874765785667,0,Normal
68.38094135789173,2.3991959161302594,7.768561081596285,1451.6598434489144,6598.594797560191,122.92232261967125,0,Normal
60.72160516737099,3.082051591706389,8.049431304634192,1454.891378494488,5208.740953624765,120.43443122661066,0,Normal
66.93077883945374,5.9541857570894035,6.117747830836838,1454.946316801862,3529.1919207243914,71.57877422348871,1,Cavitation
82.381943547953,3.446875195279009,5.527734713330367,1459.8540808491073,7687.728848779471,95.13433459372422,1,Cavitation
95.10493887593397,7.625782468039645,7.272250782909882,1487.5831619860176,6171.583638124304,99.66441052248909,1,Bearing Failure
62.96050537728176,2.308501310069099,8.1700229934267,1460.839528587488,5656.892225274036,120.23283253718729,0,Normal
57.824549360761075,2.4811468600576343,8.170010634163493,1453.9142461487659,967.3197133442953,133.66953230475156,0,Normal
76.70209931996965,5.976402189331833,7.987306029544342,1467.597065740291,7025.673478301683,104.77402166955098,1,Bearing Failure
62.104379451821266,2.2114997262928124,8.848083998579645,1429.2922970852314,3419.010341876693,119.29527004776742,0,Normal
57.88882749246563,2.9089805342010333,8.507054178126563,1474.2205460449666,1671.885849001664,120.51526017945554,0,Normal
65.59007982053953,1.2402570144518146,7.638348439840366,1459.597411108997,6425.379762641782,116.39024938444899,0,Normal
67.19532162926367,2.8139292951596726,8.78499445256594,1436.7704165405162,1780.2926700809473,132.70154374580915,0,Normal
66.1502780577275,2.574083388705124,8.122978754166226,1527.7643081410197,791.7266070726672,119.53255904802009,0,Normal
67.8825497637804,2.5890651873064656,8.646679821281918,1435.5885357676268,4029.446523252589,124.46735482938372,0,Normal
63.286467231933685,2.1402018073846008,7.517983921014546,1380.685053934175,3196.5045269603675,135.20896585014086,0,Normal
63.32933380578319,2.5915415492445604,8.603354458005429,1438.6134179825892,1788.5465162506907,118.19132909378341,0,Normal
69.48692912106056,6.079083249660224,5.607196280306285,1433.6958253810017,7159.773493318475,57.64676303657062,1,Cavitation
94.34813432869487,7.691631962067389,8.838972838984832,1497.8835924011405,9553.088786046024,93.23328170929936,1,Bearing Failure
90.69217120131133,6.426864573326873,7.728737551964014,1414.1980014496514,7147.5275911734025,115.70108842989873,1,Bearing Failure
57.101862737224124,2.1452191319820773,8.79853628050568,1404.5420024535717,3205.4107017100437,124.42324182879585,0,Normal
70.39704527765204,7.336555171752234,6.0660642857876175,1415.5885869180536,7235.077524264895,78.644766592238,1,Cavitation
85.28522913138997,5.553851139085468,7.645312032212437,1550.9393327771202,9172.862144052757,95.3387347687091,1,Bearing Failure
82.3135805297931,8.189490196741323,7.686007984781039,1422.5548729290385,8488.95103369722,93.89428784826198,1,Bearing Failure
62.701716138635014,1.852094531331108,8.193206197318602,1457.8496376266687,2850.011220459218,121.14280810393664,0,Normal
80.82468391863395,5.678834698509592,5.890482318669904,1457.5957890983575,4503.710150015353,92.75360551145951,1,Cavitation
68.3108722148628,3.2312447374045017,8.07938548041925,1422.4109063726676,1350.914501175172,114.98447491559143,0,Normal
80.906108171103,5.903855712075511,6.177093980516202,1484.1930556965997,5268.923807702162,67.7082440514447,1,Cavitation
53.87032291020961,2.027469135622776,8.265021063413425,1440.5607960453221,3842.223175986573,116.08044783220829,0,Normal
71.1871927628234,2.908997105354607,8.413268855382825,1518.2388391311113,2683.0341159988257,127.7166119573599,0,Normal
74.84808820885351,9.444048293801899,8.21784531592094,1490.3192644081898,9114.35203352301,93.34470610423688,1,Bearing Failure
86.59601457672062,8.363571359135813,7.936854977494515,1479.6774783744572,8404.330661572863,106.39651674215897,1,Bearing Failure
94.34235406813946,6.437759682656716,7.904888866145343,1467.5894335193782,9606.342504839451,118.53451561476119,1,Bearing Failure
62.19721327452816,3.516505454914634,8.154831468775827,1467.6433064744162,1556.811026460238,118.51452403097083,0,Normal
63.752493000602115,1.9611701949368476,8.079424560442858,1479.4657215986385,4333.511796753682,136.18292894693434,0,Normal
63.42606573357203,2.5921510000207775,8.21364366008435,1425.9997144618142,3016.2218597903284,128.8572830354853,0,Normal
57.969124068663525,0.7685498537895079,8.328048469477846,1492.96054581384,3493.7541578047203,104.87473635657597,0,Normal
75.22946647761516,3.2274306717338512,7.4927312042571526,1442.4653661352138,658.6930463444437,119.07613682886695,0,Normal
62.19602765380012,2.1831633321845576,8.398949203034082,1516.1099582326751,5589.072122809137,124.94688453007731,0,Normal
100.37699751354883,7.666006884821196,7.9951270579147575,1411.025674731603,9060.147860014511,102.43726063440018,1,Bearing Failure
63.57581531128899,2.4362835459761483,10.049149717035629,1439.6729944787426,1594.863582357449,123.03066906151582,0,Normal
67.56777806359389,2.0795265384962778,8.562774195664575,1422.5108744876707,2681.0459946565093,115.75506582307878,0,Normal
72.85525254176376,7.246497203264388,6.823371900049041,1117.2530479232169,9319.151796819491,101.34406875987133,1,Shaft Misalignment
88.72365128568147,8.162306896647967,7.617683727047386,1365.1322193180208,9033.222854053172,94.43418564422765,1,Bearing Failure
71.21062436072202,5.935885199388405,7.740697179012693,1137.5139539261152,4957.057464088683,100.1701607392716,1,Shaft Misalignment
95.28027479559465,8.78271395817022,7.673577359978759,1467.7487161245078,9779.609099020687,125.30739469870106,1,Bearing Failure
58.916703937365746,3.4773629353861453,7.696052596785465,1440.2287624089386,5827.900518072984,123.47436860796289,0,Normal
71.9382172524889,7.203527846726503,7.494301801595149,1649.8250491500755,4006.8358325677345,94.07298136752914,1,Shaft Misalignment
53.39842200884788,2.969577895789911,8.487883583065154,1498.0980499193229,3567.3663186694,129.66945608668243,0,Normal
65.20840603608454,3.8267998171609197,9.067462140799599,1425.3086172297913,2295.418095321174,115.04813239291101,0,Normal
90.91540003712227,6.74301367581191,8.651671397170418,1518.7028316959422,6909.762357258311,111.50383691395842,1,Bearing Failure
67.088403761197,2.5644666246045356,8.693685740316495,1462.9274192983282,4518.852636589179,130.2705348788285,0,Normal
72.40185374992836,2.283611285504928,8.153334998843121,1478.896366718498,1637.2766592898524,116.51672823505531,0,Normal
84.44331849688842,5.327580437328091,8.966941687747845,1248.7491818105912,5161.360076473742,107.50544628323364,1,Shaft Misalignment
59.51993976064473,2.018174559361453,9.327256640432516,1439.884797368865,3209.653591868843,100.4663441047801,0,Normal
62.277294095224754,2.8684886164226397,8.081521980150585,1502.9504825134115,4834.490937194597,122.96275591559454,0,Normal
65.42535042693697,2.594787623623156,7.908254058812089,1460.8257954503986,1470.796520790666,134.14928991663353,0,Normal
72.91226346367007,6.6461860121365275,6.229029112772982,1481.7038330519617,3064.3368173663107,70.04156606878463,1,Cavitation
82.09181316296085,7.763261422331151,8.062074121707608,1203.586820723771,6098.363037041261,110.54897927007865,1,Shaft Misalignment
67.4925540210059,1.9755637105601709,8.209284148141428,1497.9386069354089,4741.314953113895,128.96861094759208,0,Normal
70.2332418042089,2.0428432935674303,8.107949313249197,1383.4777794047793,2460.4231809315697,131.57458272089227,0,Normal
87.9485626456774,8.508369433834611,8.361609750585417,1517.7780121981052,8322.58427288478,112.49664819402122,1,Bearing Failure
74.33615643590404,1.5616424410596077,7.391358144873216,1420.7666040120932,1951.3143250606124,129.0726423685519,0,Normal
77.13427234417956,6.1710559146426975,8.251511806060028,1205.7647160812235,6944.412724339112,96.65718189965375,1,Shaft Misalignment
80.62226997077288,6.027655633546921,7.95612836624373,1661.5564009729417,6667.613892292779,101.00195834780337,1,Shaft Misalignment
95.05803803708014,6.904157425013087,9.09735482532303,1416.6709018998408,6579.664993551087,99.91364230605777,1,Bearing Failure
66.85689548808695,2.3430138682595807,7.99118037408311,1420.503786176793,6301.3246705604415,113.706960227566,0,Normal
67.09994372610403,1.4972876002620203,9.54509241238303,1450.9875105554263,2701.417428970701,104.2946167209494,0,Normal
67.30202610396424,2.283340322621074,8.443718808574683,1441.8860646158494,6825.337714446667,116.03141144672735,0,Normal
83.71554304771227,6.887827342008959,8.964156605146806,1198.9176984676365,7247.7024011014255,108.48286247666819,1,Shaft Misalignment
78.74040950392498,6.548984520432423,4.924535394515354,1454.783153134664,4831.684278187016,75.92427168831833,1,Cavitation
65.72808498413445,1.364779856508598,8.468931966765346,1459.1392871087276,1687.516282623988,119.31070316720404,0,Normal
88.84464159749,8.179593987031822,7.47105136784621,1408.6198778963835,8223.34506677086,118.7973521108657,1,Bearing Failure
80.97445063715527,7.702383370598695,6.910134239305465,1452.3828293031781,6629.51405947547,90.77123092188445,1,Bearing Failure
59.14668734899905,2.8571939727355984,7.797070157067267,1438.0841862102588,1713.5129334991786,124.94631442648566,0,Normal
64.45430707577123,2.301648796925001,9.733294004670778,1402.6972244588542,3797.451511667624,121.04654618604084,0,Normal
73.93299536050762,6.270194121279314,6.420365988636838,1415.033534481568,4251.036288841294,91.1873008615559,1,Cavitation
60.52374070265582,2.2356704152646185,9.273353975122259,1419.159621853453,5800.240790104396,109.32392742310297,0,Normal
69.34441680044293,2.4740663957867604,8.671874642486376,1410.7656268691778,3877.3093442863046,109.43453159164471,0,Normal
67.83380190558829,3.141185331754051,7.95917445186797,1389.9093899063887,6330.873544419899,120.23791224764923,0,Normal
59.35255928578812,2.78839630204906,8.727145026655052,1440.6021067520542,1692.1965496572109,119.35030392199091,0,Normal
66.13252676057644,2.027514817067347,7.802822166665384,1489.6700138178621,6622.386317192731,121.43256425165755,0,Normal
71.58075549750212,5.990840961465345,5.830392686250652,1546.3142927427696,3153.7934993065355,65.57082365304048,1,Cavitation
80.83121968726006,6.116582058031068,7.770656593883028,1217.8265950493355,5320.211303202824,97.74458841024958,1,Shaft Misalignment
82.8359765713487,5.349701047532845,4.99579940653471,1395.6558846702821,5863.771275789264,74.42836218277671,1,Cavitation
77.3765690046805,2.994491418073383,8.37825946518355,1417.3717580760263,1295.6702434626848,112.20092556288768,0,Normal
77.86844679623556,8.284536237529833,8.636013766631287,1477.432758172719,6685.400971847913,85.81323834477259,1,Bearing Failure
86.67177454091886,6.369195795447556,8.356347872950302,1426.5365885840242,9782.88701969329,102.92898894336753,1,Bearing Failure
91.57577985298654,7.983290496429023,8.691128014817153,1444.1589403425642,8031.028863436069,101.36499755634495,1,Bearing Failure
85.63407244549755,8.262860484430528,7.98831473232579,1441.8706635189103,6089.499383086314,95.84639238156399,1,Bearing Failure
54.92495780246455,2.4982509091511234,8.10108893927861,1555.0122232107565,2858.3301980636547,118.64982448449672,0,Normal
70.16633540927775,7.20893213970257,5.469253628035931,1428.4000310914596,5199.307124275358,81.02306614066588,1,Cavitation
85.86499038790322,9.022861721702988,9.518910880785223,1429.6510356964113,6800.796866602052,102.36727054724518,1,Bearing Failure
67.15263934730434,3.448416121794044,8.715465174675401,1447.2219490143723,3709.984141951638,125.25276624478616,0,Normal
72.71374393867877,1.6551464516641639,9.008178415801503,1521.8228161111658,1833.2192948904103,128.2030559091108,0,Normal
74.73393781863508,6.253683554298097,5.142625569844788,1443.250488601147,6498.038898027307,72.25888689911568,1,Cavitation
87.39542125512878,3.111174706020287,8.930548994503337,1425.0727873876774,4605.983616972657,132.55667253024862,0,Normal
72.48618527367132,7.1473326855134784,6.8604798427313485,1781.1974376573003,5457.3188385549365,103.02379532204034,1,Shaft Misalignment
60.876938747826195,2.6659604593067083,9.09774032541274,1426.1348376555309,3936.597579246342,136.78351471305945,0,Normal
93.57274358990092,7.445291528746026,8.885852442580209,1329.2590894407483,6012.137711611691,123.77220549766513,1,Bearing Failure
64.266841129782,3.9094651348150196,8.974944534124646,1413.1270537471914,2572.189351378583,120.79990531012442,0,Normal
75.17504554667394,2.714923980322225,8.360645537890177,1460.5708229224722,750.84515259787,117.10121953963119,0,Normal
66.985233349412,3.0589995801208567,8.697686840592834,1437.4929132138689,6196.736133429203,113.63208871992997,0,Normal
78.8960030386188,7.066624949241071,7.110461847819321,1179.3861733248912,5255.760955883185,107.83927887604722,1,Shaft Misalignment
82.18337729580045,7.854100192026208,8.139286512311093,1349.6493376678047,8710.948587099749,98.9556630099849,1,Bearing Failure
72.65461332356229,7.434202923752995,6.01668034545475,1445.596760607941,5680.211027665202,76.38203804919664,1,Cavitation
67.60280397921935,2.476290074661063,8.003283200433442,1421.022409595869,1870.5561381070659,124.950306481089,0,Normal
62.95563315797955,3.8176537355780895,7.982615110973217,1437.2607280451807,727.3861740024084,124.32504580942869,0,Normal
57.31422258455484,3.1162575218104256,8.370717684385323,1453.4792308135104,3280.1736778256573,114.11607927445957,0,Normal
79.05790115523521,7.7238466897796565,8.998137232624952,1529.968103828566,8115.373496875038,108.58909981412685,1,Bearing Failure
69.85026193562798,2.493673302695446,7.931281201050856,1438.837209494768,4941.9874813287615,112.96696505610302,0,Normal
68.28405511987879,2.7930226673484144,8.162716721374226,1435.7907589257889,2663.8464691870154,123.71832751287229,0,Normal
61.18823814163992,2.697466869803938,8.556089889887778,1381.080640414049,6034.408425636881,120.10515830847814,0,Normal
66.23058853188292,2.4674472382815114,7.851543693364008,1484.8327020745385,5600.393874737704,125.94808536267678,0,Normal
92.24025082121385,6.886051140599758,7.950445302370696,1428.1540053904178,6472.7872420599415,92.33279297868425,1,Bearing Failure
81.51839764131584,7.880067440573832,8.399771840013958,1403.7629229924796,9064.319996472885,120.20640096017044,1,Bearing Failure
72.36366232261392,2.5857711259321876,8.654675584729675,1465.8169505039723,761.8329254590027,120.23549352593909,0,Normal
73.56314180151101,7.66085491160413,5.581346886906104,1454.94990288124,5651.792131868294,79.3539860939413,1,Cavitation
76.79185989040431,7.929327986322298,5.773079463469026,1375.3287470059684,7517.88644385718,79.77646446821427,1,Cavitation
82.53988804569332,8.011472632708369,8.607755111972963,1372.4346148093812,8621.440479318213,119.49309122868675,1,Bearing Failure
63.78460971960396,3.018322995731204,8.305741988821772,1372.9418024216181,3035.4294273595838,126.13110781257919,0,Normal
76.92322489185936,1.8224449811072836,8.308093043674786,1416.6513088588508,6122.810432769347,119.0650399683733,0,Normal
83.76202175982225,7.32854206935916,7.765301567837864,1373.8676444436533,7850.593468459488,95.76440679318502,1,Bearing Failure
69.35762193043968,1.7492805180197932,7.733740861585169,1513.1775156677943,3435.653470872446,115.10592288396332,0,Normal
69.1088861813459,7.289017251812163,8.615542582918966,1728.3483811667081,7179.773705691661,119.60680332129137,1,Shaft Misalignment
59.12973109850867,2.7961205867869015,8.404415735716382,1424.8679782333397,3908.309073937176,136.3620690005777,0,Normal
75.50197805477835,2.340902936659575,6.850294777222517,1368.6264385690645,3747.9889187597823,110.43098673055803,0,Normal
82.38507665702896,5.1453857893800015,5.343822039002553,1438.6218681091832,3642.7285896499034,94.09862865404136,1,Cavitation
74.95685209208452,2.7357481063289297,9.295201784286819,1427.2340720530985,3892.104919659162,123.98883854789784,0,Normal
84.31841830556948,6.648202968627898,7.508091054200895,1720.882090436751,8386.365496249051,110.92950809425129,1,Shaft Misalignment
64.60872392233263,1.8891732775569618,8.68697893152991,1401.0794215426088,5005.359138758407,112.61504652610776,0,Normal
60.58371230303975,2.228225746277155,8.83771163592063,1444.7187195834113,1092.2629333802822,122.08143260498487,0,Normal
84.27986230553974,6.911308300530726,7.640340173104375,1532.3649799749323,6935.985915162511,92.31248992398717,1,Bearing Failure
71.81336368023442,5.986872753635717,9.238939147358915,1765.498127043028,8850.931749213712,98.38862887809027,1,Shaft Misalignment
60.516667528333095,0.6812837005059468,8.756817516932577,1379.336051223442,2455.973975575222,117.38771317972343,0,Normal
70.61412746942638,2.329851326715078,8.250524438137042,1438.825868983467,1410.2912788724886,119.97195418593061,0,Normal
80.05690705199501,10.0,8.128173633197548,1330.615294441276,7423.286257404456,92.42370476622258,1,Bearing Failure
80.86431761504357,5.452283141100334,6.640249980088637,1365.9900053839317,3981.476455903905,68.52161717510997,1,Cavitation
75.67453558169063,5.405586301422027,5.2274660417587295,1358.7049452943697,4657.102886439023,80.90867419076952,1,Cavitation
78.73494555224673,6.587357425260263,7.488430812073873,1267.9034680364412,5113.63210277759,110.60680660090051,1,Shaft Misalignment
77.02312246036234,2.8589008803716536,8.975782462529052,1446.7788140085427,2564.7979854417326,106.30608430131312,0,Normal
57.126084495495945,1.7567146189294691,8.286708698593412,1412.560730925002,690.7369163591778,127.69566930031215,0,Normal
72.57666153854382,6.621698407861833,7.728063037624435,1728.3523276688281,9359.68038925468,93.07775151043897,1,Shaft Misalignment
79.02119147341337,5.706462065712783,6.4389321686950645,1469.5655160409722,5564.586426961286,76.66811532574764,1,Cavitation
67.5491259080366,2.93765123452692,9.116893638479802,1402.2509502289697,2643.0167635828366,120.19216822199876,0,Normal
82.07498323918318,5.813242234550447,8.639758328526094,1482.764390308496,7681.161040217021,100.34297165340925,1,Bearing Failure
94.13177666006885,7.711209399224456,7.7623288903338095,1507.6559307164957,6835.555570859373,101.43602992679395,1,Bearing Failure
85.53782608150989,6.36560946462879,7.148753436751515,1403.8501001782765,8319.572969501996,114.01179865511422,1,Bearing Failure
72.59697298470671,2.3630068651873315,7.681738411800117,1504.736320742347,3694.4519331923375,128.12475847800883,0,Normal
71.23539065448833,6.799952429716141,5.564398480110049,1560.0461908785685,3774.2060292374113,79.74317911917642,1,Cavitation
65.2523552684173,2.0584878544525838,8.930075397936273,1423.6547167617987,552.3420405643278,127.89352975995601,0,Normal
66.65835550429298,3.0815336795156956,8.729381397987087,1522.1985009232542,6869.875241438063,118.26896129457413,0,Normal
86.42166197266269,7.012221968491458,8.588791659236765,1440.9708210309936,7177.627977435291,101.15631325371707,1,Bearing Failure
93.50299398391651,7.267797976630892,8.13343965328886,1517.7323495588048,9555.095275884429,98.76552385861164,1,Bearing Failure
66.85657458576914,1.2232670831938053,8.979700772837447,1407.4446174599457,3176.3719385732306,123.27847039719676,0,Normal
70.41910320915629,2.483261863797994,7.92677299194856,1561.9929658535132,6509.906437741132,115.3042321118363,0,Normal
69.39814648294657,2.2909100803462783,8.727462364033016,1374.8950539910472,5067.156516043447,129.3497823538499,0,Normal
61.719511113842074,2.186679912436369,7.486909322865624,1482.0440907852328,3392.1475840929506,133.73955542238062,0,Normal
76.12947996579395,5.463751345181775,7.572378545550393,1184.5239423677258,5762.248537787355,116.3779747158208,1,Shaft Misalignment
69.83655616519107,2.0184031658597714,8.461391278266026,1489.8312491351012,2090.257854930635,124.23444969432458,0,Normal
75.25839096519154,5.532718889705377,7.78368020692807,1714.4404282256328,8701.510291457034,119.17831972887085,1,Shaft Misalignment
88.06415987077888,7.854406567474339,8.597142319236127,1517.6754991310097,9399.645740368553,111.94118853851108,1,Bearing Failure
89.32485104732855,6.489777597888145,7.649127703236565,1535.595578819468,9519.350991765872,112.4990023942371,1,Bearing Failure
76.72319469735771,5.793003129515382,5.906046522088048,1449.1069649512542,6237.567922410173,91.80449748888077,1,Cavitation
74.65688162577258,6.546676543263454,7.774551122602449,1539.8497429548072,7928.307292943516,112.07816320638152,1,Bearing Failure
63.34478634688226,1.5901865778092914,7.469990291660631,1406.0994131957932,791.7219830833465,113.73895132771342,0,Normal
75.94589041155676,5.75035033433921,6.044528750270778,1424.8401805791316,6672.0056253412085,77.03599153421341,1,Cavitation
69.69557872150207,4.768131445843389,5.16119758797197,1457.0181453360422,5450.278083788855,77.9488614395217,1,Cavitation
82.54207391187612,8.242155174278173,8.990504026976831,1371.0048768458184,9212.583704630179,104.36795465547762,1,Bearing Failure
60.955180535371,3.434743259391014,8.996314051489716,1396.2028885173931,4947.362858824408,111.39917561506596,0,Normal
52.27962240632969,1.89337668235948,9.201452391981094,1436.2254667729255,5149.33385362665,119.37290640216486,0,Normal
89.43026442904699,7.324403865337048,9.269023153958647,1426.22588139585,7436.387612236193,104.08579638030879,1,Bearing Failure
75.50230454475259,2.099372875549008,9.013535123865061,1381.586269329631,6574.080546603105,120.31834761312405,0,Normal
66.4127682537125,3.27405748761003,9.149666836828871,1398.0076303753865,2057.937429197732,115.64245450142754,0,Normal
80.27446206275873,6.944042148149085,5.211667421307256,1512.5354059134577,4018.6616385487328,73.74454793366326,1,Cavitation
69.62195023107783,1.6984770132726466,8.72381799029392,1450.9421471004516,6075.464068995978,120.45831744525307,0,Normal
93.0727631978462,5.6953970906107765,8.511777587782632,1411.6516469328976,9096.794638116746,115.35659780626693,1,Bearing Failure
96.7449057869902,5.976141362552595,7.758605173315422,1589.7770490072228,7602.631393751813,121.64192054783899,1,Bearing Failure
62.57483962559172,1.8029436979750266,8.82615630496957,1463.118502948993,1343.604302870804,118.10480676810059,0,Normal
78.22734762474502,5.502273240965372,4.802989323117381,1432.8356750424457,5474.5086272932385,79.19016279399533,1,Cavitation
76.25871353023825,8.227383293713887,7.972000793498748,1158.0069605973051,9430.972579522882,106.70422911882308,1,Shaft Misalignment
91.51590507850311,7.2569878693741705,9.19746107081369,1410.0798517939936,8590.264664178942,112.83029292538723,1,Bearing Failure
84.20191706611742,5.92159997330312,7.840162849314662,1490.3529804740763,6938.468769721244,98.45523327696311,1,Bearing Failure
69.13201658665263,1.8603806970233916,8.474228895696175,1526.4802187621078,3787.3249393103883,129.3124812206875,0,Normal
69.11622202559752,5.703532455108782,8.547332836407444,1782.836260092168,8576.259256620031,94.68637182358736,1,Shaft Misalignment
86.05344863007882,6.804933390732326,6.895208500594212,1494.119854489499,6205.139350851715,86.21983474682153,1,Cavitation
85.90017951789227,5.828027528207448,7.6691154055935,1385.7904921895883,7037.566429683424,107.6713629646173,1,Bearing Failure
90.58627382995203,9.345339877174641,8.697199275070531,1442.9928196080325,7053.57972447341,100.96053006480861,1,Bearing Failure
70.17769508887709,2.639641934605192,8.767605142571835,1428.9855998507992,3196.0859984840167,124.35214405092874,0,Normal
80.12389159602604,4.0708876628333535,9.149693472149826,1182.182006623287,9205.600561135958,92.07033987596472,1,Shaft Misalignment
55.25059378828717,2.770069504549119,9.793599121419383,1504.413846202024,1081.4136147614975,129.55185818543075,0,Normal
90.13570728906596,9.789746384473336,7.895149648015929,1471.7873209711267,7335.099169078262,104.21174120526545,1,Bearing Failure
68.958240252522,5.3357190255256794,5.448851393404382,1476.314293434099,4478.955150421683,63.12302756959057,1,Cavitation
62.52596973336529,1.9605514386053677,8.505444398616563,1449.3386564160937,3629.5219680845025,109.79226744388282,0,Normal
79.15080686173152,6.372842248655825,5.910094657102566,1501.6194699063199,5579.138214667274,86.79051256541761,1,Cavitation
68.42955559834483,2.3052539561292136,9.548505955606807,1469.6664469942405,6433.789000633722,112.24830355749161,0,Normal
61.64492577168773,1.8424965021976254,7.947774086072502,1467.3416644189012,2181.1615381425904,107.48636078922425,0,Normal
59.91377315356579,3.0949878269564812,8.800526467537052,1505.4712262914084,6244.2837148843555,114.53805724156612,0,Normal
55.84174385643187,1.9593380278093857,8.431951770659175,1442.0988265012334,1954.5198952755472,119.12815014907285,0,Normal
76.19052115325337,6.828644025804809,7.598326060262917,1177.423528090678,8411.344076209416,96.90927338057548,1,Shaft Misalignment
61.24309938306721,3.5707064606347063,8.623104113877009,1530.5572012155926,1225.6702149993737,122.40918907237561,0,Normal
80.67684778062869,4.498426053292784,7.884833455822622,1269.024640270768,4096.307647781994,101.3394569141193,1,Shaft Misalignment
77.86781956489835,4.731868967293281,10.09496739904245,1686.7342244532956,8516.107902578338,108.20254781288153,1,Shaft Misalignment
73.89724296135057,1.479703336824165,8.515122413837325,1460.9165274066415,956.305294626686,107.93975979046843,0,Normal
89.96196707962059,6.664875496027765,9.157039135861295,1574.6666551119067,6127.42705011304,112.99911281688387,1,Bearing Failure
64.26319932621855,2.5188562056123076,8.41270613788612,1493.2288199554794,1046.0111443840667,120.03233566258528,0,Normal
93.93490024085544,8.68949373455016,7.517590620708054,1462.0177938878373,7101.811888985896,94.57105306394284,1,Bearing Failure
82.37621877077851,7.387622963380396,7.887534606137695,1157.194949609431,6601.410716586736,100.9377567062651,1,Shaft Misalignment
68.71497705469575,3.4174606040039484,9.058760274387303,1494.8051762532418,4463.061908985035,121.54143943879578,0,Normal
69.16394436061432,2.2468505558166707,9.601828396444706,1446.2858273156357,4269.355141028731,111.99775293969107,0,Normal
83.15900136880475,7.068273377152784,8.760466497844087,1250.619033554635,6055.076630051413,105.63540050502337,1,Shaft Misalignment
66.39633919108263,1.9294535621876607,8.659260502399437,1410.3321334623877,6407.372235159605,114.93695780092166,0,Normal
60.09856224631066,2.460805886632353,8.447620225522025,1407.4018572987195,5251.272705308553,121.38163533261563,0,Normal
73.05146490241435,1.9362608996476252,7.5958523357502425,1474.7227397572017,2577.712179319561,122.77221614650401,0,Normal
60.880412963579495,2.547259737782405,8.730990855447743,1508.052361852012,1060.0835071091976,121.26839722527714,0,Normal
71.98737645221742,7.622132322230476,8.300160502441981,1703.8462128661488,7492.028294216353,118.35570455536757,1,Shaft Misalignment
55.00856661731131,2.938094298418865,8.90477287975039,1431.7367978204568,2475.8024279116385,117.02992337284786,0,Normal
87.52171266527806,8.300228538130293,7.068723336838425,1131.0664978989016,8752.047759593643,84.30681649152314,1,Shaft Misalignment
74.84327050192292,2.619627952392405,8.077185756005298,1428.1709583745521,2423.8908891553524,118.53527372310973,0,Normal
64.74602982386054,1.8485402060427383,8.741526785825723,1415.8751612369672,4241.6007855961625,119.2906097306972,0,Normal
80.374806031305,6.684676729233713,8.353018044033512,1202.045941390418,7538.950365322597,102.45281210014109,1,Shaft Misalignment
71.38131993936777,2.722724058082035,8.509115498568558,1449.2187844213158,5531.401095149755,114.29096885436427,0,Normal
93.95774278271779,7.250305827533206,7.7420850872437805,1450.6381761009209,9393.670905722045,91.63997107565072,1,Bearing Failure
78.47354760679873,7.019681774848491,8.073455157570018,1674.9535390766898,6557.854386521382,101.15508450508345,1,Shaft Misalignment
87.24881037466923,8.09309361816525,6.383021979693092,1107.7292876511888,8970.580721201302,105.14076821331432,1,Shaft Misalignment
64.43509438446695,3.0366753058630773,8.667187373436649,1402.5674035594022,5417.916238910055,117.40206451934421,0,Normal
92.48188504062826,7.531491562261996,8.48305157343563,1515.262625569472,6524.058474601862,111.91618575121389,1,Bearing Failure
65.84714041954474,2.4716377724623415,7.9263467581254945,1441.3900856761843,3528.7838632098888,127.47048340859997,0,Normal
94.16202647072593,7.4962514661981485,9.118372497693487,1501.4393315143707,7557.654170196416,113.74870875309217,1,Bearing Failure
88.26415574537086,7.841226632692484,8.225768384279178,1377.5572358735378,6142.519181560558,115.68916018425313,1,Bearing Failure
73.30014745964962,7.285255359571548,7.195486795826887,1231.5707953217004,7483.468515852025,108.2183519002277,1,Shaft Misalignment
76.6949675690471,6.456249488528533,4.5,1501.0817606913804,7864.324037671049,89.49094427395003,1,Cavitation
64.75840160632828,1.5777843993232425,9.59211530087745,1411.3732834461107,1416.822986623961,118.70508187713816,0,Normal
85.24467761206455,7.323865802289221,6.926112714585804,1348.7179404881392,6688.873288828131,98.99252069361432,1,Bearing Failure
68.53182850367327,6.62657930672293,5.96525816584293,1662.5662873831118,4014.636069906037,122.60161075155311,1,Shaft Misalignment
69.01390134636209,4.499758608317341,5.932469697451121,1459.74731126806,5987.84753018787,75.14257972761492,1,Cavitation
65.3900370923943,1.7153340609114036,8.327447951590404,1451.762502696264,3953.6501523756424,105.31384995058328,0,Normal
83.65229566870188,7.68088362456585,8.218767371076282,1516.2098500763395,9479.438194828674,106.35718404692953,1,Bearing Failure
98.19651995441014,7.066806250665745,6.67685674034575,1498.9180853596122,8903.49737398114,114.89950854400108,1,Bearing Failure
61.50888883830752,2.7057737604731837,8.176487099850672,1450.8049561198284,4923.606509689132,108.15695690139474,0,Normal
77.16642066719629,6.805083788662033,5.232290772398567,1438.4418612316165,7674.62512403188,84.50908918913788,1,Cavitation
66.56861591448454,1.6092371248482085,8.804133583172094,1503.8374003135325,2008.870433201015,127.2782667608093,0,Normal
67.2261618144925,2.2926597283836117,8.534712567044844,1418.0111097835616,4716.4397918775185,127.40232439748398,0,Normal
61.35219460926204,2.548227640125502,9.185158250069657,1521.5749779638063,4412.512191945317,116.80803084622163,0,Normal
72.48378172349159,7.047513637087628,4.5,1434.5661295162608,7739.187726213233,90.35987836305893,1,Cavitation
69.89988520179664,3.3348605950903893,8.140497611387485,1480.5093218452798,3287.9319971146833,118.14828933984838,0,Normal
79.51085317401821,1.7747365246578104,9.432553579687077,1417.5845503930666,3279.133133382045,130.96321440911132,0,Normal
76.33856854913887,8.226441337337686,6.4355753082434015,1424.8238906350025,7963.157337502815,67.44622324303188,1,Cavitation
90.34092364008072,8.683920483851374,7.515648074362951,1509.7536049353546,8111.248433182483,106.59608247400831,1,Bearing Failure
64.01180996873462,2.3480524316954785,8.456702811680902,1424.8809306841354,5743.134791214188,134.16766042678196,0,Normal
71.34457947746233,6.732162891905402,6.24910658849697,1381.5916034654515,3994.2629224297584,88.42308936118046,1,Cavitation
84.211603478375,7.0963068805343665,9.158606582272935,1350.9706489872995,7136.078120133817,99.06794874080606,1,Bearing Failure
68.70452316525564,3.090840811450723,8.614879495971378,1411.5898830232416,6799.2574511148005,121.42972099468763,0,Normal
67.58914527346046,2.997411738322519,8.033594096794848,1457.6034329357276,5121.08537768767,111.11636375200429,0,Normal
64.88191010290772,3.2296994660693525,8.718976131489878,1449.9394198820783,6656.257271036459,112.43625033459014,0,Normal
67.09284663114724,1.7153200559481543,9.208063141040753,1452.8855221540666,3923.4808330212827,138.51785843632737,0,Normal
69.60838159738783,2.921642002965655,8.608280273569147,1407.8747646837744,1192.6587443168362,114.5335733692215,0,Normal
64.72610819830588,1.946552209093628,8.503681340711784,1390.858122520048,2018.5609637156826,131.0838907241447,0,Normal
88.3528260744176,7.281880539349184,7.5728023819654995,1479.3297134921208,7159.833287215147,115.62655633609701,1,Bearing Failure
82.42760955757294,5.855191063606517,8.035753413125555,1137.339094092906,4368.860956977566,98.3156696935123,1,Shaft Misalignment
68.35871241095937,1.4709280271831826,8.815089796182557,1360.3241458090067,6197.887772427622,118.18446027089661,0,Normal
86.97132553925935,6.858887572455547,6.9537308458640394,1367.9276933832741,6869.906959241667,98.77859045427866,1,Bearing Failure
65.93867407635267,2.7935724843098857,7.760273333455129,1417.7275218527345,2829.767325470967,123.3845075289972,0,Normal
67.62859902943528,2.016920806968448,8.370091733053549,1438.222022119004,2182.964516553985,124.40491971020616,0,Normal
66.21660345709614,2.20245628552845,7.943454986185097,1447.880738404132,2220.618665654748,118.95678215637982,0,Normal
99.98507022095323,7.029202510292129,8.594279207294697,1400.331467232514,6612.454123622933,121.46283383583977,1,Bearing Failure
57.474360610784714,1.8513412912376863,9.282550720304297,1475.28885473942,5276.946734037184,126.41526333702507,0,Normal
81.75754034876955,6.980225210369969,7.12847587852405,1518.451539202097,7158.330818682908,93.20458941419272,1,Bearing Failure
92.71672328558948,9.297544844685987,7.675341911245084,1474.3017762666516,6746.0267311431035,110.44818342439697,1,Bearing Failure
72.98283089577498,6.234171634353007,8.754105571110985,1719.1068922556133,4060.31253831046,101.65396145469704,1,Shaft Misalignment
71.56685125588997,2.3292560528326125,8.438890485476358,1462.8414747145862,3587.681354953499,124.80707559073123,0,Normal
75.05623020842428,5.614608214237001,9.092556414521031,1168.8950224396146,4619.032977639428,111.71637446331005,1,Shaft Misalignment
63.97935115563642,4.370608677524829,8.493978223520035,1405.16929397215,1599.1753527342346,133.11443106695276,0,Normal
87.16426982662298,6.808403292096103,7.718536818407755,1438.4904127367952,7650.395987385715,93.40124965352044,1,Bearing Failure
62.40437000139753,2.7357447000007813,8.694673511403396,1407.8928286438768,4216.323989251228,121.27877935670949,0,Normal
63.51267912671371,3.052155256582063,8.3938477292117,1412.5427521303463,4360.954621475727,120.5435527623402,0,Normal
83.42813660976012,8.407507062970627,8.239948830676772,1382.2948745408169,9833.23745081174,119.16203322083967,1,Bearing Failure
71.61872774462749,2.830160480673951,8.189114244428598,1484.576233708283,4018.4287379941134,116.19364023488617,0,Normal
84.47730837627911,5.866077040940713,7.702618056732053,1480.1499817677575,8058.284465071202,96.09251136447736,1,Bearing Failure
95.84778515529607,8.054638708131808,6.863257510201023,1495.7885380425794,9855.813701553148,114.2248117023311,1,Bearing Failure
65.73496142144278,1.6821381516510439,8.643610172587639,1370.8272082058922,5575.367917171033,114.65468327381178,0,Normal
69.90045810098978,3.210025483499835,8.746391986961763,1423.987384205077,3360.5431588004703,132.14838845155683,0,Normal
57.48787701178224,2.4623508846585094,8.800058227622253,1449.1432682019065,5958.596231513038,128.86386008842916,0,Normal
72.76898473219981,2.1084682576284357,8.390060517620839,1436.3692540230377,3758.3336444490487,120.6029379203221,0,Normal
67.95660080286922,1.9311256321404746,9.185013188188114,1431.844656046037,5108.1810081720205,122.18217712803632,0,Normal
61.98038703128142,2.2990895622332927,7.8411007337903,1476.9157946519658,2304.5267475260243,119.37673562934945,0,Normal
79.581169551466,7.298813829849083,8.929250171818795,1467.5559067444499,6467.016144046555,104.25394610881246,1,Bearing Failure
78.28433031654751,5.752388463558549,5.112913273814228,1446.0915031932104,8624.395653467167,77.7982956240202,1,Cavitation
61.33268954415518,1.966022466065715,8.361933956759417,1406.454891173055,988.6738025911684,126.29117082439308,0,Normal
79.20056435477036,5.077366530785596,9.717757071047773,1747.5895559527528,7037.023599141048,105.61117302697618,1,Shaft Misalignment
88.62403253889141,9.54294486113503,7.756688663938625,1392.3133333615372,8533.955807350836,108.82007205452763,1,Bearing Failure
61.093211521915265,2.9148138286483154,8.204819154097335,1479.9822014978051,5618.68219609093,117.80710819695423,0,Normal
73.04807950294854,4.692385159811977,6.552154001351188,1458.5902245358002,6923.4254230172555,81.19094499304914,1,Cavitation
91.71411388088424,6.388372669518852,7.53433048957525,1436.729018329194,7179.082314864758,103.72132963183789,1,Bearing Failure
97.62960701052342,8.569447388124189,7.997100190539092,1461.0861190149415,6683.018203984786,102.5208397425699,1,Bearing Failure
97.12870094301566,9.169951282978696,8.03932706174652,1478.5063347051885,9732.84721096602,107.01325967621614,1,Bearing Failure
61.769954459136706,2.8272863707836793,8.095522286086053,1416.0007367298954,6685.52616442917,114.8358384048657,0,Normal
72.21296164042339,8.373415123612151,8.758252423674929,1762.0775140761739,6762.63961246629,93.96595214021741,1,Shaft Misalignment
97.01618719806518,6.218147842620428,9.035623003428835,1490.4679254694659,9244.47149096278,96.06921399395017,1,Bearing Failure
79.5991298998692,6.241041165232486,6.9066849997928985,1199.7186922696224,4293.319344112239,82.1698962757513,1,Shaft Misalignment
65.31122183678839,3.1560307310661173,8.729006570572404,1519.6312046725964,5775.263138930411,116.37841659526853,0,Normal
81.35613245829262,7.3269460609428,8.858273209733849,1737.816291478653,5303.2599942348625,124.42961434844482,1,Shaft Misalignment
65.07897150528686,2.174590015833812,7.887089115659139,1467.3954536145434,2276.642290310309,116.06586709875037,0,Normal
86.40121863846291,8.61656237431058,7.547868714957456,1360.539857863567,9271.153079121403,116.54844101020157,1,Bearing Failure
59.64490218734256,2.4146285845329114,8.650484188321206,1418.1547397782817,3345.1127017088047,121.97996723134422,0,Normal
65.66254048421091,1.4135202530081916,8.279488089738196,1460.2279815219258,2428.52853458256,119.00115274313995,0,Normal
71.53395024854711,5.81371619394488,6.532351499927139,1459.1697030080886,6445.410965363972,78.18863866267426,1,Cavitation
57.16476713596997,2.5980623933284854,8.895537721936275,1422.7792771086633,6482.903055322607,112.69065042043009,0,Normal
61.99278769428457,1.957521175604842,8.298708464445246,1409.5048010468959,634.6879109482286,126.08910462670212,0,Normal
65.69781576410669,1.7516860047322427,8.415878898234741,1429.5158040660574,6283.116777593017,118.34793553040093,0,Normal
67.18827814454126,2.319613576158421,7.550019540916528,1440.514243622553,4910.505087393443,122.62900892300883,0,Normal
73.03693633957788,6.479932810798946,5.999205412075056,1456.9347713129962,4120.503679529435,83.22600756273033,1,Cavitation
78.73570616013302,6.228773380024682,5.820165200444571,1360.9287550224185,8752.143923470532,82.33939175625682,1,Cavitation
84.3166136376695,7.005110612083074,9.254035538254895,1732.6097427117143,6669.5480416250275,85.29691418648599,1,Shaft Misalignment
73.12095663861032,2.313240871417388,8.006170835200779,1422.7104402090267,1717.5393495893381,117.33766731020938,0,Normal
66.15270793425364,1.2033664015904375,8.289448613919085,1490.1928676703164,5351.723108292702,116.61250733456578,0,Normal
81.95039345280193,6.797779513924421,7.1612734729271095,1450.9183944907306,6960.954912311274,115.88910512665238,1,Bearing Failure
61.170950099706445,2.4792869201012135,7.400653593885417,1502.7854264897487,6205.371131607061,124.21229346937845,0,Normal
81.60563028427036,6.63617467474783,8.493621325336802,1648.0639949471565,4020.4581344993258,102.74737357508647,1,Shaft Misalignment
65.67866521293551,3.057355036385108,8.612475422219577,1427.14197581383,6827.922586942137,127.72937044758123,0,Normal
63.75711666324444,2.7023433475005865,8.820901725921253,1448.7899451875371,3873.3657954412415,113.65884004655487,0,Normal
68.72264804150701,2.5111239671734205,9.7829208296222,1441.6036883556815,5521.421750556863,122.81452360731117,0,Normal
62.622576294052784,2.1017001383045857,8.37946838876711,1432.638665827056,5491.594085517072,123.22617821928695,0,Normal
67.5743058996758,2.2840142958514593,8.7060571503653,1505.8586280182294,5140.291259981211,103.38272272559338,0,Normal
62.612946469036,2.1101038687015383,8.542084115092848,1450.5131457417474,2390.699552505286,123.83861628293467,0,Normal
63.02928200323552,1.662737414134198,8.467430832135555,1467.9327024972063,6800.772493728864,122.07110012570165,0,Normal
80.46228375155845,7.04030185752608,7.831820212115905,1396.3752830729409,8190.736025061373,93.41344902677083,1,Bearing Failure
63.49133473020682,3.0598399634325912,8.53177095228047,1478.130153123838,3754.909285816409,105.80979894237986,0,Normal
74.60044451164251,4.325451110754695,5.654437060653386,1535.7470943774622,3756.3662510243867,68.32412411608281,1,Cavitation
74.2121369938848,5.778326527874899,5.675543441283533,1328.59409715238,5917.033836772026,73.78640533652319,1,Cavitation
62.51897062129246,2.5281617790491366,8.221917715289,1455.9504293334278,4506.316103393662,111.99352644765845,0,Normal
61.1795723286815,1.6826534736849776,8.036718699009262,1439.6524419178038,1967.8388044761273,118.42370511778537,0,Normal
69.7728979055309,2.720618351934927,8.500428667122982,1484.0879805238208,4045.5825127982844,121.13591560460475,0,Normal
61.440133863705384,1.5743180690542602,8.419684440237253,1430.6330419500505,6609.508423757107,112.27002944197397,0,Normal
67.93400925367827,2.3385753448671505,9.080041256199307,1504.470436533609,4136.113753338565,134.53556660164693,0,Normal
60.24643279662747,3.0082786921138864,8.577263389225847,1495.6599134053586,5982.600078611805,120.16374544006965,0,Normal
90.19545602748896,7.597913737608642,7.370691211230989,1501.9146970206366,8426.864807880016,113.09956813352507,1,Bearing Failure
73.12698316964202,5.836661676487698,7.037395425571788,1800.0,6870.051109001147,111.68940318795768,1,Shaft Misalignment
60.83858286678197,4.266747774432078,7.999199079656604,1427.8169192872856,3359.7424470043793,131.06960309783548,0,Normal
58.355158217748986,2.039457611268315,8.564552870211143,1415.1397456367984,675.6197172566569,119.37190636190596,0,Normal
65.86255988826449,2.043292548543113,8.093461366749157,1443.6126206359882,4372.776273723337,123.5822956112381,0,Normal
70.97431835558218,3.26302545563246,8.771198192319947,1428.8877974234306,1555.0767195931787,112.57451496497517,0,Normal
66.07195824143443,3.00660975237496,8.544737760932096,1437.4109476984593,6684.080215695966,121.20547383081531,0,Normal
56.44595941841011,2.6852576926220513,9.677814484544237,1448.2983884629687,1027.9032459966986,126.9489955205078,0,Normal
74.45621953870709,5.5658023820561695,5.229316513359067,1491.5285506710704,4747.78054786851,92.17674200660198,1,Cavitation
91.77507914724733,5.870906711369347,8.967293625055158,1478.5540500714988,8023.705017968682,122.83114519992506,1,Bearing Failure
65.12053584143948,2.327505411925282,8.909113308229808,1455.8208297226206,3789.034675985094,106.90558508551366,0,Normal
59.785358690956315,2.7214312291539806,8.30850039275827,1467.3627394873272,6559.833936460075,126.74645339546365,0,Normal
93.06943553573025,8.379296525679433,8.325189831041005,1493.5059837219646,8741.355127685425,108.03757949100927,1,Bearing Failure
58.64884080486227,1.9741637539151449,8.840171288993163,1460.816325368322,3286.7134213846293,127.15989948875846,0,Normal
60.140858467020884,2.6865565491266046,8.82156696233824,1343.8438485364713,1648.5240576879216,118.63324796962576,0,Normal
69.63224073412493,2.2572821418713143,8.711467215922601,1510.0246154854008,706.7478860066278,130.99449296523392,0,Normal
66.65124044667512,3.089354512722353,8.755751499566147,1492.8264011315075,3255.671797281976,122.07583058469181,0,Normal
67.5286823546688,6.180871111482433,5.554227793096548,1418.647569265113,6015.177760209934,72.43561332406502,1,Cavitation
66.70515521053677,6.757363531208882,5.871511454373445,1472.4519742917687,8347.371681666056,80.9197390420676,1,Cavitation
93.6576317193834,7.68125394834505,7.753282387853581,1578.8978118272175,9418.430250933485,115.9544948450895,1,Bearing Failure
75.75455481812534,6.0446077244342895,6.428539884240535,1579.7155092387056,4024.8822378372643,87.10031210520508,1,Cavitation
69.16232892343652,6.520553057732427,6.11507438821393,1356.1640634658631,8147.6094839839725,72.14694608873178,1,Cavitation
56.02335888474387,1.7687342600864908,8.1500452941163,1526.5565138549462,5322.7835845429045,116.56202330969722,0,Normal
68.21254530611279,2.268637482525051,7.962219151369399,1502.5104263602416,3278.682726200283,113.00027986655864,0,Normal
75.86593591651173,6.2842960222713895,9.365639919891679,1107.1413650789523,9087.976478673772,103.38572101967183,1,Shaft Misalignment
79.94064011231009,8.085911757278307,8.997303181221932,1382.650940576628,7925.741383830422,114.72710392922174,1,Bearing Failure
95.98836961309036,8.001598247722566,7.939816140862904,1483.565635273935,7236.22062989047,88.74314145401351,1,Bearing Failure
64.36246010545423,2.2336441033390653,7.758543479411044,1449.7765146412726,1625.3891432799114,141.10482140806792,0,Normal
76.92129068410814,7.133942553639173,5.559523635155786,1571.9199672585328,6413.970086413746,81.2567778367841,1,Cavitation
67.83665238493315,3.096648652054143,8.436421985271634,1489.0599081109156,6310.283457694245,118.54820638115146,0,Normal
83.24550908980072,6.64911369997221,8.580504477939318,1352.087765012021,6687.264713205108,108.09157719517464,1,Bearing Failure
70.22603791016125,3.2289304181098206,8.037644059799414,1462.2923741494535,5552.925339868567,134.6754506651207,0,Normal
86.9782928090452,7.418525826801727,8.360330614126058,1379.3508415836136,8204.125410720628,105.42291093997726,1,Bearing Failure
72.64420824882087,6.682410543561692,5.630253773390798,1570.9063660961579,8673.7308666893,85.32577555332779,1,Cavitation
75.97703669143148,6.368295154065388,8.073803734295803,1749.2625412771133,6327.150086512517,104.61761492321908,1,Shaft Misalignment
73.47439103225122,6.37321669336133,9.505511481947234,1201.431855138063,8401.872242206133,116.78986740634633,1,Shaft Misalignment
78.72966112261891,5.8631568251419015,5.276233609481499,1530.615607001185,3402.2366763122004,62.7541023544652,1,Cavitation
69.36654029550805,7.6692262982822115,7.883714408014702,1197.7399973873694,9301.408874891784,97.69216165955172,1,Shaft Misalignment
81.54849305571831,6.571880935718875,8.330007906546388,1730.4767115131397,8773.887947019966,94.08374827840898,1,Shaft Misalignment
79.37423413559829,5.8561357261085805,6.629664696557284,1545.4937433954499,4571.459351252336,88.64274805991775,1,Cavitation
70.05083217689857,6.325637163587466,7.492067780405699,1744.0441326966913,8932.830330064713,111.98164421750892,1,Shaft Misalignment
70.23056552923788,3.632866527287512,9.504070968068719,1495.3888414194346,3764.5468289734827,116.80777654760064,0,Normal
73.56537750058479,6.69646875102926,7.364570318767943,1196.2252161185406,8187.2045349880855,93.32603019932388,1,Shaft Misalignment
73.9502473410888,6.960503855076791,5.5587159956444605,1441.601862933677,8582.949731258606,78.63744783876331,1,Cavitation
66.98780651685892,2.360628896938926,9.099353211892725,1429.1183740645274,705.8264842571357,114.45887819919294,0,Normal
85.03891270609428,5.586393792819035,7.380745965907416,1675.7448820639806,5283.15854557678,92.69411559822643,1,Shaft Misalignment
91.09838000671947,6.254948776496005,7.732027763309275,1413.6349700668204,9340.982190952009,103.58184702330838,1,Bearing Failure
80.31594486611606,6.786657268567151,7.330394682650795,1705.3318364559595,8153.246403740412,94.2063751359294,1,Shaft Misalignment
86.90140685114335,6.113888821864829,5.782673694818168,1452.2162717182737,3522.039522336362,67.23814038320135,1,Cavitation
63.688237229199906,2.86962663820769,8.148101640006978,1476.0214595591042,5967.509037559351,124.42395326137094,0,Normal
62.31420268759668,2.967863686241876,8.635612807099578,1504.6723786688112,5936.8983256874835,125.8974504535886,0,Normal
75.32247194921837,2.898282147223819,8.395100919822735,1477.9249442162543,1582.5649236062898,114.36817605991833,0,Normal
87.40571088474593,6.328873435963141,7.578562969745174,1344.3309767681128,8648.987494123025,88.68540440022316,1,Bearing Failure
75.80115182306703,4.884877567491296,5.673933294499459,1443.4489949029858,3299.5349139802747,77.28637361846665,1,Cavitation
80.97303058857133,6.578463893448415,8.376692784547403,1702.8679149041961,9460.57487185319,114.8485963847087,1,Shaft Misalignment
77.00769317859603,5.647950343967708,5.301905377202002,1467.4824878573736,5746.284308989395,79.60826802973257,1,Cavitation
69.7422622082992,5.0222455989579515,5.774209371392211,1411.4054812407023,6289.991991178775,76.14294997758142,1,Cavitation
83.93377724415161,5.737092802125034,4.702954800119376,1415.5931468924205,7189.879943643361,97.46109059217403,1,Cavitation
59.87688270730616,2.323567501648281,8.846224796522108,1450.2088566136908,887.8044516489318,115.26931186558103,0,Normal
85.84831239904749,8.026099945494662,7.738536661244161,1476.4057908040227,6429.396864622589,97.09515727910981,1,Bearing Failure
93.80519111562376,8.379987515299927,7.520195108392335,1420.2603751648733,9441.413390014783,96.4358042703863,1,Bearing Failure
63.34973632377999,3.4329776366354587,8.962413106188368,1495.9008246652897,1379.8560014416757,123.35652252790642,0,Normal
63.88166714098278,2.6983679566542436,8.217325023749453,1455.7362384428523,5153.025100924272,124.602853796161,0,Normal
73.21689077902266,2.716388734861477,8.068253197517533,1448.7518604424367,6820.999035181364,139.1261293181418,0,Normal
73.09661038161653,2.8384701558401186,8.675585071380866,1445.4690098688739,6085.72741578819,127.79165354836736,0,Normal
56.29794262971974,1.6190423878227718,8.48235204140566,1516.8340211777465,1834.0205240720095,137.63880577662522,0,Normal
71.49465162866069,2.3618589250404955,8.090704883375492,1406.8959645014113,5994.685202881337,130.3958879854541,0,Normal
87.25088548943998,6.439684009968959,6.872791291142188,1467.5183920040072,9168.07683176054,105.26829530924815,1,Bearing Failure
72.73529651298311,7.915875149264609,7.015066028300739,1100.0,4126.970143034736,108.7146068831751,1,Shaft Misalignment
67.28867021284853,2.1744544534444956,8.550112614784783,1467.686399554071,6539.142594497461,124.65519552146635,0,Normal
79.02259486130798,6.95142381879623,8.229764896312178,1150.0967721367306,7631.8460802655145,112.7232038177348,1,Shaft Misalignment
69.46138133470521,6.260987788813121,8.40337597441548,1100.0,9007.288263911934,113.79713179801932,1,Shaft Misalignment
66.28288697924654,2.9254178651909823,9.176945929661713,1446.1939795177288,3430.7602445231746,112.34701094313843,0,Normal
69.76855627704786,2.731413498916899,8.742175850736393,1430.7235613447615,3571.7641474991865,120.01321373705949,0,Normal
60.04898013148148,2.744591624934199,9.065649572601219,1464.6986741334008,3558.482054996525,124.7800748741869,0,Normal
85.36088042139757,9.289438711077374,8.009030906897815,1431.562609679517,9935.712806806472,91.5999600497542,1,Bearing Failure
87.66003074552057,8.12908261924124,8.386101477173877,1479.2205380684893,6414.314205883177,105.92531391741078,1,Bearing Failure
60.87322671519047,2.940849157444605,7.768885513739477,1444.4903560376968,6795.989799748541,108.20992878925281,0,Normal
88.03669640205067,8.60607047359635,8.551612150292447,1443.583538317518,8241.690074463473,117.82571989229575,1,Bearing Failure
97.46244893396299,8.150592619963742,7.816955274796785,1474.917728875235,8760.682998988412,98.14736691529552,1,Bearing Failure
82.15181399559178,5.7712014921856545,6.025734793281898,1499.3867550512655,4370.555113850521,70.56690927592193,1,Cavitation
64.00247397315354,1.3879902927583712,8.84173263909171,1443.9683010015829,767.6524432596027,126.84151242714262,0,Normal
57.795095923204606,2.2627098166079884,8.295867445002191,1427.542395729779,3603.8902553263583,119.48158641214782,0,Normal
64.1408747766164,2.2245860497034107,8.717679063524074,1472.0121469603637,4690.944648976071,123.16144495658685,0,Normal
70.76751424890772,3.197544200912704,8.717773159496183,1456.659410903086,5850.068938544723,119.70488837544876,0,Normal
81.60497894770356,6.108014120979501,5.346675727422854,1497.8996970740009,6774.705471805601,83.30836494798749,1,Cavitation
71.96215604110222,7.568182429527326,6.523898209228933,1496.9320011339473,7266.7309020917155,64.54617171736933,1,Cavitation
65.99576414960941,2.5892386310282594,9.33283720942411,1461.2266353380464,4370.480342111521,108.83120824009579,0,Normal
62.39702911159774,1.3648576592478256,8.307157667974733,1447.9252454492039,4036.7060556065458,118.90935326027453,0,Normal
60.116173532793646,2.365355718183306,8.482811866243525,1514.0059572713633,4540.442884316033,98.63777962849471,0,Normal
78.91209466702668,6.052754895212693,8.853065647552246,1777.1972785194569,5833.247983408831,100.8219077841574,1,Shaft Misalignment
68.40050341671466,3.2486924638901424,9.224669878230419,1356.0048081026807,5683.387283497994,122.74763713622461,0,Normal
81.4750357496921,5.717875056862265,5.484568244658296,1406.778484316323,3472.692426023486,83.5422061576659,1,Cavitation
72.05535531172761,1.7310290547365943,9.282478817514338,1487.2434608130739,749.0576792686503,124.15624346012764,0,Normal
63.5050800131408,3.3489040818755558,9.342532172666592,1369.202953042309,4280.988800859921,116.5119842382004,0,Normal
69.75120825858548,2.2925776566237546,8.470992452803035,1431.8654138291663,3821.447024869466,107.91871857544741,0,Normal
71.63413367385142,3.101114316432281,9.783182786404375,1444.1414639200914,6001.392347474225,121.94464826137099,0,Normal
62.319591024395734,4.23502179397406,8.63917908322268,1416.4207363490884,4482.448240384947,130.577337169769,0,Normal
63.36362423030402,1.9103459842954995,7.79720795846128,1530.3112687125208,3778.538791155057,120.2168876251113,0,Normal
68.22183257493559,5.961886858069956,5.114186965071454,1446.3046301144518,7223.131473893306,82.55739663374864,1,Cavitation
69.61695823128485,5.477563548042348,5.918140046976525,1419.324425404398,8444.018589881618,74.19566731681022,1,Cavitation
71.74162438921792,3.8056175301799757,6.599735470056895,1485.1571271110001,7627.458444199068,82.2656585431945,1,Cavitation
58.136043751267955,2.197641592023196,9.15580101486196,1416.1626543958812,4471.560114952229,121.77311723911457,0,Normal
67.99605585573183,2.608157676340907,8.30100411255539,1460.3236790640535,2002.4838891574009,110.77213975289085,0,Normal
70.27623573995555,5.948286888691954,5.363619464605731,1458.2478437704513,3280.66290114068,87.05677504667752,1,Cavitation
63.32668214543583,2.0815931599034454,10.252935701772458,1476.085340433939,1265.6369209151815,111.32952390938354,0,Normal
74.44997250649475,7.292060334326523,5.425414136698379,1515.775414547005,8757.552885655403,79.68397039137203,1,Cavitation
58.53438874797515,2.5503235010565604,7.959796335360749,1402.9033397900284,1537.5945661429666,124.90777549353423,0,Normal
85.48878559996307,7.937113007920733,9.283065368167629,1402.7187028734606,7895.679043644767,107.1114021307696,1,Bearing Failure
68.21328365927438,2.9825537637684665,7.580611641010503,1417.4112727506347,2557.047096399741,111.23023740105148,0,Normal
68.47688618200864,3.6476361101839134,7.413115547793004,1447.2913121058918,2925.8478991833244,129.53390268657142,0,Normal
69.12225900113742,2.549620002183142,8.440387821867049,1486.789939159617,2283.6821056319313,107.45609387551787,0,Normal
59.77272746060045,1.9019689539150115,8.754138215595049,1503.752857181925,2077.3637771567296,107.41322440315409,0,Normal
70.27403216547312,2.6305768600737105,9.70919561012725,1529.2260418678247,2017.0704362346435,108.75107055152209,0,Normal
74.92488441247608,1.7663419460656746,8.650233411152929,1414.891148787131,6303.66890838871,110.82954345604446,0,Normal
73.24550752900217,6.664502590043506,7.842426216724115,1768.570617883618,7528.90999292925,92.04741379332879,1,Shaft Misalignment
67.22633724227181,2.119215373464107,8.09970066075489,1446.8231615534096,5635.339745198395,117.37482317527063,0,Normal
56.72132744751023,2.877322752671502,8.79581236164233,1512.1533256918271,582.7273309844835,120.83306710417072,0,Normal
68.22159685296627,6.277888387650551,7.387774688221435,1163.4448822552556,8725.980985191622,105.24644922194103,1,Shaft Misalignment
63.690140725718386,3.520464872524556,7.88260262439074,1380.963262073214,4053.1406221668603,105.53055545113142,0,Normal
65.89847690553104,2.4703200572060493,8.374110663036811,1441.6144002632336,3481.7373573015657,124.86793318942463,0,Normal
96.8210603379071,9.214326834677093,9.254625576121038,1439.435931291552,9236.724413786424,87.83306266034565,1,Bearing Failure
55.08118895273478,2.1878745919275513,8.548433016237938,1523.815987250015,1542.3341864253514,117.47394530224649,0,Normal
79.72363508416456,7.443715505756044,7.581204466061506,1136.5616227713545,9248.902733928155,113.30498133985952,1,Shaft Misalignment
66.52782192178526,1.747717103739995,8.501987478258592,1473.6991193648287,1038.9447790641275,107.74771747805086,0,Normal
84.32509898782385,7.451277388876531,7.77052928283245,1174.7445063443454,8318.013185738955,96.95625604198165,1,Shaft Misalignment
68.507692291792,2.9723637928007105,8.965557954195468,1425.840804535711,3553.9953273938872,111.18812994418434,0,Normal
66.91783565853532,3.1237793975806696,7.981743684620705,1490.4363826137098,1695.133169411617,124.94148490249039,0,Normal
68.91351969300925,2.7249088469996923,7.529331580964072,1389.7116573657506,5467.5965355404705,114.22744734127977,0,Normal
60.486557030889635,2.7035065474812905,7.671809736429488,1429.5073075816363,6270.384910365972,115.85066624303032,0,Normal
66.31341728973418,2.193560990790152,8.879153713137484,1441.6018572875828,4011.6578807306732,109.59562137074388,0,Normal
88.7603889138274,6.528566072077567,8.39516010974585,1441.9702388991705,8429.032821440827,85.48918433706376,1,Bearing Failure
57.36269321940648,2.3683526074167576,8.617464062544057,1434.496764349777,5129.617796986091,106.676922894072,0,Normal
84.44571723707575,7.143536586196957,7.699646344320701,1495.67026078442,6419.0330381539925,111.71876316492599,1,Bearing Failure
60.79301830333788,2.0645281779133295,8.584222942986045,1496.5510522464501,2549.7580280488082,117.63505173432999,0,Normal
63.700999296162436,3.4591228672578045,8.90106422930906,1484.488940475479,3461.7220713592033,108.67018355365883,0,Normal
67.1802553738797,3.063405927113103,8.256615883522606,1471.7776533467604,3021.4320975163355,127.0607266086338,0,Normal
90.17100346106663,8.549612794970177,7.073546953156025,1471.0456214866083,9408.939265692508,94.53750470118983,1,Bearing Failure
76.4272974634069,7.00111196973618,6.6150984000880255,1392.2086804779333,7572.842127354237,72.58960071012237,1,Cavitation
65.29696987202931,6.489760602182775,7.735819325162562,1711.1010125583693,7805.002223687779,121.86651353667898,1,Shaft Misalignment
96.03206784539833,7.194349904910919,7.168815691602423,1379.1421829291787,6825.819620170824,86.6189243494116,1,Bearing Failure
73.15670593509336,6.442133840785659,7.4366737303966035,1257.9147478386224,4018.5836574462674,112.9039107653547,1,Shaft Misalignment
74.58138782404589,5.965357810748778,6.312508416852514,1347.6723569017558,5190.0850431552335,67.17772768150118,1,Cavitation
66.30702251273605,2.25129026951941,9.063258946842852,1411.0453538522697,1800.0688313818619,106.41296112283948,0,Normal
64.56615095333244,3.3479889000420906,8.714687037703127,1466.9797804218795,2561.379611512281,116.76440254024712,0,Normal
94.87706956422916,7.402013553279309,7.334111424803189,1413.766593060653,6516.284987723526,114.86376505905938,1,Bearing Failure
95.81404446912256,8.238823283450365,8.89623261271021,1423.334002424625,6124.227504140623,103.57345801910796,1,Bearing Failure
64.58513547174194,2.895710156826279,9.06690669504854,1509.4726985188083,2264.9223642771435,129.07859124795,0,Normal
72.7352715599814,4.09545047414961,8.218855693845127,1800.0,5337.184917324677,97.93095220862403,1,Shaft Misalignment
64.75090834547,2.2452140026504535,8.706110346782724,1445.264486506231,1715.7935638545332,134.44283567300738,0,Normal
71.16226749384923,5.457339101025934,5.595831659677158,1522.1470033918965,6361.528347101003,77.42503371351381,1,Cavitation
57.78682164493409,2.55973455855998,9.275718882944645,1460.5792160429255,6321.849882146305,115.17362520977476,0,Normal
68.44594799349075,2.4126594101542693,8.459071126820168,1454.520828411953,2183.2714138513247,116.09337858559779,0,Normal
55.66025419009156,2.503491392207792,9.097550163142555,1370.7590249401405,6655.884954106013,111.42410890891912,0,Normal
75.77441337835398,6.418806815864531,8.584733404755385,1208.0722230429976,7794.9515799486835,100.32859301682109,1,Shaft Misalignment
88.58383451141758,7.481693375293211,7.957850284269692,1575.1603111313284,8155.9680363678435,118.37426253800426,1,Bearing Failure
80.47733756691075,5.395937662389519,8.021409707341926,1482.7773830145388,7574.441367778488,112.83256184045408,1,Bearing Failure
75.12981801274535,1.836018812471292,9.093742156230384,1467.108109410343,2093.7117899009363,112.69754823009868,0,Normal
66.07765989897041,2.941365142189329,9.095019376603522,1444.7313166891702,4487.539403588545,119.99341448908878,0,Normal
96.90137944975575,7.29024246924549,8.723097255367472,1367.429979014924,9528.849647269253,98.29456838583317,1,Bearing Failure
60.45960055790341,3.0384236211093816,8.11374930154143,1516.7573702452703,5921.596675990952,115.11018983883687,0,Normal
82.6329706899134,5.417003492194677,7.148958983470116,1209.3159854457456,7350.31256001339,112.44960810949405,1,Shaft Misalignment
80.17802570883646,4.77892247903953,7.749117497140978,1118.7500055669975,8350.52240735974,94.1425228921845,1,Shaft Misalignment
74.85526642330981,6.587076067847242,6.135468469405111,1393.2255932036383,5714.288877246856,79.39038086197498,1,Cavitation
87.12608964805439,6.0006287956808455,6.484066704306539,1764.0289835427175,7214.584624045372,96.18326141641816,1,Shaft Misalignment
83.8707468339993,5.6894713701783735,8.59988287588795,1800.0,5216.80800893676,97.13695946861671,1,Shaft Misalignment
65.84893885949847,2.1392688532810356,7.115621675513794,1474.8135430697641,5878.76456521078,100.64696689539394,0,Normal
67.68403734612451,1.750261052845597,9.21681680440894,1375.613478378008,6056.960230638511,119.57131699744912,0,Normal
63.73333129256628,3.1052892130263374,8.191475105919874,1486.5496296334734,6588.992866918666,125.41105375763036,0,Normal
94.53772239003546,7.3415630845970075,9.144919811071466,1382.553034592772,7863.620728016556,100.01703353633067,1,Bearing Failure
79.17117188466453,6.782187910500911,8.536963274474608,1783.182179518433,6711.946863035663,110.52136264141785,1,Shaft Misalignment
56.683066443202335,3.3976019017333154,8.353153737147185,1407.7959347893327,2134.5288081919934,116.68348909401045,0,Normal
76.96544062897233,5.755122756262605,8.753797239265158,1159.0893243897451,6549.671449812696,89.19844413108561,1,Shaft Misalignment
62.83681241833236,3.8114383700335446,8.376714472870212,1479.4052845221636,2366.489712344586,95.06677722032087,0,Normal
59.94109412138583,2.3031608774833034,8.984475326126086,1500.6062200174654,785.8156705394564,116.00439045691829,0,Normal
79.6649878346032,7.61525049328178,7.794203353977502,1237.323593874395,5351.921209528263,112.90686210025841,1,Shaft Misalignment
78.66722067353447,3.1307162353185536,8.11276583193222,1480.1628374462418,2928.9048561204836,119.0894189800846,0,Normal
86.15481772772925,6.517661479046273,7.596557616786374,1403.2760410444178,8825.550538233709,99.95687966495683,1,Bearing Failure
91.11322708264073,7.995805021027571,8.001133321949858,1474.8863734473275,7819.827518910948,99.4592627276601,1,Bearing Failure
79.89868055149329,6.584620048393549,7.045832692493777,1184.9906834410822,8529.01942049831,118.14937045340295,1,Shaft Misalignment
60.01385856280612,1.8645777267927415,9.051860006861299,1434.6204351583392,6786.885844253745,103.57700463720612,0,Normal
64.08133362616597,1.8412068595481217,7.218023016010056,1446.085969191395,4911.290609874831,124.04588345978239,0,Normal
74.37055941643095,6.9977883094177775,8.376188401974266,1752.1150617505589,5854.61119342924,99.30301037074268,1,Shaft Misalignment
57.94082754243055,2.3632859261673245,8.841354269546436,1509.3455083020133,5659.918177364439,116.31058623706787,0,Normal
68.33247823318698,6.9760824897782046,9.563605426574219,1688.0234255418168,4016.947690481196,103.31256661708288,1,Shaft Misalignment
81.34976744477551,4.791742258378975,6.259507831259878,1450.8230811219023,3338.540852504534,74.4190122757897,1,Cavitation
74.94194942772478,4.7158017890888395,5.51822340937565,1529.4781666431288,5634.567729431253,89.08350225325105,1,Cavitation
66.53349186829718,2.1695699271288547,8.19181728540883,1461.422235581616,6496.720631887701,104.42126020687348,0,Normal
75.5014486125352,5.78604457081245,4.89382064678644,1581.5307504925936,4340.96588553504,70.73197990790247,1,Cavitation
56.87053986312752,2.4813186770108344,8.667099471585884,1394.9896207607524,1633.3185997306657,112.52806432290434,0,Normal
73.8749257718389,6.487529593029934,7.613895788810917,1717.2488226040825,7221.054798997552,105.22448919705427,1,Shaft Misalignment
88.38894339253264,8.828331806384353,8.243187334386572,1407.674577159853,8773.788963593246,105.98715052321003,1,Bearing Failure
63.718296608137535,2.1771713449059167,8.898921889947884,1375.6265291335976,6412.370042221139,117.43629960192285,0,Normal
71.2843901583746,3.0489731998061345,8.51903900969823,1455.2051775239217,5976.068835856827,107.96681175241616,0,Normal
93.14031650836277,7.2113288813510685,7.578947139761897,1495.9734456723236,6377.297906626217,108.509967342027,1,Bearing Failure
69.64504514298842,2.3742659213842257,8.197783719420965,1423.870191052134,6000.243947801223,118.66946352056253,0,Normal
65.74958851528926,1.8012338357644173,9.16072137011767,1410.4893165290214,622.2665805555653,114.38524378102755,0,Normal
83.18254953920457,7.9268686499606575,9.369832922840102,1388.2165841388353,6280.909830372336,86.84640455338145,1,Bearing Failure
72.31187075711715,1.1006568908822063,8.34573051435548,1396.1302592592585,3761.069397146269,117.86146381465753,0,Normal
81.64929706347377,7.26218611785158,7.712399960604468,1510.546204703683,9170.194965172886,101.30999810748467,1,Bearing Failure
68.38405037589742,7.161889603517041,8.117432222929825,1131.8544799284016,7207.705971378632,121.25222745287982,1,Shaft Misalignment
76.53825370373144,7.258144889210677,7.7385828608136915,1100.0,6524.040883643044,122.77294768030454,1,Shaft Misalignment
72.00439628624804,2.0442327363714305,9.183026799469038,1386.1534951581295,6908.440257875323,116.06357590391842,0,Normal
62.81331696307393,2.80165073839871,7.354509280812787,1476.1307441483445,6102.938985656227,115.92514451101295,0,Normal
60.59353133154996,2.849196282650304,8.744682492637718,1494.95573160685,2477.6463421634535,110.7360349064462,0,Normal
85.5383589257151,8.515452848174679,8.45046237435496,1424.1357915434603,7498.612366613044,104.57732001565206,1,Bearing Failure
87.92945164963672,7.678290941125658,7.972462030850847,1557.583659508629,7727.733693453906,106.3493953016325,1,Bearing Failure
54.98157944151592,2.7032223159642226,7.834411601307189,1415.2787288996155,6555.719221357831,108.71145913865924,0,Normal
66.35407641524797,2.1459739772335817,8.676404000166567,1455.3989715420346,2915.0871357837414,112.82871942341394,0,Normal
65.62704339737923,3.098850503562193,8.521602024342751,1408.4881810792726,5266.54529822839,131.81394936630633,0,Normal
70.90494952652836,2.741964737822303,8.01664905464867,1418.1574344911746,5615.342695977805,118.73726383167933,0,Normal
72.19413189727112,1.9658473479708078,7.73879265286663,1467.42658265828,2270.050081677038,124.96063998757069,0,Normal
68.3431928525554,2.3965078694956388,8.350336513352058,1419.786367210911,3710.2310849651253,113.81852301300775,0,Normal
62.55005025559359,2.661286718309225,7.985959120078414,1402.98879533615,4656.544856698674,114.60410260495382,0,Normal
80.26255256245486,6.400030220183097,6.883054267377222,1155.5863078774228,5072.270493242468,111.33326826071239,1,Shaft Misalignment
60.31023295577554,3.459188556154666,7.771571185875981,1425.0090966888954,1519.4190493263593,115.31038225114173,0,Normal
71.32401809108592,1.5508074131778775,8.12532934993998,1439.9032111303852,3447.9147233139533,107.3365223103528,0,Normal
64.7302977853196,2.3757429144296305,8.305340138507344,1417.1169322015332,3132.052114030925,107.06450850103937,0,Normal
64.34214828956739,3.370217217093435,8.815955876815126,1454.6265982353093,6104.175147672825,127.26851605490714,0,Normal
90.11695958676461,9.918291820530973,7.779539542654503,1477.1826950272612,7055.974338162037,106.8161521479442,1,Bearing Failure
52.14572552483439,2.274683044118766,8.363287090193678,1431.038354382491,684.8678817642282,122.17018424087435,0,Normal
76.34488371217353,6.380914157572682,6.452510330826611,1185.599216159406,4563.942397082328,108.09521749565396,1,Shaft Misalignment
84.06327855640872,6.413521328962855,8.470671102733744,1232.1673367905394,4217.289706996752,107.27010532460717,1,Shaft Misalignment
95.47698998726767,7.81083839753879,7.618919286294761,1512.870943413385,9856.082891828913,104.20358021794215,1,Bearing Failure
69.96994904806836,6.639168461732621,7.502802573994246,1712.8289988215752,6277.003755865987,98.57180569080859,1,Shaft Misalignment
71.71352228970375,5.804832344683514,8.179441484356108,1697.8604531036076,6525.662032496783,98.69501485753247,1,Shaft Misalignment
84.17447474754422,7.716683118964286,7.787654952766006,1436.8680248958624,8522.541179932321,112.6624297504051,1,Bearing Failure
81.03064709021,6.683616446960846,7.4896412368278975,1442.6651373070986,6185.724418689357,109.0554937982028,1,Bearing Failure
65.10006902500805,2.952186568980078,8.891830237113354,1467.6934503990478,3536.174000042755,117.00693854807172,0,Normal
59.963750707720195,2.4693636009310107,8.376557301715655,1535.8014568307483,4812.687243336615,127.15741713950506,0,Normal
70.75335257085295,5.715241371509982,5.550617406403184,1427.559809941861,3530.3818028805504,87.3226193424173,1,Cavitation
66.36170340065814,1.7892018779334375,8.149726592083748,1415.117249021301,4538.705514856179,127.04786432192797,0,Normal
79.95095655416284,6.750688577872549,6.291097991785989,1728.5436764373492,4781.7204653063,105.12255430631542,1,Shaft Misalignment
84.27771234769315,7.995209554640205,7.867695539496132,1462.8819178706908,6990.921349505281,97.55409615066425,1,Bearing Failure
70.07710207488503,1.7265129938930688,8.899453836395898,1427.0391062420133,6444.7840874239255,127.3184842907976,0,Normal
62.49435744850336,2.383437517218421,7.659610361970358,1400.3406765623797,5012.6546596269145,123.50837199061708,0,Normal
83.32991554215324,7.460430161156204,8.204692983204579,1443.0208170480932,6471.617468043172,106.56926501253945,1,Bearing Failure
93.30963088716257,9.876255803259792,7.977015324545161,1383.7994726932006,7594.814620703261,115.72727030099361,1,Bearing Failure
94.40909464467019,6.831806656050521,9.26962207776424,1487.7739979481905,6108.155333426736,96.83504117415349,1,Bearing Failure
71.03304077431957,1.5836992860462116,7.9724553159116525,1455.0507094493628,2383.231894298395,114.03741213034327,0,Normal
73.2707089961885,5.44206333799109,8.060148626532685,1745.2709779537247,6048.568213041202,85.37469505479079,1,Shaft Misalignment
91.30324005707388,6.447376844324319,8.625231270040295,1383.5709133171176,6486.407375553418,107.68898745479483,1,Bearing Failure
91.37746396171052,7.392555118205751,7.946194215097437,1528.8083896795142,8696.104716504531,122.69198078877443,1,Bearing Failure
86.1439049679905,5.118707605284527,7.231908948912507,1505.3095774904373,8302.113193981615,122.3119690163936,1,Bearing Failure
65.40296442990316,2.3925556046036474,8.478003162848733,1465.761340198699,2187.4832623583725,116.10669754141044,0,Normal
75.78188595996308,4.843559726368584,6.165397295156849,1471.4053696725816,8613.393361213317,83.00182776698482,1,Cavitation
70.8280832455558,2.229640165189581,8.100763744406205,1377.5082088300617,4027.28533388769,129.8949751481458,0,Normal
69.37995191289644,2.781014753778238,8.303357931693094,1393.9199750628754,4026.45207441736,116.87487747824434,0,Normal
61.20617371032313,3.3105113984194032,8.17316042968129,1417.744922835278,617.1885582329296,120.60555952004074,0,Normal
88.65166814825092,6.323452026058757,8.545772510060377,1457.478360636871,8509.106562386058,102.97556825816665,1,Bearing Failure
75.0803435677382,6.54825552670828,9.268047817310237,1493.1191576953447,6618.739392739445,109.26046487244996,1,Bearing Failure
86.6273578861643,6.200047869850502,7.501885891229481,1215.1913076769868,4486.271073134224,114.89274045234217,1,Shaft Misalignment
59.40590430402909,3.1105638907731263,8.651431683392502,1425.3174750060452,4232.209827271327,119.23003865917065,0,Normal
76.3176796662826,4.739741954286315,4.82252050271895,1503.249429601593,8708.931555294786,80.43121441676067,1,Cavitation
90.0126320383526,6.197581801195865,8.357125820572616,1457.195543292594,9448.780552130474,94.90813078327929,1,Bearing Failure
57.58986159094495,1.6549305156387732,7.635512199897606,1398.0474056694218,4830.277948796863,108.1956257876345,0,Normal
85.74895765098667,8.641537660235114,8.949759779844035,1445.3821278135738,8668.299635287896,95.58417033532575,1,Bearing Failure
70.12703362570994,1.5583165281689093,8.032537959280578,1507.1894106476027,4863.671202169537,122.09300210864616,0,Normal
70.08842270654338,7.753521480352614,8.18608136724228,1567.0471422127619,9504.088503473131,89.68585017756769,1,Bearing Failure
65.92729719058472,2.4592225683011097,8.718204333769046,1458.1678987445634,5985.998033275476,117.65599517334982,0,Normal
59.17399856473382,1.5396244940899726,8.890539490607637,1450.822498817193,6182.927641444133,118.52568798533831,0,Normal
74.08684164890924,2.1238097357370176,8.963795760587107,1483.6742651758593,3038.1678527926174,109.92429788068515,0,Normal
81.09309380409056,5.496655936253913,7.922976603018203,1645.503189767989,8548.37282471521,92.36128439266284,1,Shaft Misalignment
95.74531537894663,6.344709656940787,8.533139924902471,1454.7667059563669,8471.634172803211,111.9699121500238,1,Bearing Failure
65.79488840519707,4.369808819810812,8.777485764550068,1455.8508004144735,2275.409191432825,116.88763943954432,0,Normal
78.95314308351247,7.1793376583769275,6.212011423018421,1507.9974664351917,5882.671431001073,80.71678886865719,1,Cavitation
82.30247422197698,6.677778138584986,7.834831159783775,1214.5455478696097,5905.58107893267,100.5519316182951,1,Shaft Misalignment
80.05050388346523,8.317036686259192,7.287951699469889,1411.6356378475286,6726.031846485982,98.83167399022832,1,Bearing Failure
90.9397738567163,8.460060874701522,8.209857320101051,1554.451484620866,9281.573411995952,101.73255410058908,1,Bearing Failure
83.71368064177588,6.719623395269149,7.764694998097574,1442.8346103558495,9619.570801991666,125.59542821865945,1,Bearing Failure
54.90357241460694,3.11568544194158,9.783470618764738,1366.430661046265,6406.963614757527,117.70072792139433,0,Normal
70.28907090410398,2.146532720331324,8.032201850618787,1442.883284967824,5671.259445674312,112.6975126456279,0,Normal
79.20416475145755,6.141123915131867,8.48908069654732,1605.838068269248,7549.9300825092305,102.86567302912076,1,Shaft Misalignment
98.74540528669843,8.636748038245182,8.092293822058952,1522.3005676187418,7453.707312150302,103.96808464072274,1,Bearing Failure
70.14363632740033,5.592008257821879,8.243267845818698,1719.9783185790695,5169.779740318064,120.29610294164591,1,Shaft Misalignment
64.52913730222274,2.3063764600789383,8.100016676625795,1374.8966653880836,3771.515200726168,115.289587467044,0,Normal
75.2139145106216,6.494180214280795,6.133353030429305,1446.869209069354,7041.658991980171,77.53673800098473,1,Cavitation
68.88519633184153,0.8105137033136236,8.476449146053227,1415.7647397448948,6847.737707266555,132.01090003856186,0,Normal
59.768249821562904,2.813782944338167,8.46424299536351,1396.429187380588,4747.5713992371475,107.86513266793345,0,Normal
83.46727862277226,5.949906708143923,8.34022212160096,1687.4459863768836,5028.677265032025,107.81574716132599,1,Shaft Misalignment
95.34166442792058,10.0,7.417815397476023,1304.5850312301263,9381.547790369848,120.33622845732923,1,Bearing Failure
64.51584049979913,1.8597822372435524,8.439714771615392,1408.5531289893067,3766.455947670988,118.50425256425646,0,Normal
72.13652682144608,2.24833914840487,8.878244177158049,1373.4375971765014,1832.3650133684203,117.159026756076,0,Normal
82.11755554121177,6.4106500034145,8.848511081985231,1420.411308654751,7738.123853217981,102.99647422205837,1,Bearing Failure
61.11481757397915,2.262715709394914,8.562563214329433,1434.1170127414719,4089.5234714889443,124.88451438711402,0,Normal
60.974945043426416,1.9521030662040049,9.030759893128215,1489.7725352683249,5165.704123985411,110.45203531128678,0,Normal
72.42030276610349,2.9666768510328456,9.046953475816233,1484.5722823540616,6508.426973748222,110.32701622883089,0,Normal
85.51050233127803,9.001952965188597,8.987949803221937,1497.120736180617,8717.266661254214,81.61571799756902,1,Bearing Failure
86.38592002691075,6.850351134020401,7.835511562569156,1438.6553075281076,9784.174577121701,91.58790188132953,1,Bearing Failure
71.57400788269592,7.345605684250839,5.8681545128107535,1470.992827907939,3514.341136489086,85.0282604677988,1,Cavitation
70.01311314625457,8.282342338226565,5.589938511364053,1346.073552839969,4868.494523286952,62.10151816218857,1,Cavitation
67.67234267534255,2.696099325690112,8.932679354525035,1453.5744295438496,2302.390565744752,127.87655876765758,0,Normal
71.037503770193,1.5562363946994766,8.566219652179552,1448.162145070938,6350.908263367052,131.50764990530112,0,Normal
79.32876841352665,8.166269672043523,8.40458496654769,1484.6418115063998,7625.8508718082885,103.71340553647944,1,Bearing Failure
83.96130616387595,6.2127938202167305,6.692356011084666,1147.105075571263,8695.697061010876,115.40642442799668,1,Shaft Misalignment
90.93904458842735,7.417749913346676,6.902714739816273,1325.4911820299328,9270.538851302452,99.29988501425746,1,Bearing Failure
65.2249392178805,2.0724526196936064,7.245214572049388,1446.0262823472483,4261.962056463878,119.41344059787805,0,Normal
67.12449074952907,3.084474021577558,8.254090254758585,1464.1202472218597,1891.0462356301825,106.19012172790346,0,Normal
66.12568771287708,1.8704936693060952,7.361139297032269,1445.868472662754,6500.903255061763,123.58257501198403,0,Normal
82.80147058070588,6.8248033306863585,8.435649058746211,1388.9370183702868,9303.267667017459,114.0371836104992,1,Bearing Failure
65.7826023398424,2.4812854982163772,8.292062791301547,1429.6998175214248,5938.142269396999,123.48451580322937,0,Normal
73.06135060816814,3.0341851524348398,8.895340379138979,1386.884535078948,5544.367692043186,122.84434004299894,0,Normal
91.89965810687437,6.946757815797579,8.521367734437732,1382.9811814845682,7722.694285929821,108.44774972592295,1,Bearing Failure
64.01715482891653,2.7313162761050678,8.364994006274399,1482.4216799578776,3793.2200709115828,135.83466894707104,0,Normal
65.30514291778161,1.526520801464464,8.04310332420824,1364.826917953231,6874.213427166323,114.76373143201351,0,Normal
62.34327254807521,3.955628070389166,7.8629104921085,1418.294530242108,1945.8792126616675,114.02306991173904,0,Normal
75.09588226082234,7.304787443527399,7.770360484526268,1725.5234377943068,7944.994290530348,92.58700727259043,1,Shaft Misalignment
65.26719952395318,5.683103911821861,8.874013795374546,1712.732734275613,4325.866488198501,112.3661993290057,1,Shaft Misalignment
75.07056861679872,2.530815255281608,8.091452270679884,1457.5468179004,6679.0590502570585,127.51223325999317,0,Normal
90.23031543214026,6.214495476972098,7.088195764732524,1327.0476537805696,6429.444473802671,101.17747752428124,1,Bearing Failure
63.62743850225538,1.9623217192164923,8.651718593124912,1503.283047708671,6423.721805406657,105.11168056534308,0,Normal
62.95329712390688,1.866333058487748,7.559855794715608,1408.9912365705027,5690.223763425435,140.83326682596493,0,Normal
93.745068929939,7.233431563696279,7.375698650733008,1493.572609285719,6793.563805949227,108.19863937080898,1,Bearing Failure
77.24735918797552,7.460525293475635,5.6857654713388275,1485.070459733765,8896.289952402753,81.23763290128353,1,Cavitation
86.40466365717391,6.9559683998805895,7.4375283270010355,1317.6614755401604,7090.747783804278,119.1209637467759,1,Shaft Misalignment
91.73907091858572,9.48671041550264,10.073161964015377,1524.1738015368041,8969.03819535023,107.60493216857658,1,Bearing Failure
84.48450210353651,4.44468205368049,9.72464298883095,1415.7639316907012,6117.814835703435,91.90216734321464,1,Bearing Failure
84.52967726965936,9.63508200893013,7.28589134423118,1407.0744687653953,6851.703801930405,110.99578627813753,1,Bearing Failure
64.07956566492041,2.0366845673173724,9.332801606843264,1434.9799983969772,577.1637533508355,125.59571397516562,0,Normal
71.93815440392022,2.1225062883269805,8.347351512139046,1442.7193972406865,5730.790920985113,115.78696309682773,0,Normal
71.6991795669322,5.979212816109099,6.619648567603638,1493.4327029218314,4188.597432187196,79.62953822781168,1,Cavitation
60.79249564230344,2.3097332315493695,9.32931803880829,1434.4035522768006,6750.905665541576,125.91777989189941,0,Normal
67.03101043243716,8.117358697445054,7.759904042078437,1681.374569680392,7366.021435322951,116.17632441603958,1,Shaft Misalignment
88.92052717302352,6.30037904835932,7.372257328844993,1406.280451537973,8303.253727392723,95.18921217607085,1,Bearing Failure
69.08129859691327,2.7389277270558905,8.268213576914437,1424.1644778226396,3765.114482029219,112.72706545057754,0,Normal
68.00541369053882,3.107347544591743,8.17577667331404,1403.7969751615944,6249.263527972203,119.69968958902207,0,Normal
58.35407433327559,2.463286937332587,8.450554283801537,1489.0271338175262,5112.863732779409,122.22678907715736,0,Normal
93.11373813671688,5.583835618734055,7.279332839362945,1458.228004079153,8737.796193852788,119.05718643394266,1,Bearing Failure
65.99321775693701,3.8249502573981045,8.143383994687722,1422.5181973617875,3106.9505192690863,118.39604987714819,0,Normal
71.75522607181509,5.113646522689262,5.611649756813885,1396.9558289218858,8791.365957034144,66.88574985101384,1,Cavitation
68.43883365005614,3.7666347871809345,8.285268005236196,1541.0342352750747,4050.3812465990677,126.63855813993351,0,Normal
82.43164839656049,7.418363114933871,8.39041718025266,1751.596320614758,8008.669606505362,96.92434185272867,1,Shaft Misalignment
79.44386558505576,6.361199743751398,6.012797126731398,1505.4021429191616,3451.6722999100416,73.14022169903754,1,Cavitation
61.470793452291524,3.165837085260722,8.656180436312527,1479.8657231006664,2087.5083879065364,118.34965363208106,0,Normal
58.938514331889095,2.671832619244447,8.993663564755225,1494.6990100633648,6266.322981325586,135.03684635263315,0,Normal
79.28365380647388,6.416668525124591,6.823448471713374,1135.942346882687,4699.837450086682,107.8135653753837,1,Shaft Misalignment
47.792103764074085,1.799119645484588,9.206764902547924,1441.1312602475286,1907.9845095301953,120.53926468048657,0,Normal
71.45526116351216,3.6410594252209267,7.933696354739373,1501.030872830333,2852.701465713488,129.1114865678236,0,Normal
84.94100268622194,6.897397023459234,7.476781042229251,1144.2389524100306,8539.196213326404,104.03370463803327,1,Shaft Misalignment
90.50127707202189,8.059491129208894,8.75863431718268,1382.5948442324436,6623.552652748193,89.94765781645452,1,Bearing Failure
69.05296899622984,2.6562511640626574,9.135252690517198,1407.151108540178,2847.3938611872095,111.65624773324987,0,Normal
77.08353909820485,6.46012429163817,5.716603023810228,1475.950849032034,3533.5347533204254,78.02554278714442,1,Cavitation
71.11632802923654,2.1318485066258086,8.41219812263143,1462.3786150623473,5896.921722419109,113.18357489886,0,Normal
84.55522700164981,7.022445210926694,7.6859821888236155,1161.3470327808996,8018.080444936059,92.51225369325003,1,Shaft Misalignment
74.46983061415933,6.512814304566495,7.182056375530513,1108.1256352246414,4578.5355668343445,118.27990588183953,1,Shaft Misalignment
72.3754550662961,4.3039171684631645,5.7718419175267615,1499.2596045890552,6125.1947820126115,86.75785946662683,1,Cavitation
83.35446336962339,6.619997105991601,8.333832397909418,1479.328484464201,7981.341387757769,117.20570292345089,1,Bearing Failure
75.08350433633775,5.634867062204216,5.24792727166804,1402.1036080252366,5360.688919341815,78.18466044561924,1,Cavitation
70.42099122021772,2.626181824133197,8.599196758588743,1449.6327058645945,4914.616046996954,107.12383213535216,0,Normal
62.75762384505542,2.5133139631640127,9.181652900469139,1480.762735893578,2000.5480940802508,118.50576956737119,0,Normal
92.71111049386225,5.7223190376297985,8.500321954922262,1435.9765565288965,9122.087211028087,110.92812234834287,1,Bearing Failure
59.555061940639035,1.3360684127164237,8.527837153248363,1465.333685588205,3602.84992524452,133.63179017385627,0,Normal
66.50078988223524,3.119906284821388,9.078886965090593,1440.45500811127,5237.310713039646,105.87582968867358,0,Normal
62.50226232225396,2.265920588732991,7.263277053165908,1407.3932773707322,2840.1232283979957,125.66489712147671,0,Normal
89.55076104591441,7.173517376220444,9.618126562710444,1445.510287400848,7325.004987967985,88.66335705279671,1,Bearing Failure
82.41647253626927,7.527045852177761,7.558425304264791,1220.333820108218,7921.673010063071,75.56858434528267,1,Shaft Misalignment
85.89580151178487,7.923166981854705,8.08232718677863,1466.1039724414884,7635.183273370382,89.32414832100504,1,Bearing Failure
74.79521960150203,6.291366957611947,7.830355236260295,1745.7158217266413,5015.456988230986,97.28615968585842,1,Shaft Misalignment
80.54751057628287,6.178412315574293,6.919458634688421,1768.371470957703,8303.011873331378,103.18054561657581,1,Shaft Misalignment
92.91344983808371,9.053594810449827,8.269575622488466,1447.3443927832855,8479.449051320413,116.45216686571659,1,Bearing Failure
62.00199275556661,1.7869436746247127,8.739379552962404,1431.7015872307115,708.7245048058388,113.78116500287229,0,Normal
61.069594005959964,2.0200716006919923,7.595938523029188,1398.9658718127469,831.3489625463938,126.99274722211959,0,Normal
70.81003852135605,2.969423662175298,8.459144653929211,1410.4505072632073,960.6660542566783,107.88935599004117,0,Normal
65.45538807244489,8.00343410784691,6.979779774844007,1337.9369201104191,7450.946591889934,85.11845381078504,1,Bearing Failure
60.64204764465786,1.587567082219528,8.692080088983738,1450.021574505155,1762.0535031943127,122.42369845998985,0,Normal
77.7383889548134,5.089856290873813,8.47881444151136,1214.7297829534716,9094.511528386573,94.0197669104228,1,Shaft Misalignment
70.00814528181004,4.2144977306947595,4.922176693778056,1476.7789983928,4254.507957266651,74.95421192711353,1,Cavitation
89.53239464832957,8.141383177403203,7.184265385484654,1447.132622032799,8695.887246904458,103.88538992418219,1,Bearing Failure
66.79368071998309,3.5682716507754435,8.231296810548093,1480.985025411006,6371.587184250154,125.05638781696845,0,Normal
98.51916735107189,7.655588213864874,8.403734125763986,1393.0823242729707,8355.927374356783,114.84840664997735,1,Bearing Failure
65.49859923058773,2.3919241660140975,8.976689169400839,1367.3093572376654,4433.692247984963,133.88182044414782,0,Normal
70.32116907191956,3.4496855628018355,9.1249076439299,1455.5078251149591,3817.184295370959,133.2708003761389,0,Normal
58.28187818357611,2.944699028395923,8.358708308441509,1433.0936788553151,1937.9398421849446,121.03998580641276,0,Normal
67.94515177676993,1.7060797256482627,9.579579044508366,1407.5918170872378,3469.795929172451,121.65681930960127,0,Normal
66.96995286087504,2.857648896479492,8.024947715427176,1401.2729573277072,2275.822789326511,123.17055745606291,0,Normal
92.4587930791492,7.352183734924229,8.749639060362211,1495.1708998720162,9390.445496862598,101.66685005491996,1,Bearing Failure
85.92483920259419,6.650146661338102,8.393471988023094,1702.0228186298614,5788.774282230011,99.10731474144487,1,Shaft Misalignment
58.73498340325643,2.9909307499273896,7.640898052226938,1431.1203130950666,5469.357646734857,116.06989577870942,0,Normal
61.56858608893315,2.8049075734313966,8.20809861654001,1500.2601647176045,3630.0970813271897,128.98771774339076,0,Normal
78.16691782700822,2.5382183227919093,9.528514124485628,1485.757171257229,4487.843392722315,122.88829935875809,0,Normal
68.76780012530867,3.641987848854548,8.851055799744568,1420.543599581676,2897.114459316482,120.10090267481795,0,Normal
84.19152758075754,5.98799176336316,5.944926602438419,1376.379358220746,8115.160018172993,88.56660600131892,1,Cavitation
76.61633492227364,2.2773659711197687,8.275434129522779,1492.510783981152,3297.7424025717846,105.94505040478799,0,Normal
71.35777956735429,3.0124884824480294,8.74730705096791,1508.2057174117379,2876.6459009004184,122.87419937108005,0,Normal
68.30253918514983,5.877940304630976,4.936581925989924,1529.9785061035295,6926.519013238336,78.31758116145268,1,Cavitation
76.9724621710504,6.587391428920122,7.988762172525989,1250.0552032732041,5769.553664220528,130.33339000697845,1,Shaft Misalignment
68.61204003369134,2.684262745855031,8.530284153523354,1396.9157657739806,1272.0987386084487,127.649028845928,0,Normal
64.77674349435688,2.5558797744353954,8.418187275613457,1400.9758819617684,1271.2629906110346,109.31371230092108,0,Normal
57.33493444339771,3.3300377335680893,8.149965914990311,1343.100675853916,5847.408743234298,107.05161868153304,0,Normal
78.37099003210872,6.415092676464646,8.939577468412526,1163.4915968746584,5410.545354934291,111.55100271622531,1,Shaft Misalignment
70.57340240602403,1.9185579050847184,8.305998088685943,1398.5162867680297,5739.597071513559,129.2479556293785,0,Normal
78.92606539585404,6.596743912939047,7.584605572875454,1744.9441597384107,4104.738751008605,101.57851348872761,1,Shaft Misalignment
85.9894031272046,8.624837060115702,8.885811863924157,1390.5225771015807,7262.673924656264,114.20598242711816,1,Bearing Failure
67.84900880192129,2.9963532600872957,7.813899200030873,1491.0582599226557,5121.406134192323,115.80945149064779,0,Normal
62.11505366703917,3.2322826739120334,8.51283261899879,1455.3462200422498,3096.101961558916,124.10887435532177,0,Normal
64.62550211809129,3.7554341734019796,8.130990780058749,1474.1563590243818,2885.2597728080004,124.49882330978264,0,Normal
91.65543298533852,7.1681351381780205,8.22734711587708,1478.7963844688968,8253.881895251407,105.87277468952216,1,Bearing Failure
87.71839404498637,5.94888294140087,8.354467776941641,1392.1743375453082,7473.4094299535,100.69059392206191,1,Bearing Failure
67.56954532507115,2.670289261259012,8.310753037194312,1468.1426031606852,1528.272944039088,127.41840153789708,0,Normal
75.48435253526267,6.898560836564361,6.305841081359406,1489.2367543585208,7131.833610936641,83.34519503233672,1,Cavitation
82.81574856047087,5.9319064484089745,6.90455885308795,1248.6181972632585,5278.303643894073,93.96940735868985,1,Shaft Misalignment
84.76163921108937,7.642404866628132,7.648524522619212,1468.6105496309704,8678.992470751296,112.2298281137719,1,Bearing Failure
59.22788024880047,3.017539900748428,8.7745532524374,1436.3189119900778,4304.7169242900545,118.00637551365895,0,Normal
73.83196519508567,6.201999010757321,5.552517724554649,1399.2002284415985,5450.92433329364,87.78979234003776,1,Cavitation
66.90389035682526,2.009555119351396,8.660645735378694,1353.8532559559787,2241.178288313365,131.13964753186454,0,Normal
77.38289698273633,5.838176771824023,5.485795468018913,1534.0794187962483,5558.78880136233,79.15293090223746,1,Cavitation
64.35724482807436,1.9149871690368916,8.878877390104092,1432.141820869798,1383.3979849025432,119.34610659174804,0,Normal
80.95264821858838,5.799314781624671,5.597652071568337,1501.4802180709846,6672.898929680342,93.85976360135142,1,Cavitation
66.56432825745455,2.5394425960283726,8.36581560043131,1453.2516570016992,5204.718048098402,134.10895366200631,0,Normal
72.42657863152239,6.605911973898315,7.5988965915041735,1108.8646878121654,7467.144814879622,97.44157541958747,1,Shaft Misalignment
62.101212207997754,2.208525642154912,8.18327818261456,1558.9247195050573,1940.3572978564077,124.8589366856463,0,Normal
56.676054992836185,3.3056771892530232,8.358353520291145,1501.6532291625983,4845.6564161537135,111.96439086892426,0,Normal
65.34684901329035,2.615558151238783,9.696054817636997,1366.025749423239,1029.5803351341224,125.46578411831047,0,Normal
60.889619940860364,1.7684293200866839,8.215275112753945,1445.0391445044002,3727.3502444989317,117.9667651786412,0,Normal
64.64146826857515,1.957422888009046,8.89530885941999,1482.581418387813,2352.293804252525,104.77899010854847,0,Normal
87.95211277388977,8.46904055163535,6.809876791166824,1462.264862290085,6358.527093218471,97.09829869141517,1,Bearing Failure
75.2812266878659,4.596332693949472,4.965685286749607,1427.742974368433,3963.2405196105587,78.72528106491339,1,Cavitation
61.874436910644796,3.1770679962214667,8.720542807500374,1411.7301569369085,1250.6818389053826,104.39442484463913,0,Normal
73.23949250478606,7.6911732112803355,5.4110985500837385,1515.881116465481,6566.747427639841,59.87912624880482,1,Cavitation
73.59014939245641,5.653601694222313,9.220872229126185,1114.4898079230634,6285.577426678241,101.56805951735579,1,Shaft Misalignment
60.71907772977527,3.189125809013922,8.111682420029004,1563.8949541138002,5019.467619430385,123.2275703200984,0,Normal
69.07797122298082,1.5262150227978617,7.893268319923538,1493.8993988541265,4175.382747174727,110.62452856621444,0,Normal
92.90106937959148,8.738902231278342,6.344399694546211,1405.7998725462776,6403.908681936019,95.01634693650725,1,Bearing Failure
55.00689237373031,3.500986671738709,8.73925223707543,1471.7702740016696,3412.41914703684,131.91718273833266,0,Normal
65.83293249577929,2.8753737372097645,8.121859124468779,1553.4899654161795,1728.2762357553909,130.65504243420284,0,Normal
66.64341174748242,2.17758244641196,8.734261801409419,1498.640261556459,6702.50382359674,114.24542650553461,0,Normal
73.31795065353072,5.03530569270962,5.388564463430178,1410.8057898869852,5305.842077959699,77.97623750142276,1,Cavitation
77.04902523400482,4.894542085248322,5.914318635007794,1484.3385458945295,6979.551088173779,74.08894330029426,1,Cavitation
72.4011136587322,5.826775156736774,5.224210411101267,1497.3459236867654,3330.0822899528807,76.56056677654348,1,Cavitation
81.74103592769488,2.366445409597637,8.725977477260974,1428.0866858674015,3950.7955593675015,109.74972064003327,0,Normal
59.52381287044014,2.201761236023088,8.536966175087953,1390.9964311412282,4379.024134937082,119.34224289391169,0,Normal
71.67850697477357,2.289107340877781,8.830964782367005,1434.3643431915839,6326.231476875507,129.63030925331967,0,Normal
70.20043157480224,6.8873958319228885,6.375810303407082,1463.912984931452,4776.976381564504,80.00318957823444,1,Cavitation
87.57140206753809,6.928648023203226,6.790082873104493,1463.5095816078401,9488.172727501977,100.05389653104332,1,Bearing Failure
87.03413375881136,7.946678936469894,9.471995014798482,1480.2767921391799,6816.796250371104,100.51254903130072,1,Bearing Failure
77.23647332084822,6.933294891944947,7.580125024258057,1410.5719022633166,7118.405730580527,98.02281096101756,1,Bearing Failure
68.87572275305715,3.0151617739746994,8.011830340372615,1538.231454107096,5556.909771683298,110.81133347809009,0,Normal
72.68070350946888,2.4725301304238294,8.752996533283994,1462.2696523750437,1830.3481593606587,116.55120008379446,0,Normal
68.21060501938292,2.044208943499973,7.988132777361091,1490.6869685668062,903.1616897930902,116.58317586958299,0,Normal
79.10451652717929,6.074190570679551,5.097240534441118,1470.307941506528,5552.694699310901,89.91708226710676,1,Cavitation
78.7704290251925,5.8416803874046215,6.734016462479555,1449.804374535246,4313.210953977281,84.37275442178353,1,Cavitation
62.35194304873766,3.126699186485088,8.147842425628054,1390.6269425645696,3277.025761567659,129.04665458529809,0,Normal
61.35065206768704,3.6846380466880175,7.720963632073243,1563.339824475771,5068.631886325658,125.58069576271359,0,Normal
64.27705641506972,3.4251834087031803,7.853327241832584,1394.558058376577,6039.392343699366,133.90387988098817,0,Normal
87.27868209428956,8.083952166671473,7.07755551344927,1754.1708615619445,4127.304899454379,104.70521884978062,1,Shaft Misalignment
78.120184785129,6.562359192815081,8.467789852883337,1209.5445862938036,7327.698663603591,86.46267255165822,1,Shaft Misalignment
89.44709533091654,7.121573005420248,8.388336052364629,1351.5235076082588,6468.614000305091,98.59045853648603,1,Bearing Failure
58.06560264736486,3.285084501520098,7.868577375115818,1442.865003215669,5796.175122289845,112.94766982340934,0,Normal
85.90803696834412,6.536110594946433,6.726265175334972,1396.5456157349506,9874.226953218687,103.05929515513813,1,Bearing Failure
72.86887791169026,2.5381056255801493,7.923689418992809,1414.7624793890132,4555.2405083062895,113.90178106908974,0,Normal
83.41460969737537,6.891245753881663,7.754684321316916,1425.1317072271704,7068.741556468766,108.5417735389621,1,Bearing Failure
71.8943260060188,5.057036627550236,6.53868628031543,1500.5548502793495,3745.219763782643,76.69093603480052,1,Cavitation
89.20711221638464,7.482682517721489,8.249096126405663,1440.6259363688175,6963.859404878871,111.17855413756554,1,Bearing Failure
81.81708293210421,6.757581749210437,7.089485450728866,1180.5352163358123,7566.658380285703,104.60432174202049,1,Shaft Misalignment
58.015087028278046,2.9826211179627617,8.452064346868735,1426.7504321189542,3151.109262266802,120.61336964491774,0,Normal
73.7210491129603,2.9194485320465065,7.662459599769118,1378.1066008826692,936.7037774053586,115.61261688697527,0,Normal
79.20803601879196,6.94046700772143,5.893316328256369,1402.2788450179046,5578.472286454001,83.12710659610896,1,Cavitation
72.12154346394212,7.646181903049439,8.891593743467833,1716.6276720722408,8787.259557070653,116.93611755172587,1,Shaft Misalignment
71.58135361877534,7.304412485502386,7.888720736712989,1746.6287750298693,5898.847121365774,109.89567368548293,1,Shaft Misalignment
66.92118718135679,1.9576898523738038,9.341686671503767,1443.3539775880254,695.6681435279379,130.31474992742366,0,Normal
97.78943042592853,8.12194581095221,7.470011207228765,1435.7373374712472,7831.601180508285,114.97632076920245,1,Bearing Failure
74.2674086049423,6.618608547610283,4.978182928890025,1448.7976087450086,3000.750832539453,76.18809423976657,1,Cavitation
69.64063239513344,6.853067867099311,6.8344651782105625,1417.7706531416513,3050.37295250485,87.79145879092901,1,Cavitation
91.37631916049247,6.521925737336447,8.050662860930425,1497.6864423076202,9505.633954317927,104.82258165485622,1,Bearing Failure
67.02232181442162,3.068116463808412,8.659385015574063,1409.4637096290523,4462.108160696897,125.01514255587438,0,Normal
80.13069459230587,7.286781627170167,7.9810879826491625,1409.2677870588775,9287.205811032834,112.64527933927806,1,Bearing Failure
61.783428364200894,3.078804543811852,8.725852324945338,1474.2529568803316,2431.0235742069895,109.68399944220816,0,Normal
67.50926024679946,3.1521180938331015,7.641751211428067,1429.1267783404742,631.7563368748418,112.71063951980125,0,Normal
85.77871581635253,7.602428664078008,8.369148322726653,1449.2682660043663,9971.005093007805,97.53863979304096,1,Bearing Failure
83.77536552302678,7.110405629466352,8.512359899420272,1487.4903281297225,8713.304818525052,109.46313431476477,1,Bearing Failure
68.02485298718345,5.003011011135701,7.738708299403252,1100.0,6061.687500382425,109.87715426198682,1,Shaft Misalignment
61.99556412073094,2.9936094559444864,8.667658628198653,1457.2122020535,5576.33360466734,112.35091437633169,0,Normal
65.40447212490858,1.5607161026115048,8.932566045579991,1503.1745596485764,4380.013382242752,131.80431163334887,0,Normal
85.45665974606588,7.194811154519249,8.732838256141697,1429.8853550879185,7542.210005966677,91.58935286698431,1,Bearing Failure
66.62538371592635,1.73613180281294,8.526892562941635,1390.2101150952162,4636.033460495638,122.4403299822696,0,Normal
100.59105471747914,6.134327065001455,8.06203922393788,1482.8741675800088,6634.996773085554,80.4125807672845,1,Bearing Failure
65.26010325219809,2.5763043515165713,8.779116053439152,1443.0949458796608,4808.220061442283,123.64831670706955,0,Normal
70.96536840254858,5.075642868141521,6.120709884433358,1442.627554610974,5064.981160510823,79.82056226252078,1,Cavitation
63.39123648004896,2.480511378494743,9.456344067178398,1397.0061687626903,4125.470934137402,112.2319454127149,0,Normal
88.819307030316,8.973191512975758,8.086331530333212,1486.8259596284283,8091.596334953016,117.8207974044371,1,Bearing Failure
54.90869923335486,1.6813356646892437,8.275754784566784,1485.931874848242,4927.091758244006,120.72814770777303,0,Normal
61.72101344265104,2.445408317176458,8.652701340946713,1372.3432773245343,2354.449842666732,107.12398300886616,0,Normal
63.23672256567963,2.0372624233293894,9.062863714686785,1482.5994981918507,5284.446498149383,112.9845233450038,0,Normal
62.928051040173834,3.014197746949758,8.57560917199757,1453.7803061218956,6216.5075078273,111.61399069024759,0,Normal
75.80655410101461,4.834134994915106,5.951294772618985,1482.0534461195014,3814.7931381007493,84.50075758198858,1,Cavitation
54.64410058709767,3.0960007009646606,9.930568283816843,1461.9308441840394,2536.890013972308,128.2974512451924,0,Normal
68.02452611577938,2.6532417399673576,7.171613002443001,1448.4842297153575,6489.9532627182125,129.43810705438852,0,Normal
89.27699564275208,6.930367196457513,8.6468676994096,1527.8127802816598,9042.678552670222,108.32612758949975,1,Bearing Failure
81.95440817281491,5.757254428902922,7.276879808475539,1736.2844615455733,8552.978343892688,112.26477715250645,1,Shaft Misalignment
74.37935812591148,4.791807541641961,5.055098467317412,1452.4358339696903,6212.693997884607,87.13517229574408,1,Cavitation
85.27295020418637,7.2398432203733245,7.895328744819712,1455.3402466332088,7246.294686694358,101.0743832264241,1,Bearing Failure
63.00777362505317,2.2320141719112363,8.806134905052696,1387.622568834951,4466.160745538172,123.22115609171298,0,Normal
88.62029197727257,6.513559500900754,8.361777686077115,1579.3809779037579,6113.058804199911,101.19305376204908,1,Bearing Failure
93.1753263431636,6.8744245556999335,8.54468241240744,1401.5805576448236,6125.757691898189,121.4734580400393,1,Bearing Failure
68.87636505830152,2.300907968505535,7.25462413084959,1468.6247002111502,6385.7268096304715,119.5228687755051,0,Normal
68.60418722191902,7.281518152713704,7.146185075571556,1619.823479029392,7646.477430193954,91.91964222639196,1,Shaft Misalignment
77.51616192266248,8.305636837367189,5.292209310174727,1491.128646060024,8915.831663702062,67.50764827170399,1,Cavitation
66.84321570224873,2.0851351747651266,7.906944861135932,1481.7965624683698,5785.441141594373,111.53550626167586,0,Normal
83.38739902863584,9.11806848116604,9.39536845040769,1495.0937935241302,8682.751058654645,112.8338472415424,1,Bearing Failure
105.00148257673959,8.92095786546059,7.540594678764806,1553.909555603315,6613.019849276463,110.3330217340315,1,Bearing Failure
83.26690450155219,7.238699889431105,8.757647711213616,1374.4951101661047,8663.137605875483,101.65197012555498,1,Bearing Failure
68.27186040835926,6.951552078079086,5.504178179868239,1449.6381343275232,4154.673632167444,87.60036442536489,1,Cavitation
63.68579750268803,3.2068524211373046,7.937917007619033,1478.0083939007507,6577.787276539749,112.39877975958503,0,Normal
89.95435020546178,8.35480703565136,8.973534220423437,1359.3589177951565,8301.763706122661,89.1177290129218,1,Bearing Failure
83.2553997204697,8.373395536417283,7.129539029373135,1406.8988176701614,6249.270900196742,103.28189536197326,1,Bearing Failure
61.74025110572228,2.4753506564354293,8.564070211506005,1462.643870218425,5593.352273212648,132.51660089759733,0,Normal
62.98122316410487,3.2439620843731545,8.500360453467987,1488.8568745926482,2781.341555519594,125.41213243824792,0,Normal
86.10038207007254,7.73641298209678,7.596516045698218,1385.1485462466344,7519.817548449334,97.68653776791604,1,Bearing Failure
83.13414619644566,9.082554969312532,7.819713900198288,1489.7350111417443,6084.599293397665,95.69694302145555,1,Bearing Failure
73.43581763474239,7.030919338366907,5.655968600824361,1471.5511479005447,4681.298441943426,66.46878250099661,1,Cavitation
77.39470094466316,6.971218413192508,5.296163467606119,1439.9773043323532,8464.645464824129,70.74096115529792,1,Cavitation
69.34465685032514,5.037858771809615,5.800111973997894,1445.2437561223264,8325.53394431315,66.70339514947496,1,Cavitation
87.40767463326596,8.326422324191766,7.84225396046906,1549.9997955536514,6911.203022851425,101.66845667922703,1,Bearing Failure
74.74022614549611,6.281348347489577,5.627508419021466,1461.3514430194473,7660.988216689731,74.74778459917471,1,Cavitation
73.21610085380473,4.53348841525411,5.810543817816338,1374.7033002496607,3882.930793057171,84.3312664598805,1,Cavitation
73.41323797006649,2.2946529219119247,9.751618902534744,1450.9791867940764,2468.028350318501,121.59460956884128,0,Normal
76.40499669037429,2.1571826944529326,9.290407453146617,1437.7774482142866,4619.994826134964,126.3992287320092,0,Normal
63.27827047533146,2.1690835599390224,8.5264697341174,1503.2180668624926,5220.318119654153,118.80893763183293,0,Normal
62.095114929626774,2.5194892328519463,8.019238656335393,1404.5843470450707,4175.090153455269,99.07624831996921,0,Normal
83.8081504552235,5.6885184630154955,7.172029148386998,1100.0,6818.35703257161,110.44582400793628,1,Shaft Misalignment
76.92839802339867,6.5335946333268495,7.640770933353295,1694.1017307752759,4295.334533666559,96.52685972148863,1,Shaft Misalignment
71.84987510233053,6.731955502509845,5.701539096001555,1426.770946094219,4600.767296602985,90.26346696428446,1,Cavitation
80.3742896734463,7.121420256786846,8.629068412237421,1452.2617943874354,9217.497656550802,106.8379937299343,1,Bearing Failure
63.815910784815706,2.9279789059723793,8.866174039825262,1481.9026249074382,6358.156181169055,117.2719822548436,0,Normal
72.90313906541631,6.1365409515907166,5.44504305142903,1439.27841549569,3020.19860442962,65.59966637123364,1,Cavitation
89.91593131643762,7.897505945090978,6.998543240395133,1500.9097641340036,8432.281790796327,92.64083624763397,1,Bearing Failure
67.85270149837466,5.549176588922868,5.30091984963007,1479.9446671785854,8053.521170618855,72.54092331622748,1,Cavitation
72.84143618582925,5.698558151346754,7.00827035215782,1217.0214508624445,8597.422487789823,111.7687398271961,1,Shaft Misalignment
52.50258735861824,2.7263377519569074,7.983767512015949,1426.3270849317885,1746.0452625506239,118.18137930148531,0,Normal
79.53805905523384,5.175777560632547,6.196819647165051,1406.3744361697181,7784.5198277329555,84.63832651285536,1,Cavitation
63.54981280196814,2.2830204858297045,8.296309316309095,1508.8557419339522,4175.203608391497,130.489339982421,0,Normal
81.47596303840942,5.329496524997567,6.649061066551548,1458.6113566230713,4452.065932478865,81.57567045255324,1,Cavitation
96.87582666651076,6.005422128970764,7.880152151708001,1428.1958810062345,7625.675779030612,92.84635221968479,1,Bearing Failure
62.059980142613284,2.2066453540122333,8.929704908434983,1478.8610572451591,6059.989363082038,120.64456374000264,0,Normal
73.84895366418556,3.2490808236536552,9.520595251597044,1469.170003835869,1255.175037577291,105.95595529036298,0,Normal
66.36955543423589,1.5860965214956915,8.234294299430788,1442.2767170397356,5754.370486149308,128.40255641821085,0,Normal
67.61586382494575,2.950307451767121,8.950214494772712,1380.1554146964218,4834.301887602014,119.46193328511276,0,Normal
63.94354321103372,2.0068478004557484,8.250700982162913,1419.4823726667155,2643.802757566347,129.94261514661463,0,Normal
64.75247676967466,3.0248528060257636,8.338696113599177,1461.2951100479806,4403.984349918368,112.66965562396352,0,Normal
59.603672614470796,1.6157451953086142,7.860338215059027,1447.0448699473359,4253.825678181774,125.03774979295139,0,Normal
74.0907205381427,7.279874528430794,7.903288263995218,1689.124610254843,4696.107630976892,101.97396976571078,1,Shaft Misalignment
63.52391806087885,2.187908508102876,8.844892074067747,1449.7924314668476,6847.467493424135,114.65840991880891,0,Normal
80.12013630440184,7.20176524823764,8.968413341151686,1260.1603070481367,8528.234198683249,107.33805000371827,1,Shaft Misalignment
69.77370655077173,6.292965293863093,5.954175810383079,1407.4100241480687,8106.645927505217,66.4741327602691,1,Cavitation
61.43094861354942,2.9240455581732085,8.597614066470166,1417.2646276303528,4061.587355051263,132.61521743848564,0,Normal
77.80326259789388,4.394782984304056,5.336474954037333,1395.7038735355184,6021.42044642133,75.51823194200212,1,Cavitation
73.7262414162298,5.899029352573493,7.626093699831501,1202.3126754978623,9266.686576726335,116.49940830609086,1,Shaft Misalignment
60.36363290802244,1.3201221626168484,8.308476661151246,1392.756100296652,2003.45047500698,119.886212833545,0,Normal
88.89038201383886,9.112817473721305,7.675047122575494,1665.887253520085,9305.768448436529,97.81852244931028,1,Shaft Misalignment
71.50017331979733,5.776196948949037,5.170990044366831,1493.956916201977,8229.274084248758,62.520287062076235,1,Cavitation
69.94161557803181,2.4043827404172124,8.181456400030656,1473.1228239123204,3898.238672870037,106.87921902473357,0,Normal
85.3907202969724,5.316714736782415,6.127742662357052,1410.3850658215008,3686.765015548209,80.56816930036351,1,Cavitation
68.48807237357903,2.367534037839322,9.053203158195577,1440.436771775148,3891.375640254347,115.9776256612889,0,Normal
66.35841792250015,3.4544774453027514,8.560317380446728,1491.761005177695,2048.7056867095453,121.50167558502339,0,Normal
74.48496062115679,5.4333343945910375,5.445404363743139,1457.5426718403417,5204.341360989711,75.50636628633802,1,Cavitation
74.1577319553111,5.730352686090774,6.159214914894086,1475.140281388031,8170.325075891529,84.97570705413793,1,Cavitation
65.2575135998666,2.2333351963986416,8.691025338776665,1482.8933627828997,1143.128343328402,128.65264582691825,0,Normal
64.84345120281667,1.9861234536476928,8.824228247979384,1438.1310394802592,3090.5580959981667,120.47020760737163,0,Normal
77.6969081139143,2.4760633697489727,7.797880216869205,1444.632791572923,3258.4181693486253,124.1548699651031,0,Normal
61.1000517149392,2.2486728566237026,8.622837088427486,1431.6353579676472,5075.7943842283385,124.08474136643513,0,Normal
67.99086075167398,1.914680238631221,8.883968831758269,1428.944365395573,1044.2068652079145,117.64836486228627,0,Normal
76.17461525248605,6.31305004881872,6.373289530657685,1395.0652092465734,7913.8579080996,80.64658180238911,1,Cavitation
78.59510816315735,7.3879542452060125,7.558401998049976,1734.0854001999749,8834.93443544186,110.61398746391748,1,Shaft Misalignment
68.468461176288,1.908432116221653,8.122111998518985,1487.2684300164176,3152.2794923174674,124.07595889324423,0,Normal
68.45411157343685,3.6350121395071033,8.920389686170907,1447.456664203138,2820.621186575518,111.84510810411469,0,Normal
82.9421534330566,6.482502654344894,7.767776545530043,1179.3355526063676,8513.564990271601,105.72644213043306,1,Shaft Misalignment
82.51780507322694,6.056726493474437,7.825774676241339,1179.3348003095189,9102.70969278777,105.77363013673622,1,Shaft Misalignment
79.36040281110722,8.384969712415316,7.515471829638581,1710.3656272892774,8771.69016936719,95.26309820558158,1,Shaft Misalignment
65.15620561488974,1.785350900989095,8.413661331485335,1477.3681762852266,781.7958917769325,111.6882121302819,0,Normal
81.03501619376274,5.647166094148642,6.405408629595999,1450.8134298859138,5842.146793744203,82.23292086850977,1,Cavitation
76.48100221677419,6.71591041612881,6.255875061986132,1401.9118789613399,4607.978692772182,81.47632077803432,1,Cavitation
89.52037692093535,8.722845490062975,7.45310074225542,1325.9655831604598,7332.14905621896,95.28810893394552,1,Bearing Failure
81.02254388049722,7.053751728708782,7.941388615227354,1182.8694757343626,5687.235196555631,105.00505901719961,1,Shaft Misalignment
72.7804474340555,3.110276075263063,9.428318028317518,1446.28050867903,1183.2519089430673,116.69107595576345,0,Normal
80.80839908822236,7.325052639004109,9.353069683526863,1491.8012894772335,6249.737136112043,102.8754127496573,1,Bearing Failure
63.086738258442416,1.8685348440313467,8.577014465366235,1498.2978417585175,5394.385795861978,123.5508898458433,0,Normal
64.17922283253091,2.7253727390218248,8.392835966927542,1465.7453950629827,6399.178735686272,128.93756931473436,0,Normal
68.3411930411973,3.0543593464107404,8.227257732073245,1442.0504177825683,792.2161676816678,118.65726690789693,0,Normal
60.986111625657024,2.905127458248103,7.997446249580992,1468.1962211537873,5602.942372582152,123.8578348804413,0,Normal
67.15630685570018,2.5588646649647417,9.175046961672619,1473.8033077049336,6642.732278043515,109.61630674827678,0,Normal
64.55800041602963,2.5523448626923657,7.753284631982637,1465.9224869941202,6538.635757159207,133.2219976281138,0,Normal
83.07648822487633,5.713010990189208,8.545252526364358,1448.4559723096452,6434.837599200571,82.24303169072145,1,Bearing Failure
62.95349055883019,1.9438070908152894,7.7255123942110355,1508.4166071174593,2717.362892305493,114.40756299610135,0,Normal
82.35517345408552,5.300504779832357,5.281466963215002,1483.2684467516415,4433.986081269308,72.78229208055595,1,Cavitation
57.970236682071636,3.4251014469044643,8.160927726804053,1360.769293874104,1566.7160201626345,131.99214119433725,0,Normal
67.24483777785107,2.345541685533492,7.994214862147805,1406.2007752755087,6567.359930061687,114.77120571854663,0,Normal
78.75960499813958,6.073329928250636,6.234328620367781,1500.1401367160042,4873.923779251776,72.19238479760601,1,Cavitation
76.39014733789467,5.92403362093536,6.130020478285414,1422.295783988803,7249.265025529122,84.310913726817,1,Cavitation
68.34542605133763,3.6214399022069563,8.122850933696428,1383.3949881478381,926.5819696823124,103.9860786601899,0,Normal
87.33368976877635,5.792143752595072,8.053605951842426,1203.06141307494,4006.3027284554096,99.84565135318616,1,Shaft Misalignment
59.91176553626306,5.282337724027879,6.127011987115741,1412.354730228603,5708.016196435732,81.19997242354886,1,Cavitation
68.8982192618076,2.2862725299234237,7.838608512636881,1411.849453365128,3851.601859528211,109.88084633237307,0,Normal
86.25141029304616,6.805688053424423,7.496603495962709,1242.5718779797728,8196.501366497214,125.31951024621085,1,Shaft Misalignment
79.56301157014872,6.898627866730485,5.85892216307065,1398.0015924191475,7743.337432575823,77.42687669687261,1,Cavitation
70.50672519771481,2.4182688487194977,7.704849549285242,1462.9859161967945,1857.9567094747993,130.44362061054173,0,Normal
70.62338216204478,6.072801794362309,6.655404272057158,1511.6459293338742,6259.607049590492,75.30605575961684,1,Cavitation
67.88225672561211,1.594866419072286,8.592485287536578,1468.1102540830677,3193.793781035738,111.42353550525569,0,Normal
50.837142546084586,2.7669827758716297,8.839626592850106,1421.5145195315483,3469.8439609441884,117.20616419667707,0,Normal
92.77112116984912,6.730406535497693,8.228231063456102,1450.1501380190273,9576.398144424636,123.0906674864441,1,Bearing Failure
89.14486325577438,4.726280875410757,9.140039388516868,1189.241988218019,8103.451861150911,99.69199521205115,1,Shaft Misalignment
89.05308962123118,6.670703458838606,4.5,1500.94660088918,6529.727303012978,69.81517114867907,1,Cavitation
83.34090145492085,6.330976310780633,6.842329935874787,1449.3495796164855,9131.33785348745,94.79830583694589,1,Bearing Failure
72.24164069355419,2.711247732224161,8.410486017057247,1418.5982373048992,2805.1557508217097,113.3397496991939,0,Normal
83.50662553228327,6.872985641342569,5.580909440401325,1380.982582313303,8161.994812976144,74.67988958562744,1,Cavitation
82.60423296735885,7.333171370420908,7.593646725947394,1134.1210807295336,5031.482595027524,107.0262159585595,1,Shaft Misalignment
65.7692711443675,2.08527253732533,8.405791576545637,1466.6265349015443,6608.873177187611,113.43306186072164,0,Normal
75.37124791125433,3.555667519457737,6.396886829131791,1387.2682757508064,8970.187350036213,82.10940172634645,1,Cavitation
96.79212824517171,7.549197937810763,7.864932207280163,1373.7995939325467,7280.043956988254,115.8663354184153,1,Bearing Failure
93.12247574539097,9.475457527157875,7.564673167528799,1405.97620849825,7376.3288076938325,112.68997266401031,1,Bearing Failure
83.20832792536666,6.996701612242392,8.07558586901953,1743.5376620773893,4097.305577166316,103.6829974614009,1,Shaft Misalignment
82.33436645077343,6.5392804508806766,5.546133348385122,1357.029333702687,5432.830057982511,70.3297723505058,1,Cavitation
70.29914178341902,1.9891853797870787,8.855796769012256,1438.9360768161027,1561.981750481488,119.89322828184015,0,Normal
82.08874072827543,7.9557276144960465,8.11823202470038,1458.212177076507,6022.700451410835,108.8937579987486,1,Bearing Failure
75.08707124499115,6.4855939200440025,5.364244702833421,1524.3844223201756,3903.6016405655564,82.49368822334755,1,Cavitation
78.87103044930788,6.752311368638528,5.896289751069686,1495.2153465631304,6218.671232109212,74.07750825293368,1,Cavitation
65.09535700376857,2.480466343467149,7.424473658639057,1401.3096185236102,1447.876697272752,123.26133948195476,0,Normal
65.1518933820648,3.1668256533935537,9.203605510739198,1473.2925154209793,3265.3294026183053,118.31451089837027,0,Normal
74.91953445326136,6.62147311217226,7.592934404896907,1799.609895701909,9210.523040309676,91.76742643231452,1,Shaft Misalignment
69.9237286332686,6.170447050412966,6.355248639545788,1386.5173866949349,3944.485203553066,86.90149950092406,1,Cavitation
79.44348454635956,6.196077352384627,7.363243581916874,1765.6517992323131,4771.474888994857,108.85410176932048,1,Shaft Misalignment
62.669547978824454,3.278338212107073,8.103866007018143,1430.582074640793,4509.5240332934945,119.95250858824956,0,Normal
68.34522371235266,1.005830974974203,8.166760036518259,1419.3738685901849,4030.240263649582,117.74272371210029,0,Normal
72.88339282458041,6.546720120264972,7.5103015049951045,1184.1844909988442,5668.344603172429,101.51078273558987,1,Shaft Misalignment
71.81912586800188,2.5037539245824427,8.012656840641212,1530.0527182746464,3468.0884294824205,121.5701787075269,0,Normal
95.32854156035171,6.792168721766065,7.4049060580976676,1463.8580397217092,9408.946099903644,109.70013661246661,1,Bearing Failure
57.6864133228635,2.5517998112722977,8.13784621810806,1489.8632518109848,4272.665150656822,115.73854954468504,0,Normal
72.94740786167166,5.23272331162727,8.578301931228362,1196.0826329795793,8621.988279619252,102.20649752943078,1,Shaft Misalignment
68.06138494403373,2.9212302903160094,9.342583566023904,1459.0937945884634,4967.04969319571,114.68455043972534,0,Normal
80.72330729799808,5.964337346378165,6.037587578447043,1489.5195805093,7907.326452772496,93.6650529224142,1,Cavitation
81.78662330963222,6.4935160352028785,5.7310184506284205,1438.3451539481425,4513.517003131023,82.38501062981832,1,Cavitation
79.01984723849561,7.201823040543344,8.445835655302089,1696.2437360777699,5270.171975714035,112.15236583891233,1,Shaft Misalignment
93.29244889173688,7.2764889409843105,10.17236908403541,1435.7943359929004,9825.992499108394,109.78847573217735,1,Bearing Failure
79.04522637996405,6.498685345802033,7.354467766197861,1392.7229138829964,7378.023573576253,110.18218950445412,1,Bearing Failure
70.56442126506049,2.6386092487457438,8.038421128596157,1429.114743202112,2632.5149163315823,102.96080441274194,0,Normal
63.51025317593388,2.7719331413697383,9.237241003689128,1466.3444299025566,2377.3912944774565,125.26841281603208,0,Normal
61.04294662811209,2.1262571063119684,8.257152296814422,1374.1810969349217,6030.1959590774895,124.14810266882124,0,Normal
72.12817506834197,6.739380890742838,8.295059553009523,1155.0781009413363,7765.833109106508,75.7294015749143,1,Shaft Misalignment
70.28020803229278,1.5942690265180273,8.61526683360567,1419.012637693446,2289.7415258998867,120.30087557042991,0,Normal
87.84915641472482,7.760208993958794,7.790716026446818,1426.464318578542,7073.392268994198,83.9769460865506,1,Bearing Failure
67.54544665528773,2.519380840622525,8.609541657681612,1482.419449905171,752.8725404601338,113.79696796690756,0,Normal
71.84442292654967,1.954378196418267,9.297989867518632,1487.2014878889313,6535.046240568519,111.611420254014,0,Normal
67.46323984762346,2.4377722486046554,8.428828717926692,1453.3421434097606,1850.7251842629062,109.20836156525894,0,Normal
60.69998762438849,2.450718001867572,8.993380808741412,1432.3409677874836,2707.2054732341408,127.14677810086516,0,Normal
75.60036763737439,8.281091995286207,7.792224327582514,1194.9684480515089,5266.720145698831,95.33965035422045,1,Shaft Misalignment
100.14834652489606,7.237967453013685,8.133786001826122,1465.131319497546,8779.030066857491,95.0435759275584,1,Bearing Failure
77.53001490641905,5.984530726916141,7.663886401764869,1181.5070330657588,7369.676913567137,102.26847753480098,1,Shaft Misalignment
83.7862545697734,10.0,8.402379519066939,1432.99227728045,6361.945167398211,101.84432307465478,1,Bearing Failure
67.08138415476115,2.0583266233658013,8.571240336530044,1481.3310221245015,1709.7945894369143,117.0066113215725,0,Normal
65.0175241583431,2.3678907315751587,8.865124876866474,1435.1488268190367,5581.194728921738,113.54792296779534,0,Normal
54.58764011648664,3.3120610377446504,7.384934873542694,1439.4468707839746,2615.8668806032238,122.60463624699807,0,Normal
95.80970118275492,7.078467385975031,7.869017126552933,1474.7743654282256,8209.720667885835,93.85356530646855,1,Bearing Failure
84.64543256737036,7.8374010703246615,6.759771654677674,1295.7317888136754,6352.566924412461,81.60632680186833,1,Bearing Failure
67.06877101473694,2.6454701083814918,8.534103391301418,1482.7196839702935,3824.804370976652,121.44073231048868,0,Normal
80.31750517950046,7.684645856993256,6.976156232970683,1467.6325727110088,6990.747513786405,68.80462830031588,1,Bearing Failure
61.392796250848974,2.721349077297517,8.531553560746012,1396.714841814764,3773.96573201577,123.18586227753818,0,Normal
70.87727006169567,1.5366199581623274,8.461975546151479,1419.5895040118608,5226.901972121175,126.95809646541034,0,Normal
57.358292089185596,2.8355169944252,7.942109821587013,1494.3691014373683,5986.511773484527,113.48822563287591,0,Normal
73.68883215308573,5.564289167615263,5.783562757423783,1452.0153849665123,3449.6640761909807,85.15944049252448,1,Cavitation
87.34374298148018,7.266824702159637,8.49074084395436,1406.1038880327196,8095.172273936027,100.75386582993362,1,Bearing Failure
82.61778174206677,6.751069560976945,7.436249682344943,1143.3945612655814,4951.840720603877,99.43265487675231,1,Shaft Misalignment
60.178999642883774,3.148033635483586,8.971394257070038,1469.4922094817998,4707.723873425092,128.57543892169437,0,Normal
61.48770733838057,1.1231872710193123,8.669637355752252,1502.748253988599,742.1718694706976,119.32450570915574,0,Normal
61.13583134555518,2.431602068296224,8.33000813882424,1528.1177821599804,1103.5865741328882,120.52387887565769,0,Normal
58.50455482537265,2.5523610032780852,8.301038494596288,1441.3284872841857,680.8039713852671,103.35917240421466,0,Normal
93.00557654733723,8.02184837202588,8.130602106992622,1436.33537615541,7925.104602046467,83.08021343720118,1,Bearing Failure
68.71969191761819,1.761743324051674,8.893041362345375,1388.1307004845216,3778.1894694550756,114.32871420007528,0,Normal
72.9178589000701,5.793941011238717,7.438746961764629,1780.15886216258,5178.194336841404,104.52652920244209,1,Shaft Misalignment
71.07779040629377,6.43170578532148,5.684295999173371,1496.514585464481,4794.486511527405,77.09098452384616,1,Cavitation
77.82777556979786,5.162153628184052,6.843331160482021,1177.8201982774592,8502.382179672531,107.16394874247949,1,Shaft Misalignment
72.69243432372545,6.384750533766804,6.977355698872046,1420.73965515482,3640.420092087585,71.87610836691142,1,Cavitation
58.85764366639209,2.5332669971234894,7.80912523179476,1439.650523926848,5935.210354048873,115.84372482908353,0,Normal
83.1892653522937,7.862184322104694,7.6325752040544605,1504.248975691095,6163.361771799953,120.69685680977757,1,Bearing Failure
70.4573787440589,3.156955493179373,8.322984115881672,1476.615718802233,2450.5987097597276,113.23447344188041,0,Normal
60.58140429654468,2.036182174238378,8.064636114178128,1478.983671148925,2170.189946805054,123.58788363357152,0,Normal
61.04700389434365,2.5514086669843627,8.257324344607214,1439.932420369238,6086.9360372348665,126.85332095895525,0,Normal
64.27264200228142,3.05793786677777,8.841564622530012,1427.8891994709347,2419.041210756648,106.65350916651727,0,Normal
76.23970010355379,7.412530326971954,7.018294502920543,1289.8191780001528,7700.598054097522,99.04045322977521,1,Bearing Failure
68.91297563342613,1.631150075113606,9.342018813715665,1432.7874190099603,3655.5689765582674,137.8323497961905,0,Normal
65.0716020110243,2.1969343507530947,8.468615287753295,1415.9165246351884,6564.142729606937,116.87289386262088,0,Normal
59.43467949406411,2.7598383680447913,8.406781792089223,1430.8258422937565,2002.4122230640098,121.55305721604515,0,Normal
67.28734343044005,2.0543320175600455,8.025456985857438,1434.9810955119024,5235.888011008265,114.6768178854554,0,Normal
67.32036203214446,2.4052920662732094,8.112937515524239,1430.671436376686,6951.652731325451,128.52492207766647,0,Normal
73.91147631924972,2.7587522634406483,8.456006966294302,1491.8391141742686,2016.842405523943,127.37837110920789,0,Normal
66.05990298159671,2.780249644905515,8.30789441520232,1530.6023830332997,2948.5321854078184,111.84663502958477,0,Normal
77.16523189301974,6.313238249000712,5.83296555428945,1317.2458991060255,6132.502854973659,82.83238127502844,1,Cavitation
79.98025305346563,7.024146469587988,5.233163809674369,1473.027513392382,4214.968091463142,87.83922108174589,1,Cavitation
88.48892919171614,6.20229840725349,7.109012671435229,1419.1878816770854,6345.546967095908,111.11083327594552,1,Bearing Failure
56.93883100445032,3.2359876790314708,8.829274276865222,1497.7717828088025,2023.6094492042826,122.91336050513928,0,Normal
64.38553636228559,5.522927853858599,7.830133477001014,1309.0145949345388,7074.837082708884,98.10344495099056,1,Shaft Misalignment
80.50107796246381,7.234762459529798,8.023603338430737,1466.1156148626578,8749.74744376347,98.50689624629611,1,Bearing Failure
80.55572607602231,6.390192610605403,6.3620479473508125,1395.8201727663732,6291.830350173463,86.30708829727706,1,Cavitation
91.86183824519868,6.119567917756854,7.877257509539066,1439.4034293902168,6849.947592923313,112.92739689327577,1,Bearing Failure
59.47684503790756,2.9005053534890433,8.18783901170085,1460.7899574996768,1456.8159971364087,126.58836895873578,0,Normal
68.29148612601973,2.283670584296788,7.39182552198703,1515.3456396161432,4102.395649572738,128.10701697316563,0,Normal
85.59551801179784,6.237209201275658,5.587319264867237,1532.9217953504744,8392.86655816453,86.3847418307854,1,Cavitation
93.74340284649212,6.917113278623965,8.272539675953816,1499.5749653603693,6187.8576896306695,120.15444808352248,1,Bearing Failure
59.72507176531564,2.1477829562244484,8.574834455462346,1490.966493064275,3083.3725271716157,125.55308754697411,0,Normal
71.79838368250975,2.343288808721204,8.808794952350675,1469.4333769764876,4005.8037040448266,113.60710460351491,0,Normal
66.9881875088814,2.2223580112021972,8.34647582953745,1495.7426417971444,5288.876435935978,120.85195184232073,0,Normal
68.47843355538062,2.5756394307042987,9.050537193446551,1553.51321991042,2636.601557834385,120.66115631892535,0,Normal
75.66342309566538,5.449548127310788,6.491068997423337,1509.403093812553,5231.283027531547,79.21755023840868,1,Cavitation
83.1560235824716,10.0,7.999542848259121,1506.9055462430902,7086.066310932286,112.27462194532092,1,Bearing Failure
72.99413414126306,6.85835123300539,6.237828181614118,1406.6996645508686,5158.580770180359,74.40767845814015,1,Cavitation
76.55211057753162,5.670856514556595,8.015165788192494,1800.0,4159.42811551567,117.01966634518293,1,Shaft Misalignment
87.47830480468933,7.631287106358727,8.02644641985825,1697.8140398534977,4380.0548278196675,87.59773418799676,1,Shaft Misalignment
64.78316950225832,2.3400585931771927,8.652357375875141,1438.9884120182674,5375.243994014292,116.71870221735043,0,Normal
69.09686634069703,2.7543336894663915,8.01710868356802,1428.457053068135,2055.903936223301,107.78367151343635,0,Normal
72.62824052555314,5.3167669572223115,6.170904370738884,1465.0075475618087,7954.028675876868,76.84139237120331,1,Cavitation
72.89634062853689,6.074071566146328,5.369071109035209,1448.2640039435753,4070.7617391215126,75.60205612898186,1,Cavitation
63.09964016553773,2.8650878087838922,8.470386915664614,1447.068484839857,693.575117585986,120.57917318254638,0,Normal
93.99157065664204,7.144170921106952,8.378333337213395,1449.884982752202,8014.486124354927,96.53395157611743,1,Bearing Failure
65.68295758699196,2.637737568913577,9.213975951126542,1469.0501104034888,3287.5533484931498,114.72780938672264,0,Normal
66.67017564478246,2.8093685804712574,7.675971498300641,1505.8745557220923,4499.524146978355,123.76730450846361,0,Normal
78.9189102037921,8.004698609344382,5.929706230368878,1522.631766673835,3666.461787304683,82.73936805909845,1,Cavitation
58.420571288368805,2.3157650086547727,9.100379480768453,1474.0047580318644,4850.243896380427,116.8382799857276,0,Normal
73.65083349719968,6.5540516628460015,8.087884010655804,1612.0829041555435,5941.5261303451,98.6942183768368,1,Shaft Misalignment
99.3426441109347,7.549308331520223,8.538187773178228,1413.5064095533144,7211.100513087868,108.63115627744523,1,Bearing Failure
63.31047336818885,0.8736600270524376,10.345812250598902,1455.6945316636372,1962.1590144834493,99.00339602041639,0,Normal
67.33904603054386,5.388221700865558,7.323534634345552,1743.6572726633894,4002.2565919154617,97.97088561960433,1,Shaft Misalignment
65.43348849707198,2.7134013691379377,8.595788698097044,1470.2496395722371,1748.1518993862396,131.57844559513444,0,Normal
66.65519451408606,2.0143919891230717,7.9871383025126965,1367.4053888926544,4885.380948150551,129.7744374798136,0,Normal
71.78432103985814,4.962805302233152,5.593324851619773,1511.3580088128379,3177.5051018280833,60.98152367060283,1,Cavitation
68.15709303136204,2.9794408438853797,8.503065725217613,1427.674669613702,6884.719648812026,127.95502984793637,0,Normal
71.66721884383477,6.874169871896499,7.2198114574039565,1467.801623356357,8658.648406320794,79.39318206404631,1,Cavitation
74.76245267557721,7.394910556026825,6.857589580481508,1134.7526083530968,5570.6878893125,104.53738782733657,1,Shaft Misalignment
75.73819050193458,5.037856471140685,5.604762501528055,1516.549927456485,3908.047552149198,75.02348539734939,1,Cavitation
81.90502102131529,5.267958733239168,7.995183346899626,1761.0623897138364,9341.070591940375,98.59730294663515,1,Shaft Misalignment
56.57025399465375,1.610038605730933,8.44650861402276,1399.4306407262245,4749.15723915909,129.7810022102074,0,Normal
68.75766710576663,1.402057683301963,8.6150826610036,1429.8161776500383,2138.3045878684584,123.44536095480561,0,Normal
73.92514895806721,2.1295082133519943,8.525776108716382,1441.923455988757,2840.990154458073,121.7713364937941,0,Normal
104.16146321455946,6.140099544770618,7.268431432317442,1534.2698366856762,6671.015823462145,89.43536508165637,1,Bearing Failure
66.69387411949805,2.4789714326067918,9.069754542601915,1469.1610748531848,4946.7817595882125,112.37004173191181,0,Normal
89.21965732634477,8.197182620792853,7.224971711082768,1465.6393692823121,8184.36530118557,118.175408190174,1,Bearing Failure
56.32491812046927,1.3831824942130193,8.92501284907639,1408.7817387289685,3588.08421243134,115.5080459341668,0,Normal
72.16511804497861,6.954164514190924,5.611612265131072,1376.2524660144832,7066.4195974847,82.5611785971757,1,Cavitation
71.7112839143009,2.102657152800626,8.098343570796441,1429.00392148524,2672.025218006353,124.57286968645693,0,Normal
64.27338357595616,2.5781889702187226,7.927921570428337,1392.4370097900712,1043.0729017405556,126.08698944757442,0,Normal
96.60330680917762,6.804319255833485,8.370509953760568,1531.3664028526196,6090.74736872979,106.98895672349175,1,Bearing Failure
91.62719766460573,8.592500804255979,7.356913947355958,1515.7561688564545,7053.103302732946,92.17788096971033,1,Bearing Failure
64.148564371291,1.2995872721478854,8.25458790851132,1485.8176356379329,2947.491925265759,114.49265378968427,0,Normal
55.56453237901079,2.4228184469022764,9.02084827876049,1402.5726483502435,3768.689625350643,125.97631141394909,0,Normal
70.64116713078938,2.073458027341333,9.026867658824466,1483.0985920499804,6888.2165080826235,122.7087554649269,0,Normal
77.76285692301106,6.860198136333216,6.726182952061477,1237.1027296176123,6741.241484922627,99.72402657420949,1,Shaft Misalignment
80.65632835324,6.318845708934863,9.241154604150074,1686.4786705815036,4775.665414066188,103.2378759089976,1,Shaft Misalignment
76.27664085872522,5.15163346357691,5.508328533560756,1455.1482621232306,7131.597124052972,72.98799827165338,1,Cavitation
67.57070495380361,3.250947629609618,8.271882997695753,1385.528597460512,1843.77948667023,121.25574901639008,0,Normal
69.44090311568422,2.5244520016411798,8.539424228424986,1468.0544287614543,1171.7662089110397,135.18844359097582,0,Normal
74.95247204128161,5.093435756720266,7.768874997660869,1772.1003497180134,5884.494653954941,106.69996041472174,1,Shaft Misalignment
55.97183354188728,2.039558036699322,8.686667769351637,1495.5755343362632,2038.9285248988951,115.59605506950305,0,Normal
57.9849946648623,1.2592244275883455,7.937490466709679,1498.3635084589102,798.4803645932097,128.761852447427,0,Normal
90.14371348035414,7.455370777950184,7.13791649774175,1531.6274616872402,6584.39033781268,112.47534971845478,1,Bearing Failure
62.786414652339126,2.6431348423837284,8.530671832120431,1437.5147452983485,6110.370756400548,108.99219851747362,0,Normal
66.40959010375525,2.9132276467328615,8.804868861668352,1506.762576534301,5639.286919296471,104.40327861819173,0,Normal
99.25956080073279,7.583119016328193,7.557260587656088,1385.78917013557,7675.905005279306,104.68238676709812,1,Bearing Failure
86.7479897726772,7.187331554267643,8.60052917770394,1483.2141718640676,9428.116113322312,96.78515143376325,1,Bearing Failure
68.40681163287653,1.807784631196085,8.877366649033904,1457.9769594394706,1516.3539206916878,123.37686874791925,0,Normal
65.70233487867428,1.8252869922316628,8.540562291709252,1416.0233012113479,1824.6599294494908,121.20972977070038,0,Normal
64.72237812321387,7.713772278630826,8.379713492704907,1256.466532684585,6820.096086280412,109.52941593137818,1,Shaft Misalignment
64.12613434940704,2.001600404364068,8.523423036197523,1479.8910433548883,1149.305036494112,104.49621348409318,0,Normal
68.65954953086184,3.119534087412158,9.281950072449767,1403.037034735641,6922.09075342524,113.6906245507891,0,Normal
53.10619036370649,3.3824574845924302,8.547646559580118,1512.2284791166499,4463.020458442397,127.81810696242498,0,Normal
68.14403075392354,2.41100073621928,6.939875226550771,1489.8474668438123,4870.82361275523,113.14969501071775,0,Normal
86.7314418128985,3.705149561597758,7.798168808792542,1168.6736103218298,7121.061134234453,110.26004670430768,1,Shaft Misalignment
65.57645088491724,3.0325170832975608,7.740450138667471,1456.725154635624,6410.8549154377815,103.2082101772796,0,Normal
75.18557629233709,8.162913654987443,7.390550046323334,1182.7371977269186,8366.822493239997,98.98005853116055,1,Shaft Misalignment
68.17126438235712,1.741211636628093,8.962148466154057,1397.9715279763207,1867.610990658136,117.5671990894468,0,Normal
58.63958822848079,1.2345645381874724,8.883254000419823,1434.17080905156,1498.6280388138885,126.56157796301042,0,Normal
76.27563725963986,5.263389066492482,5.779003074385699,1393.9682982398153,7857.358940860544,67.23194182709322,1,Cavitation
94.95521914881942,7.18809802648075,8.180014060919113,1470.630653666728,9282.996097645157,88.56493715511773,1,Bearing Failure
87.74028637072234,7.9633086711886145,8.483332454386133,1469.19590152827,9613.607420502933,110.28196723667313,1,Bearing Failure
74.84671947323781,7.163193518961377,5.517088244823161,1425.731647794454,3000.9464674683404,73.28067683000053,1,Cavitation
57.3937018016087,2.0569449964336814,8.83445943817186,1426.1495646182018,4648.509601341316,108.21434696099787,0,Normal
87.29183577014422,6.820216577948829,8.854906461979603,1186.6979190290117,6017.13642034267,101.89609008622435,1,Shaft Misalignment
73.45842815395076,5.221508434881652,6.339638846373263,1447.447279361997,4939.752604883983,93.19348256669495,1,Cavitation
94.15080762734549,6.595408786286926,8.652980092864539,1408.2612729927882,9901.329720426316,95.59064047357114,1,Bearing Failure
73.64314538191609,6.6768376152853115,7.629766097931479,1731.5152084878184,5553.506233720185,108.81448700963702,1,Shaft Misalignment
62.34061124855336,2.8005503974515147,8.008837863861611,1514.2142384944723,1072.0391788244397,129.79149075390313,0,Normal
76.27923458557038,7.259514887486108,7.795768957419024,1625.6234048495937,6893.517072883481,99.03582481406681,1,Shaft Misalignment
67.88596658593863,1.7625892380680885,8.774714753717882,1423.5988740435703,2702.2076045262343,117.60387969962018,0,Normal
93.84235738511421,7.798797780321762,7.458580909176599,1563.9240988813144,9277.71141468146,86.9668274631128,1,Bearing Failure
85.69221920757259,6.150827895856484,8.717042341390076,1409.7101491631508,6200.505729283264,99.20950273518864,1,Bearing Failure
70.92503491791508,3.136905494305507,9.004207984971496,1453.762793647661,2138.095768913841,130.44378352456542,0,Normal
92.73839274779205,6.828619556355047,9.169065730408162,1494.096158455259,8431.295088565552,95.91658748292015,1,Bearing Failure
77.29730649910205,6.209630083918286,6.065233745226299,1427.490978863415,7188.148264557013,78.45197073134787,1,Cavitation
75.5090321861313,5.604196165838366,5.590370026314504,1457.7390602004887,8867.213308765005,69.98289297528119,1,Cavitation
92.62469888788753,8.172726977756689,7.3540760055049414,1449.8615592760916,7525.455900726266,116.33185414072507,1,Bearing Failure
55.37772701568524,2.518647710942357,7.60042208798377,1452.0201956194514,6870.080441455674,133.5558302702215,0,Normal
69.41580377032898,6.605183659563924,7.213542758231586,1705.2227599370492,5692.006844550493,89.57554916484273,1,Shaft Misalignment
89.81892297025765,6.864738615441391,7.47523313433786,1429.9568150765892,8358.337151013402,92.01258313389509,1,Bearing Failure
71.20482799369266,2.6918938375684394,9.269423645234673,1486.450491321513,1197.7443925914138,113.13844265653935,0,Normal
70.98075110763064,3.3785207635141523,9.09237194935334,1469.6974935661667,3311.669245244804,122.31864033496569,0,Normal
63.465029770582994,2.8508352082215644,7.953940045138802,1391.0741649341387,3064.5930595586947,121.86571648198678,0,Normal
90.37919847567706,7.8758271045073025,6.6934026220187235,1400.0562275000043,9029.035100578081,96.23710965439071,1,Bearing Failure
73.60552048301601,2.0210426750565236,8.080161376911907,1409.028695356164,2694.7621357410035,117.29609659771295,0,Normal
61.83335039234882,2.1298868001378537,8.923361169385421,1489.3862319255045,5243.280749469568,126.27058724597327,0,Normal
75.27599621265044,8.04870825769885,4.987253864900083,1422.1610613578316,6691.289379581483,78.26111069352697,1,Cavitation
63.84288082114197,2.4015656750742966,8.37736266561729,1439.656991717167,1784.8773484033181,134.84907039524109,0,Normal
58.165304207089456,2.5034327686594735,8.61870597450547,1409.8356237117553,3791.446109804454,111.26482894366248,0,Normal
89.2000674396668,8.418617605389743,7.4137606922827,1532.5444232125699,7984.952716867758,114.2963718302185,1,Bearing Failure
63.22090582330894,3.0252969299570327,8.344801757522466,1353.8704083607474,3870.367861963134,123.5489344051311,0,Normal
81.25321804145429,6.162122224526193,8.001562135513682,1161.5436363463753,5431.162523646645,102.59699194851753,1,Shaft Misalignment
86.18315657306067,6.7023929538495794,7.675205793535374,1476.7492946725893,9530.749003929746,111.76248177234615,1,Bearing Failure
57.92114493472088,3.280609397592826,7.693845132010292,1485.4455261397652,6413.853665408392,121.33310316249471,0,Normal
66.7739053496576,2.4516940786332917,8.488523410090554,1455.0300224012462,1467.0958929445894,101.76168141628854,0,Normal
61.861225066212555,2.289595963804842,8.25618046325071,1423.672989034516,4099.4129361963405,136.79072984281953,0,Normal
67.00069449856605,3.025374531872297,8.66403143536799,1456.352157252142,6625.423664766346,117.85416051728171,0,Normal
83.0421409436133,8.536156186358841,7.412322534029531,1780.848443134066,6380.2189493950655,126.8849898609599,1,Shaft Misalignment
64.77540230922783,1.7084829683393203,7.5342738554518895,1404.8414693946734,1595.9109930440907,139.1440983581343,0,Normal
73.84233039000515,6.630011019143605,8.993343758674737,1339.0890268087765,7414.5099803619305,109.48899786147531,1,Bearing Failure
68.36736398079115,2.3518490035063273,7.537011090777449,1521.4895985841868,4552.306657381846,116.52807630227234,0,Normal
84.00238147994202,5.783235347284439,6.775743290411958,1154.4178072542709,7049.406670716455,114.53310309766012,1,Shaft Misalignment
69.07233366374253,1.9434938891740843,8.607214465206223,1443.1205401836728,5761.575862500324,119.80696711636021,0,Normal
79.27428051614093,7.380806853484222,8.125600664906454,1244.2879518255284,5856.518472051789,108.08128336536505,1,Shaft Misalignment
58.530719189666975,2.9114069662734816,8.672727255593779,1488.0656024929847,1923.2538124213602,129.60418473562737,0,Normal
57.67588069614421,2.6765915494212194,8.91431431056843,1524.5660044284796,3726.9946210020057,134.18677178216603,0,Normal
89.36306937832987,6.346109165480183,7.931108737983628,1442.125285579352,6938.708096047536,99.10839561069336,1,Bearing Failure
84.55831942728886,7.1994974507251515,6.484676683788884,1465.4216190464801,4922.561740781872,88.30716394575559,1,Cavitation
62.01217527939341,2.757866993148655,8.189417999003327,1542.8462020795478,6330.2280368002075,125.54185900370975,0,Normal
86.89127974751165,5.710728051451161,8.182627960239984,1445.509854059602,8360.434208374247,95.85538008528778,1,Bearing Failure
91.13939471325627,6.821361007332413,8.56396858222665,1440.140743784152,8576.63714317359,97.57837152728756,1,Bearing Failure
70.12703285375643,2.028450662314295,7.9300343640320525,1482.7152786682989,4322.364437703263,124.59331366691082,0,Normal
66.58426169366645,2.476067948579739,8.72047200996131,1458.3290744861426,2975.28176643757,117.4722209170855,0,Normal
72.21289086126221,3.437733891806906,8.429170401148896,1459.5054561204297,2057.3195202112165,133.25608587140346,0,Normal
78.7412988711331,6.496710508904306,8.003301172642104,1451.5389729513458,8842.876293077645,120.56656567654578,1,Bearing Failure
76.91065252198317,7.998871735939715,6.813869846574029,1441.743853888908,8119.708791403212,71.38787863003155,1,Cavitation
61.74953122345672,2.2288383171964057,8.198281082755695,1511.1511534284123,907.5216527614965,121.27816108889505,0,Normal
91.88332364055618,6.187508652160366,8.365025754591304,1720.2440620309296,5382.254327444734,102.3568770832375,1,Shaft Misalignment
70.95463242130583,7.492274729439871,7.1404075717035855,1733.6544429264945,6022.989380945698,91.64853388339141,1,Shaft Misalignment
60.48809256650815,3.1903039453393274,9.307559782039855,1467.5731376862109,5105.651467858881,106.91450865184105,0,Normal
79.62609768144333,6.879717426853014,7.71495465303797,1180.877891879164,5750.384793090144,100.28189478463646,1,Shaft Misalignment
93.78072805139384,8.121930366026621,8.216214895084107,1477.614724916853,9377.959560509174,92.08819465828687,1,Bearing Failure
89.22938725144502,7.099883273553469,5.75291260763535,1451.9799409026068,7240.126250763261,87.59077500493399,1,Cavitation
65.94470793584664,6.282031615039271,7.5487645082450685,1800.0,5021.4665202553215,116.0566072778317,1,Shaft Misalignment
77.15390568906184,6.976265017256556,8.023554970974873,1199.0960835001506,5054.1541285869425,103.515773528408,1,Shaft Misalignment
70.1469880906766,2.2170551779860785,8.86115274189137,1458.2838472136946,3514.256283553585,119.19443301746259,0,Normal
67.47392717665049,2.580065967426388,8.33634798436281,1449.9114916016097,5353.854021331863,106.63764795395319,0,Normal
60.588053484606895,2.8298018880928297,8.539894215716162,1463.0740962504374,1568.2139079837405,135.14761858259615,0,Normal
80.72421057525379,8.216845930552196,7.273238488655655,1218.7948774495733,9070.602188467034,102.74012650488712,1,Shaft Misalignment
78.35595995863599,6.711414969204639,5.802490651969794,1358.71824564915,3040.769564394856,91.71827946932767,1,Cavitation
65.28257777241845,2.165332912092354,9.165028299106025,1414.5033832921267,3373.674350350563,109.68259121631155,0,Normal
64.62588276793919,1.2063389451109925,8.696389096366016,1464.7868861863496,5212.1063639679605,126.64404150906793,0,Normal
63.893832496124375,5.93573487157039,4.918374534004032,1404.390336439694,4274.510652147241,86.57924869197461,1,Cavitation
90.33029306143116,7.450639333290155,8.987406279141258,1407.4516074019423,6121.611604314597,109.02164556572795,1,Bearing Failure
64.97868599818736,5.584916249389133,7.621350939983592,1742.5317169963403,5732.8623139350275,88.48316511509005,1,Shaft Misalignment
73.06798487931056,6.1121061750657795,8.25857640271396,1660.79011016817,7006.058798469583,116.94406323420924,1,Shaft Misalignment
76.45601377569017,5.636426705084971,5.707983800400498,1325.6088971218835,8283.903464787467,86.1582122175063,1,Cavitation
81.85737391070461,5.015544503535903,5.5743647345352345,1482.725287636157,3022.9817430019352,78.74527023934122,1,Cavitation
89.68824480361151,8.127352388544367,8.043117098760874,1519.0658407269293,8614.242902180771,109.55391944102519,1,Bearing Failure
68.4083032569872,3.9282326476986937,9.06283996606173,1459.7241223331366,1508.1127605946117,113.08510798059399,0,Normal
72.5243176132702,7.886350313427398,8.18327605415295,1471.229556114443,8589.792889470096,84.24451505293054,1,Bearing Failure
72.84188377623833,3.054504609786229,8.648459903455066,1524.4956787281515,6693.890752826183,127.4995801212123,0,Normal
64.43420752771958,2.166836147192097,8.006238518786503,1479.6527926763165,5669.365791181946,129.5703803507451,0,Normal
64.74747966295463,6.035949373736679,7.670756604463328,1185.43924529304,5361.59136787721,94.31562514154172,1,Shaft Misalignment
92.45466543188174,8.26010803081469,7.790206084530502,1481.518447750129,6398.923889375529,87.5362752037632,1,Bearing Failure
69.1412181502692,6.956502335167795,7.824607741966916,1625.3618911204974,6160.614920647713,108.1149085879779,1,Shaft Misalignment
70.92149715578363,2.6540315036774444,8.169032410041286,1465.9601903697542,4351.085209163497,118.32329787037666,0,Normal
68.81152232790153,1.6384440057539778,8.36462325422215,1450.9825173238428,2755.4423726382474,114.79608644334051,0,Normal
52.162820451305,2.2315822305032706,8.926007517454247,1512.5584534743882,607.3977436124228,113.35812293066172,0,Normal
78.16011611808511,6.473045272838001,5.850663588430234,1484.846531748138,3736.4359172658537,58.64979626344463,1,Cavitation
71.23398109204514,5.886407838298036,5.528289785111742,1513.1927969548194,3602.2049705703234,85.00970459417877,1,Cavitation
82.345960565229,7.112898009107812,9.084850990060154,1446.0505762171208,6604.6285236550675,104.19015885549769,1,Bearing Failure
95.70987828857301,7.344073902517092,6.9167282424078875,1421.1747868357904,9933.660461065712,94.30556013604443,1,Bearing Failure
59.93261843316229,2.241801134619833,8.340824431147572,1490.2625855198594,6882.481166838937,140.1516016551057,0,Normal
67.90111624826194,2.4376599205779104,8.516520869565726,1488.8817954841015,4691.039020661024,121.1915423699303,0,Normal
86.10904385681411,7.4259629937354035,7.262094022385988,1590.8221568767779,8607.559321940973,121.03869725443543,1,Bearing Failure
66.09284444436858,3.501284848780423,7.735706008868167,1512.2874652950702,6771.350315569611,125.46164518197519,0,Normal
66.14821527783899,1.709034224782035,8.749457200482206,1460.9784071045538,6245.469576822809,137.84654617448922,0,Normal
64.69530244107001,3.2059825291700466,9.231265191345722,1440.4180217246064,1105.4133087916978,122.74492223764875,0,Normal
67.70766248227723,2.037007243676833,8.239725441473292,1407.165708177935,4811.324139575819,133.6984618269354,0,Normal
62.41576558413086,2.8714197679531193,9.196019375793545,1454.4451750118606,2797.603588334462,109.73896454458448,0,Normal
74.68363020051542,5.340251358746034,6.291926171803073,1456.294326528833,3627.9638034473774,73.96928596889856,1,Cavitation
98.51363914050133,8.950760021086095,7.63231667036373,1308.720922744368,7362.146446294359,102.94154963621278,1,Bearing Failure
80.64001313100754,7.1602481318296185,5.896525401479058,1374.1024434078374,6375.137061627481,79.29590674924968,1,Cavitation
71.88062064070883,6.833303053340297,5.681674047318343,1422.1757614930611,6308.025256194456,71.07994799861287,1,Cavitation
65.76514896153581,3.5111344715221704,8.621594185468007,1476.7896250264912,1877.3276328108207,116.71863847815138,0,Normal
64.24964062905855,2.280298113090233,8.537914766392893,1508.7242507226479,3666.4390850634823,128.76349026143222,0,Normal
78.3633945413352,5.481645712439915,7.918044832712806,1199.4411860758655,7306.643810826167,107.95449932616162,1,Shaft Misalignment
72.28164235989793,2.319803892517456,8.75513815558456,1485.0940202695879,6325.668657065263,118.42575240898414,0,Normal
93.6792911663007,7.854818118178393,8.413253545680462,1470.705171160905,8650.40201152114,95.6800887471646,1,Bearing Failure
72.45280527889885,5.2972228340079965,6.273468590977603,1441.0100823747352,6439.954736104141,59.21275496955264,1,Cavitation
101.55570232163932,8.314825379788111,7.939803979048281,1465.8724369441702,9965.065994980174,116.6290257254414,1,Bearing Failure
56.75647639697855,3.234468339835864,8.482768462953517,1479.0994748896749,632.1313509463339,112.99181356434508,0,Normal
80.5671098912543,8.696104635507917,8.586984248419537,1492.382241835036,8946.626940875161,104.16255564618099,1,Bearing Failure
79.83996384071393,7.043518549364022,6.978030740746603,1174.7257316421112,6514.767231528008,110.09931241356796,1,Shaft Misalignment
79.09944076990898,7.1832271737128455,5.370593636039655,1448.512917292231,5017.940365622001,73.63111197809144,1,Cavitation
82.69678261300346,6.4370176220734185,5.478639203058643,1473.528572970015,3985.3241247574247,76.34124938771204,1,Cavitation
79.85675997602073,7.621394019970303,8.487533524917588,1759.7665135894276,5717.00769251831,97.07068703631165,1,Shaft Misalignment
92.76009594211635,7.918572885991154,8.251675160462508,1293.7391838871176,9911.414774007128,99.74541585793106,1,Bearing Failure
100.06894667553352,6.542193564866266,8.620088522992969,1530.1576333672363,6476.722876929453,115.79022640275376,1,Bearing Failure
76.6712344865647,2.7500286095553497,8.467958561715578,1385.9166796200223,1995.5901482602571,123.13561945280678,0,Normal
80.78057308322654,5.281804366212377,5.735974410635161,1371.289517719894,6392.397107908032,83.16118913117737,1,Cavitation
63.16035390927521,1.8347310523536937,8.765962660684426,1427.1085050962279,3204.4565310963203,119.72046799633094,0,Normal
81.46813148293927,4.975113042500687,5.5640986899418845,1500.747225718366,4613.468107188359,82.51646479101339,1,Cavitation
77.54841920373109,6.607891509216535,6.37888170936856,1487.688681916461,8876.552374991634,72.26188875324522,1,Cavitation
78.27633625694283,5.05012348798905,8.241712308147383,1196.8296019451031,5821.375853844123,100.17897482031076,1,Shaft Misalignment
75.47422279695269,7.664435555508354,5.783323458545163,1374.307498869927,3005.2903614487245,71.8828430586977,1,Cavitation
59.55962163642816,2.705179587953967,8.852407656445916,1436.3321915123217,2267.954345691555,126.36223725852567,0,Normal
63.17423693400893,1.995704208695985,8.843619225197644,1432.5684108150544,6844.458809207378,113.26840388696793,0,Normal
69.20358800384578,6.030233802717335,4.762202467561082,1427.7514898506436,5206.665558692494,64.11166352358885,1,Cavitation
70.66034169523921,2.960875427127031,8.91769693299265,1468.9429414932915,1948.8920178332592,104.56127653016668,0,Normal
84.99857144920158,9.470959168340643,7.480161484179727,1462.0900271288792,7175.117786201306,84.11445747336442,1,Bearing Failure
69.53841283095602,6.113206662142674,7.995284690720128,1255.4155374373775,5256.301512575647,94.99729477223212,1,Shaft Misalignment
70.29975084881188,1.7834880091528935,7.993677779278455,1372.5828016114478,3562.2173074854004,115.60672846588979,0,Normal
70.58191546162664,4.91354982585111,6.274992708693792,1534.6803353518287,8026.315458812261,82.39968260070424,1,Cavitation
92.90383722242996,8.454085102156627,8.85293615041018,1582.120835479577,6153.446219151899,101.43907951380945,1,Bearing Failure
86.19701566386756,7.69453705809944,8.10130370227492,1408.471753141931,9418.129478343146,109.57302099613251,1,Bearing Failure
74.20781677936384,5.683092951394298,6.5838251798937515,1399.2761254491847,8065.903448437941,87.44514585328358,1,Cavitation
70.0499314304843,5.174902700054476,5.823230636577095,1453.8942863490338,3063.4027366466576,90.35274130819236,1,Cavitation
53.901110262740744,1.6601910971603884,8.37531518741376,1403.4782939886159,3993.2101008987456,119.63150876700428,0,Normal
59.430778112994915,2.6359944157893964,8.43593579279011,1491.7217010734553,820.8012807945713,124.76665491608438,0,Normal
92.57079300371547,7.086678414551406,8.519840995739886,1515.7494901590503,7828.411970569974,87.53270633483908,1,Bearing Failure
70.94489260833868,2.099980607713908,8.362086151048036,1459.8472093535324,3004.6762087984484,114.84377351491455,0,Normal
66.54777823383576,2.8260037581994286,8.06973806600938,1447.1008912162386,870.1616665399134,114.87417109898684,0,Normal
63.51277622677884,3.7504427641914937,8.049350146189843,1488.8620684387386,4776.463989506,121.40316325737419,0,Normal
72.2582865075937,1.8444831029131397,7.835339359042484,1400.0524668935109,6939.879763456763,120.91844762587561,0,Normal
68.20355474289917,7.6505209030879735,5.713898917710369,1423.7585439280513,7630.682113709777,65.58912623282737,1,Cavitation
61.32920413814527,2.9692798085223657,7.858943094433468,1406.4831048562537,6388.708863370986,108.95478263911889,0,Normal
77.04422638462876,5.89336543377739,6.806559443489724,1137.355593708482,5863.269897552417,101.70955704757615,1,Shaft Misalignment
81.94721566758896,6.761348563373434,5.97150598010673,1454.4178995578036,4183.729852302411,78.42707417983218,1,Cavitation
82.19366948403591,6.4146602914640525,5.989101448487485,1729.6173483364905,5990.619816310047,100.78492602496691,1,Shaft Misalignment
53.654087724111555,3.0226146883218896,8.997893060142246,1433.7912626130133,5204.799511637326,122.235260370046,0,Normal
68.75999764291173,2.2261451604930995,9.245977470827858,1522.7993945791638,4784.3593249678415,123.52383837909774,0,Normal
85.31027641452806,6.816309514875749,8.139314778933912,1365.2450090473562,6932.019791910383,108.03016292474963,1,Bearing Failure
66.73305234832137,7.689942929147282,7.90982878368959,1196.12294789025,4325.05075722332,102.54316518608668,1,Shaft Misalignment
85.74255194770117,5.674787124454284,7.749123861880383,1100.0,6982.076046873405,115.38727899914912,1,Shaft Misalignment
76.66724777934522,6.144485996874995,5.650692618466342,1409.4174136834413,7009.271157344732,82.47651682311951,1,Cavitation
63.044751370104535,2.982646582554146,9.042107602070681,1450.250649596603,5575.2951020544215,111.09421554818351,0,Normal
63.48217837367043,2.451449597402387,6.914787132060972,1458.4240335719057,3770.9326965811238,116.09219135911712,0,Normal
86.39126374589291,7.0573325393567625,7.74144546675023,1463.7781189044294,7283.057656086801,120.42547211374117,1,Bearing Failure
69.31543893002623,1.762598283703332,8.974474111403548,1499.7120432823976,1497.4694087030534,132.94173660620626,0,Normal
66.52181279233831,1.6459045802761916,7.978118450866208,1421.5911467654023,3043.9589083417745,124.32109057475893,0,Normal
89.99178357139932,8.010098731207274,7.599189766311431,1459.9803319570394,8217.820911466557,117.36204978259596,1,Bearing Failure
88.35911776827811,7.3274487424851324,9.019752615763355,1372.9119249926428,7424.993012350335,116.8516303143934,1,Bearing Failure
84.8307159109013,6.789667509785108,8.274561472888196,1350.923114582576,7645.643727041862,98.13461246846231,1,Bearing Failure
89.53700330116787,6.297351734863856,9.506861363253323,1488.9723183694941,7468.232486122784,112.77410115757687,1,Bearing Failure
83.93759597754283,5.940774202044789,8.75315388589056,1727.2879319663828,8777.165976205995,103.78512894559589,1,Shaft Misalignment
57.99738804484644,3.3988301707219573,8.169272945024614,1489.4894895367702,1646.6493094541033,138.07545708078894,0,Normal
87.38123162589174,6.980974281081852,7.376310190632599,1489.4083497105687,8585.874081726199,93.94294524580401,1,Bearing Failure
100.052014049435,8.675224455567832,8.561273503140736,1360.2840363999146,9916.44867897921,120.58349960141977,1,Bearing Failure
82.96982871999515,6.287342867376687,8.547359774816343,1446.0753859842764,9605.547427242629,95.20747666995634,1,Bearing Failure
54.75242741905837,2.724120210047061,9.227717241957663,1426.3592617706627,4216.887012687491,123.52047943218516,0,Normal
66.5297952734528,6.47008902814651,5.991312062014529,1516.632759786139,8960.116941306918,74.86541610942851,1,Cavitation
74.72630945310507,6.978568565826214,6.877037813533647,1190.5508515111142,4544.928254860826,98.13721594381899,1,Shaft Misalignment
58.429778863981404,2.9712752770430324,8.72443827120412,1450.7509088536522,3932.497552690641,108.79952589420604,0,Normal
82.12513955834716,7.014164487763557,6.021710025343466,1517.8401080098463,4507.916107715967,78.58244903090085,1,Cavitation
63.789715806445635,2.004831850230935,8.111389475226625,1437.0026906259222,6234.529785492618,130.02521120681823,0,Normal
87.0055702912631,9.27115530556045,7.85171507556069,1548.1069472607567,6068.901309471704,126.7920511190877,1,Bearing Failure
66.48267915979383,2.857972309829067,8.648128918678736,1397.581064235501,6575.948128181418,111.43758067428284,0,Normal
62.206002139688295,2.7803513291096738,8.227851926842854,1429.8230926681133,2778.0563150665316,107.84085760304812,0,Normal
62.89348911807462,2.8437454850159556,9.127231841795837,1458.4719680176597,6173.162112767517,115.39190651009295,0,Normal
77.0943346345841,5.630378767619954,6.765321001231238,1501.3087983430187,4124.87598499152,79.37726935685153,1,Cavitation
62.2299223337665,3.2131595083206608,9.331206298911129,1500.5275649207213,1347.6252523722687,131.540732971563,0,Normal
90.5085485650396,6.825062143086502,8.346861566901428,1400.0195046496335,8769.021558383618,93.94826918980945,1,Bearing Failure
71.53904664679027,1.6395289614682735,8.724628878039436,1471.8871792381453,6365.805720291523,124.57992704361709,0,Normal
72.08679695040485,7.421890054815632,8.748390605252009,1655.3563133897735,6556.79844155655,103.30269512714479,1,Shaft Misalignment
75.07473266156045,8.296753465426491,8.307640079597036,1573.4687363761254,6187.985773172423,117.75280993218131,1,Shaft Misalignment
72.51473756582159,6.054694865374626,6.020709879946475,1492.650759412175,5718.817988870997,75.77504108506933,1,Cavitation
80.69464854414232,6.819672612576052,7.828762441871107,1677.9113546160563,6374.084694266786,95.800921554261,1,Shaft Misalignment
63.78830167370457,3.0200218292386705,8.522302542764118,1498.8848423664285,6104.355716459109,120.9053396754299,0,Normal
92.06712384904618,9.146329207695457,8.70549982821844,1337.9635869018834,7369.062371158985,101.32215473428944,1,Bearing Failure
64.3440992286758,2.241399336500237,8.162031167598087,1502.9019385132665,5148.617691962274,111.13502428712664,0,Normal
70.83277495778249,5.667328846981056,7.611500428320053,1704.958702198385,6122.2269575986,88.72688272052685,1,Shaft Misalignment
62.483458386059006,1.90399437220275,7.912796443327651,1368.4545382373183,4869.954151403929,131.30134242607335,0,Normal
80.52087578271838,5.4866033192239385,5.9030676898113015,1449.8944160007588,5742.723445608264,79.5758883999153,1,Cavitation
84.65628100209865,6.43056593152067,7.119648193540667,1729.128149534767,6028.865423057031,113.54788001413047,1,Shaft Misalignment
69.27188670735582,2.663709005627701,9.667760446878297,1489.3239395924388,6404.787819198858,109.07102231988924,0,Normal
58.84265914785658,2.353548616864869,9.557671609581092,1448.033048629178,3732.8654814086653,115.92523922935433,0,Normal
68.67264609212243,3.4930253328812393,8.076164025392483,1394.117799074121,1085.876620901827,114.71126520403318,0,Normal
68.31814348361566,4.49133623017776,6.076827765403758,1505.1864476975795,5620.335348934,74.38899815134926,1,Cavitation
86.98402685730971,8.155554358288454,9.263968214681386,1529.5002792967382,8149.430996907508,95.27664996183812,1,Bearing Failure
73.92468981969569,6.926067593232846,5.798164455759742,1501.0862634380037,3997.145517693071,80.70058986751211,1,Cavitation
76.95324067167924,2.567399241032323,9.255570580006337,1464.310203337075,1540.7770570343448,119.20377337881797,0,Normal
86.72866281281054,7.033381031824354,7.484169053437741,1446.6462120031842,6954.91524764458,104.21409204031181,1,Bearing Failure
93.66529825771119,8.64218307853958,9.51715226512024,1516.0397108529999,9994.591539736883,106.10836378692223,1,Bearing Failure
81.98699690729136,7.028005288197053,9.652703455900252,1681.929051606129,5581.169497283834,100.21494619676079,1,Shaft Misalignment
75.214427996122,6.031772225936317,6.125060807315056,1394.7596870576522,7430.78044848984,78.22460944892937,1,Cavitation
65.14599591953396,6.062058264705397,6.124123271683704,1458.7100671179535,3370.8172204742086,74.84919571101501,1,Cavitation
82.51913969839529,5.417982214958064,7.762931662281369,1219.3872770655717,5271.4673572556685,126.37611629379224,1,Shaft Misalignment
66.55593248352177,3.1641874587806207,7.523768373353347,1440.4606678266937,521.8455586825404,113.74077792723328,0,Normal
86.86485891234952,7.4136621417532735,6.4489243024855325,1438.2739092086342,7006.052158705604,115.35732466972941,1,Bearing Failure
66.94100306775978,2.4024642295149583,8.598774314025075,1458.0364374931366,3829.850829826385,115.45753726252715,0,Normal
86.51190603863688,4.798528561288796,7.733734486460241,1215.691769652956,6129.671478012805,99.81110130181287,1,Shaft Misalignment
81.35233097043235,4.9692480324897295,5.800317426442008,1356.7083200436339,7897.516269182493,78.48588900465043,1,Cavitation
63.46584127805703,2.5030858843251096,8.696689172234857,1442.7779883645703,2518.442200723037,116.6108479230957,0,Normal
73.48442839241642,6.7562867286022295,5.589484827068753,1375.122551941992,7383.397622600429,67.34040175201436,1,Cavitation
68.21496577366666,2.516779926387176,7.844428089106512,1485.2085655849671,3954.9891802009347,131.670620373428,0,Normal
84.79693213711049,7.350364055748208,7.064115429301612,1449.258043705458,6223.352883505898,101.7167905730944,1,Bearing Failure
62.7746445043227,1.7450220829936782,7.409133884849429,1442.942363305881,6590.298177820096,129.4551716221755,0,Normal
66.37557194583181,8.052236693914343,8.437870470590319,1181.7111659845134,5392.487980450931,97.53676859029537,1,Shaft Misalignment
77.41812000063318,6.454491326629739,7.479435831155283,1734.0834284921386,7556.254260846429,108.92117915554186,1,Shaft Misalignment
91.90816029405343,7.738675181275137,7.969462827253733,1518.5879264207672,6769.2016946645335,113.39538090760591,1,Bearing Failure
56.118505192171106,1.5724271332461754,8.41083080625264,1460.07140982702,3269.513447117874,120.17131251595903,0,Normal
64.83117609301173,2.2965218374432608,9.083392496601604,1445.9470033508042,4223.021313291209,103.25973435400675,0,Normal
61.98470085301021,2.8833200176173097,8.324124599095665,1400.72463017798,6907.988925718317,117.84837545680445,0,Normal
71.50832472492621,5.547031166492594,9.402318316267433,1703.6336279739282,4777.464837226572,98.37356606171973,1,Shaft Misalignment
79.85018587579131,7.661207671758028,7.694403763999234,1260.0048923410238,6007.639172213527,120.28331563486246,1,Shaft Misalignment
67.642696009157,3.025727547592998,8.995149773549763,1467.8283656054148,4578.198223256919,105.59383438461892,0,Normal
82.41547389850072,8.276530607237788,7.15781278577585,1439.9723883856477,8132.884009232525,102.46851499957054,1,Bearing Failure
65.45660461520968,2.762487393568675,8.886577581178814,1467.0256205154728,5959.950891364242,120.01704218025324,0,Normal
91.70512170775329,5.613335188484509,8.338654862442406,1594.7766695459975,5166.68601312617,103.99777650621795,1,Shaft Misalignment
82.45093376634075,6.408031533796954,7.242659941900807,1716.111364986779,8923.050159864344,100.43895150250233,1,Shaft Misalignment
73.45947457841248,1.9164237500128103,8.275891830148241,1490.4210822802622,2427.301936898261,125.25965301351332,0,Normal
92.58054287790522,6.420398681464084,7.4096396878083475,1514.1366062192074,7900.0360102891855,105.95005765938244,1,Bearing Failure
53.27960551325312,3.019516935000272,9.034343676829453,1463.027381008433,6986.250603484994,124.70530647529617,0,Normal
65.7182930607636,5.841927933979329,8.249751000150546,1186.8308218381646,8224.423666376315,99.98883816604159,1,Shaft Misalignment
67.03998563624882,2.8567156761807766,8.040186530781222,1409.1145502450552,2426.262499723775,111.5463244130942,0,Normal
74.4476179663051,7.567354709916179,8.249228310791661,1649.3084354144826,6126.123829297412,90.73204967175823,1,Shaft Misalignment
67.35815206003926,2.1633882538326414,9.012524254750277,1442.1801674431422,6724.006353609531,119.34759363928177,0,Normal
79.54982068705648,6.655266888852867,5.940915750783254,1482.5693356093418,4740.921809759848,81.03866764029668,1,Cavitation
88.84966549412633,7.589855755242562,7.371737953385137,1457.7874851635554,8288.06456593719,106.60695608656918,1,Bearing Failure
63.82277771063246,2.3425434425846112,8.081462506294317,1417.4802136236026,2520.513761026541,116.63714017260772,0,Normal
60.705698769271905,3.4202558610131972,9.028988516034067,1465.390600870841,6883.550810374258,111.09046787929383,0,Normal
82.32995902496982,5.711117154459059,9.573420035261503,1416.4656639547131,9979.05348047217,112.06892173120107,1,Bearing Failure
60.71263674187427,2.068408859449294,9.08023625267367,1435.8305474837402,5097.15168294057,112.14393269264721,0,Normal
64.35900879573923,2.1023955688392943,8.996053710575756,1441.1460732644528,971.3507261941562,124.4157549070792,0,Normal
65.83408029759138,3.1940823693480835,9.063119094218191,1440.3840609724637,4301.9247517668155,126.14274955734489,0,Normal
68.85587902667065,2.6511673710176193,8.43086366674285,1418.378857237841,1433.3042558575726,122.58476337054314,0,Normal
79.72890024924153,6.858848072678919,8.83216436883521,1146.7477040998444,5807.256896654301,106.82914563620255,1,Shaft Misalignment
64.03440460241791,7.270480436687503,7.566715702115033,1157.2549665947433,8415.82645839409,110.46524416053514,1,Shaft Misalignment
90.0314451404899,9.283229891744519,7.606036968091476,1412.3513509371307,8820.449045341376,103.67838247644676,1,Bearing Failure
67.99087301495284,3.2795087515775103,8.042016209317424,1388.1908354000532,2487.6142909324662,106.3914858325889,0,Normal
73.14701784112324,4.151062122628745,6.241985921339263,1507.9129140389014,6508.157251490293,84.76620050867493,1,Cavitation
77.4620164707622,7.190255929122803,6.253004831352275,1254.7729122621479,6897.228989982206,102.15374495746322,1,Shaft Misalignment
64.60715326255604,1.9733635988062588,8.262995371048385,1469.960547684525,1092.8928118922233,111.72155869243699,0,Normal
58.827971711191275,1.5559390966056916,8.681364783282985,1419.572730404564,2082.52368809913,109.81414697489441,0,Normal
69.57038582112017,1.9077722926382108,9.307936245061157,1411.4042679925446,3593.880987269932,106.91456824799822,0,Normal
80.37441277479029,6.641155414691195,9.469112647835297,1650.7295304090935,6927.674001164914,102.43597444467704,1,Shaft Misalignment
77.87062729266779,7.939202264319429,8.370358087210832,1173.4555246848442,4918.349993259541,95.79755969098372,1,Shaft Misalignment
93.79158630628268,8.220989153430919,6.5872361219981626,1529.3570704756464,9868.063955195892,119.78711568033472,1,Bearing Failure
65.67769322628561,8.009449050402651,6.904516539949932,1684.666544796343,4136.4513152341115,112.19599497624891,1,Shaft Misalignment
105.99240463301479,8.743103577848293,7.335504345305986,1494.770443222003,6954.503794850421,105.65863066319757,1,Bearing Failure
59.02634133121154,2.5103425210018426,8.137326435396778,1485.864543593006,1136.3476427706064,114.58468511878824,0,Normal
62.19034943071037,1.6426572360929639,9.094613230627893,1476.6898058971697,5789.889355353481,108.36961159402982,0,Normal
86.40626906931678,8.536515583504436,7.6054221363678485,1474.9163547467965,6034.4760103671215,105.55863939844497,1,Bearing Failure
61.47060492969892,2.7157894947292696,8.54146027965479,1509.2919794461166,912.9821957554708,111.74016825684102,0,Normal
78.24169075297286,8.050552947915362,7.152530257381129,1432.7806049523952,6112.659976067064,104.55864223831843,1,Bearing Failure
86.57188551730665,9.264739752441796,10.03205913995374,1551.15619323744,9330.017600129418,102.76408220096131,1,Bearing Failure
64.90248467053767,2.610136371948347,8.830819250859824,1440.2871851242312,2641.528049989173,113.74019259122211,0,Normal
91.75278124027398,8.083211774787939,7.407226806569864,1573.3780606115513,9010.061293837418,123.14350576389775,1,Bearing Failure
87.72467109554408,9.722831914851334,8.031733462363306,1442.9925945260213,6177.174105613672,99.55303712880287,1,Bearing Failure
68.50404196815393,6.047497152308949,8.451671374225482,1164.2336207691837,6820.914020793982,106.9222660488362,1,Shaft Misalignment
66.24369114864272,2.339820432289863,7.84539482373291,1506.1352213097462,3754.333161447672,121.97831999659402,0,Normal
58.14342911946939,2.4596165980193705,8.775826134289538,1482.4532127568568,2226.037201221069,126.60146979642695,0,Normal
60.60064797644954,2.0197956207784302,9.265086027610261,1507.427084151992,802.510257172331,107.23313616026779,0,Normal
63.464287453810286,3.3772431290012603,8.58719781868895,1423.237842611359,6200.158242607832,126.82001020764032,0,Normal
81.07403500382637,7.8015685285863645,8.229810617666065,1490.296012913406,9765.361404932684,101.71648078094073,1,Bearing Failure
71.80056005253407,3.16320300280607,7.6922915278656685,1418.4462700559795,3529.486469977334,130.39712299447575,0,Normal
61.59378025752939,2.5107972771129163,8.945167657491035,1456.5767274850032,5570.870019768098,115.80370608799922,0,Normal
61.269137966641,2.8234301972572386,8.644462430720973,1449.3425856467543,4684.038540397997,119.03081869777989,0,Normal
63.69896249320529,1.9776818462631955,8.579745512209216,1464.558853602244,6139.52263022936,116.5872029097117,0,Normal
73.69405106662425,4.627670673165659,9.028877933247179,1101.7908298830557,6079.910688337291,107.97961556164456,1,Shaft Misalignment
62.625293718935865,2.842735694066947,8.63327572199558,1491.9463611285341,5215.750879999415,120.62166768020005,0,Normal
66.54250339681859,5.709668618301532,9.092716051313571,1221.5682127237994,5019.871827726023,106.00622110835442,1,Shaft Misalignment
83.62341337960106,6.7902883733312684,7.094119167695067,1542.992302249556,6684.657499033225,101.95556929160679,1,Bearing Failure
93.58887295991791,7.778563689360381,8.070008311884967,1482.6884104761664,6170.363815881253,95.91846051392329,1,Bearing Failure
82.92969451342297,4.1519316028991735,7.995994011366555,1710.5553811865293,7573.244608699612,104.95098523069525,1,Shaft Misalignment
84.00886875559992,7.403123272810666,7.754491010002494,1493.9718986091566,8569.841337873178,119.07995525444814,1,Bearing Failure
73.54962166272593,5.143279996091341,5.513266114968743,1482.5062988424277,4967.226969495111,77.8921014609488,1,Cavitation
62.384478465577516,1.9800576673447021,8.67450613431404,1581.4289485472736,3843.901782879513,125.56132814094605,0,Normal
71.09967023537442,4.885226138962753,6.391356715937201,1392.1125377068101,5715.387020613496,79.19444192980353,1,Cavitation
67.56605525210426,2.460055930401784,8.75409532742584,1455.6980703620825,5195.869121115743,125.14762649520051,0,Normal
64.9441044226106,1.935587869017691,8.293438557115344,1469.1671663764598,6978.76950691348,121.16019337977995,0,Normal
89.75584597156578,7.755981576831998,6.609134849089316,1600.2901652046069,9393.26910807212,124.74326387552703,1,Bearing Failure
64.56649431925895,3.254571433815616,8.70302806121404,1440.603029139161,2689.5100594064925,112.85187925984576,0,Normal
64.46931970813793,1.7926120337137237,8.832060241733949,1454.660756142832,1956.3406782102752,119.71688964711562,0,Normal
66.11450726877702,2.215177294597111,8.598108555668091,1467.3059213851593,1292.8338229668684,117.19308821787635,0,Normal
72.34054342413734,5.574544751900942,8.398930977509849,1763.1913864344274,7913.320951715002,121.99145581523202,1,Shaft Misalignment
82.57685213743977,5.867531583689865,7.305759147744462,1214.4247987280783,7163.119118166488,102.65492464854108,1,Shaft Misalignment
67.66768319650022,2.8149199663172,8.317590797160484,1422.0997784942285,5570.169419730282,124.77356304728387,0,Normal
57.26192243320223,2.8632271334881128,8.765146179532971,1391.3544346683343,2676.3810351097795,135.11445777902924,0,Normal
61.778985008400305,2.5600291766666468,8.398639985281665,1402.0001767962542,4041.5481259342496,115.91041761150892,0,Normal
59.40537861511991,2.509915848480731,7.5726953445507945,1397.781519109073,2785.9752686254224,120.56740024562255,0,Normal
64.83629916615226,1.8855294761376256,8.592843654421136,1418.8812334552135,4882.218170256258,126.79885201390259,0,Normal
67.2384706567808,2.246934212742233,8.205021379643378,1423.5533113800332,1046.8222761520888,123.18195972357489,0,Normal
80.71324493424373,7.629208118807405,4.955761583455587,1409.4267399688308,8466.442541438875,77.97218232238451,1,Cavitation
74.12010834271615,4.714560101491516,4.5,1436.5643276964695,7849.982471275694,85.71232348335188,1,Cavitation
73.12744250112524,5.725959750503108,5.285418833431725,1455.90261622074,5076.532343157079,82.7015349348226,1,Cavitation
57.580970724833385,3.5067795021812183,8.55364293304829,1438.2627439074674,2967.751103146376,116.80460175211186,0,Normal
76.41738302009492,6.848317219704605,5.761355249925309,1440.5761590552754,5766.619111203122,66.5690707964027,1,Cavitation
85.65622814339996,7.641380676301325,8.606702596646686,1486.7061104169145,6149.943788501361,122.15088195332524,1,Bearing Failure
75.74794142785343,3.9839697804857277,4.777188554527198,1558.504749593813,8743.910195912173,82.94151510610672,1,Cavitation
66.72907597075766,2.3826845313823832,8.656209910049961,1425.849665250755,5515.343806479119,140.99701343330196,0,Normal
77.97029235922851,5.230373238037745,7.3285248620291075,1109.987738562441,7489.745761366022,95.40392687788159,1,Shaft Misalignment
77.9671057868569,9.349368791566663,8.76085653002289,1369.0769366935094,8446.471531016652,94.14820947867885,1,Bearing Failure
69.60375234081936,2.8078380058081414,7.923777765945566,1421.0311474467628,5912.176759178373,118.31264471762017,0,Normal
68.19895178721444,2.1063448114445715,8.06968492384158,1409.4735959751822,5182.133958641746,122.83112752171354,0,Normal
62.63591302222958,3.3418200565161196,9.331249382891833,1521.7991454457845,5796.099470769681,128.7209649694201,0,Normal
90.68541506853416,6.3953950458446265,8.084168584026777,1447.533356070158,6582.248990914494,96.59187198440218,1,Bearing Failure
86.49431323395189,8.897918914591765,8.813897415524176,1398.6394908432285,8457.318164242923,93.45381432462273,1,Bearing Failure
72.47468621749002,7.502344220279776,7.452366620105318,1167.6540581912968,6681.842680303362,120.80164187697886,1,Shaft Misalignment
88.03428466331674,6.799473009388968,7.874975495213076,1296.294906276519,7777.540106552224,96.87077517640505,1,Bearing Failure
83.98836909285819,5.126961167640324,7.267538702604321,1681.5077048213166,4785.586316214852,92.14444832808145,1,Shaft Misalignment
83.22048227448448,5.629552427023663,7.992095444063808,1574.0636283580598,9109.195142853032,106.96168998466213,1,Bearing Failure
59.85980670453568,2.541250034058143,7.588732828156699,1406.482661654837,1690.3024885993652,126.60361720624928,0,Normal
61.201634911237235,2.898187808219705,9.0297827863117,1427.7887801237869,5021.904810899703,117.30507035967572,0,Normal
87.19111884583361,7.434056391667044,7.659513637933064,1462.914316791262,6813.1582217438245,110.02234720351974,1,Bearing Failure
65.87550377515895,2.793727037287935,8.077199736537011,1428.316206651381,3230.3007883510686,137.64809969336812,0,Normal
61.008695355671314,2.427875359122573,8.901482841903755,1444.120582855131,6686.535293839314,124.82366228770711,0,Normal
73.96649461588831,6.4308251082593895,5.690871471063947,1445.3492162961488,3303.3799446358344,82.37080742497095,1,Cavitation
79.46748381611765,4.613053378664565,6.676382943086835,1514.861633503448,4011.7915628806513,70.30808640750828,1,Cavitation
85.88389060602651,6.879266253397443,7.513652967685384,1467.512801566979,6023.082645171872,118.77607447174306,1,Bearing Failure
62.48062279898515,2.9270491839851256,8.286329193908108,1377.0954918705759,4422.818519269089,112.90125993829295,0,Normal
87.58743516117845,5.852622729352034,8.483647704491005,1180.8984753609436,6766.875774476155,112.70022487130707,1,Shaft Misalignment
63.92305855569962,2.5846686980233557,7.73750752992797,1444.6488250991504,4281.643221055116,113.11649225546533,0,Normal
61.36296754142119,8.570253084867195,7.6648662366406155,1800.0,5323.018665180229,108.77364366135247,1,Shaft Misalignment
88.48072431961171,4.440218430789911,6.805617426021253,1202.0966843544259,6589.181219172362,116.75157826294141,1,Shaft Misalignment
92.8356227469211,6.502748765542907,8.3267244638842,1569.0952596492295,7541.612474072078,95.17886124085632,1,Bearing Failure
85.90784540484104,5.633907687092263,6.805075425044567,1490.1315350661807,6677.128643780183,85.02923880144303,1,Cavitation
73.93184845757307,5.0712166300165835,6.084043710305837,1496.1576675252522,3036.2561811484015,73.98893032485473,1,Cavitation
70.56335270572114,6.771796177235661,5.978126394353041,1513.075962626776,4264.5785965794375,83.11922720786826,1,Cavitation
65.65490564598518,1.9861260086525434,8.017776864801267,1447.9553094609344,4481.181796131042,126.91138839969956,0,Normal
65.8429298385741,1.6145872784700135,8.6170274421342,1418.275799054217,6636.048125370945,112.83268099544058,0,Normal
68.03656290334148,1.571481384706639,8.765189345918895,1470.899192923765,5493.836897584706,123.38342886809028,0,Normal
59.212159711157014,2.783206858877729,10.07482400556727,1494.2240326101478,6195.3218544624015,105.85474470597414,0,Normal
71.00604445009516,8.313980860197741,8.090032215283477,1436.460617157265,8874.797063891185,118.89024362962762,1,Bearing Failure
68.85189817618274,2.8810771006909066,8.056390370472974,1490.0512772026716,3401.8774588232977,117.61914311774463,0,Normal
75.7925030295815,2.576488952676211,8.513452591645164,1442.748048573209,3575.7894769806076,132.99827475633808,0,Normal
72.2780023962865,3.118992264745105,7.795540448654737,1467.7958358003955,2224.9032652822357,126.80575515568518,0,Normal
67.14895362883601,1.9956305309131157,9.495745330810982,1449.6325311166113,4732.721509578546,118.43124951273126,0,Normal
63.11290269184082,2.917956388812814,7.713660465709217,1451.8571704025758,3844.2754728716764,115.41364516970748,0,Normal
66.7857938697058,2.0747803814630363,8.70915486225333,1389.685842672116,1621.0151345372365,118.4172805261839,0,Normal
83.78825621022926,7.885212652259354,8.784479994495817,1442.0032770862506,6484.554295395606,107.0548642756002,1,Bearing Failure
70.27114176963362,5.989257453349205,5.387933258164138,1496.8102868768626,5661.873879620873,76.01636634137688,1,Cavitation
77.42484976793327,3.2515694317717343,7.924913969842806,1463.8654478626336,2968.293131340717,122.78049291042842,0,Normal
64.13698376191589,3.207234451951373,8.743808837616898,1420.5787733636967,984.5943365383404,127.97936750499481,0,Normal
69.03140608865637,7.670718296177581,6.017812439753593,1437.294564420082,3097.5904447046596,81.29981071318524,1,Cavitation
79.60245202210305,2.606014320538106,8.669754006743505,1387.9237024747026,5414.397228035994,114.23704916082677,0,Normal
68.88774882762064,2.433760057540574,8.611188874465277,1456.4244520862067,3675.6598325749655,119.85466494875637,0,Normal
90.87055720500673,6.266680263631685,8.636453244757776,1373.4110484000105,8161.819835685369,123.03012443766916,1,Bearing Failure
72.77902105332059,3.820015514035531,7.7945032143863795,1175.8126306174142,7601.6643431402035,118.892851290936,1,Shaft Misalignment
71.96719204660656,8.729639433423198,7.945544137393807,1100.0,8910.363460313629,117.54744837337654,1,Shaft Misalignment
91.96708594355631,8.167536094794132,7.810062584341793,1465.272058062217,8403.369518621696,98.49766913770715,1,Bearing Failure
75.46756868946183,6.53649993182616,7.894344368209205,1681.3404515756686,7968.31478913883,112.02276427551578,1,Shaft Misalignment
68.73454993628161,1.9587001830971438,9.004443068383381,1469.9125106565323,4382.922321183873,135.11982915521807,0,Normal
97.10382386953431,6.618472691247821,8.076675420475745,1575.1377153241347,8818.959962843323,94.87025404180042,1,Bearing Failure
75.3581792730606,3.956240437332948,8.109800710797826,1499.0434552467639,5452.150293102689,138.01054379001465,0,Normal
94.12785746284446,5.55489113388698,7.823707026269454,1100.0,9090.493792242229,97.65256786527291,1,Shaft Misalignment
62.589378578392655,2.6419881476037097,8.05458415993461,1372.064859730714,2194.090436187282,118.10534832827543,0,Normal
91.56679888931936,6.271273239554421,7.7725149840819325,1521.7111241441858,8631.898301060848,119.61635688214078,1,Bearing Failure
70.28495298010047,5.162156703977444,5.454761144216789,1420.1718535207674,6448.534143932426,85.95894955030352,1,Cavitation
83.93879607556507,5.668693868359715,8.142733745941433,1186.1953408260536,5894.760203283539,111.14961232046775,1,Shaft Misalignment
79.93621000387787,8.038812212756033,7.428968133192754,1704.063055021126,4523.015898915011,93.18469246669845,1,Shaft Misalignment
97.24078401916242,8.555528980126402,7.596930108967844,1445.6338072292438,9777.790528153302,104.92220829574927,1,Bearing Failure
95.7605612497777,6.5258426582219595,7.553942011367869,1416.2620489063072,7132.63265162343,112.43824460633132,1,Bearing Failure
64.46926802588335,3.0365743168278905,8.540013544173773,1506.0631255599778,4953.869851200049,120.67472825758568,0,Normal
67.95201179109193,3.15086621318926,8.235640499467824,1412.4397645304307,6000.998637652565,119.33857223357037,0,Normal
61.60154335370686,1.739984358050097,8.80259980015091,1424.7702053294588,5841.969060081514,123.40340511391115,0,Normal
77.08907824252977,6.088368019754271,5.61415983066426,1481.9554162749075,6043.260624173548,74.58589736929146,1,Cavitation
73.33957626662902,6.318068162861247,6.6108237979756606,1531.7070504442745,3985.1097843381526,67.08715204945314,1,Cavitation
67.85714809123242,1.9141440449850762,8.533769889534973,1451.4934030844286,3729.143179793023,119.77666460826015,0,Normal
58.049087573043586,2.9380636587996998,8.92811965979947,1519.02077618258,6285.639757219856,125.8059206021623,0,Normal
64.2531925217518,1.0795134079760331,8.676885315445695,1410.8279907886945,6980.438268281582,121.3068828393264,0,Normal
75.13105773150798,6.881841491794665,5.995419654094703,1397.6069497175306,6553.201080051084,75.46633654139268,1,Cavitation
63.76441799547791,4.210844587170967,8.611685597359946,1373.777056845449,4332.7258313501,102.77719278526232,0,Normal
61.59554213390058,1.469311760749207,8.214945074499752,1445.261997741382,3649.4927274755905,131.0952706724774,0,Normal
65.08187120965647,1.907834358099066,7.372104334452626,1467.2403876852031,927.9740693062553,130.07345057210563,0,Normal
69.1911197819497,2.57637873023556,8.243032049518472,1432.5572272781453,6393.045372739165,121.76316565700772,0,Normal
74.08277378457836,7.630162185859164,8.812509099022245,1800.0,5485.013646166574,109.41035834850763,1,Shaft Misalignment
61.49762780132635,2.447907574427226,8.771469631002445,1359.7434440659995,3008.095286720412,124.6255864622967,0,Normal
76.80909324890963,5.6181033784568655,8.130801791562448,1749.4559089386328,6565.060269775017,96.87638105712477,1,Shaft Misalignment
61.87295282633676,2.808984695338256,8.558904033693954,1483.8767556875132,1467.046033507123,117.52068787802465,0,Normal
71.77604281019194,5.715433007397477,8.845826300163063,1192.239230980175,7901.715233456322,75.46176514599375,1,Shaft Misalignment
75.81317234950089,3.2248115388918976,6.696225411569296,1484.2041989388058,3844.6546572857083,71.85863876556152,1,Cavitation
77.57465315421855,6.33143645749473,5.445207585581711,1443.5621578466212,3302.433265416198,66.0245017341172,1,Cavitation
68.14049131773722,2.0892634540139676,9.01768998076008,1433.1173219396323,5646.250091829553,120.24780421255224,0,Normal
72.72051957166119,7.2438296345821245,8.476212024442333,1237.540097852896,5751.852171219063,105.82088250490544,1,Shaft Misalignment
67.64010361485285,5.577743278278598,5.554821701737659,1450.5778961385708,5968.009693364061,67.89212315951114,1,Cavitation
61.791364281739355,2.1244503893892386,8.010872530969761,1454.8897201818827,2115.4823355261037,116.64829243583013,0,Normal
67.3257699741346,1.7198906540141756,9.195239738602323,1430.5058824315977,4438.408130886426,126.99392135386593,0,Normal
82.15817993468985,5.420694691420957,5.244438116792112,1447.3722919039903,8022.8845879507035,87.22662210717512,1,Cavitation
68.36943021573633,5.2285888178259246,7.1268951484788925,1227.5653122149743,4806.3456519800175,110.26897923665794,1,Shaft Misalignment
75.60647286513388,6.6021586309497495,6.8225264337290366,1189.1136304612105,6569.027801903105,106.95225650163982,1,Shaft Misalignment
84.2330875242801,7.866612244294021,8.539976104423221,1393.0987536026996,6071.813883996956,96.9072408061276,1,Bearing Failure
68.76362557685304,6.3951717850367755,5.641154304899778,1519.8484283357882,5834.711522199198,90.92777315597621,1,Cavitation
71.2283127121952,2.7028152983502967,7.90602473571214,1421.8145521616148,668.0924930008812,128.3712957374375,0,Normal
62.375914018535674,2.742919415778166,9.261467962241897,1441.9826149322255,2692.641952172196,116.12297148319935,0,Normal
74.77407235787419,7.002579814271594,5.981920217146306,1467.30172054554,7945.99402641149,83.71288550404739,1,Cavitation
60.63102689379405,3.0776081409317797,8.0790031101192,1455.3115126030825,3188.8259032908454,126.62447051914647,0,Normal
84.45868157242386,6.259090934490192,7.719763597209091,1431.8243040516625,8059.069496301771,106.91772433644138,1,Bearing Failure
61.90944284163213,3.586181566002497,8.699634703807089,1426.102468101098,2201.3936487406536,124.53209543552951,0,Normal
61.6017105284799,2.202979285940242,8.046128360383273,1448.8053423622057,5606.485339239613,99.6598477415155,0,Normal
73.91452800032572,2.351595767784906,7.310501979623388,1476.801986872621,2595.199977526134,124.88771475397314,0,Normal
65.33319901029033,2.659452822029503,8.823019683676714,1497.7087144349298,1552.4435655926516,126.76857303931709,0,Normal
87.84791635149746,6.909171889092524,7.947514518645714,1328.835632272552,7893.739734376195,110.48835883018462,1,Bearing Failure
78.27977811109399,6.0629977855785455,5.764545946459621,1409.7728692652959,7241.592178813941,76.63782509717865,1,Cavitation
55.995755814427696,2.8570242236314383,8.521241898386352,1380.4723206809638,6336.099790818485,130.17505310724445,0,Normal
72.00809585791316,5.513625407947657,7.42795925134859,1224.5209292745103,6903.504053691583,108.40946123516933,1,Shaft Misalignment
64.38092328702199,2.1173105401367,9.54259348419879,1352.7626941193803,2014.448341548608,113.093081905851,0,Normal
65.85156274852285,2.5938065837320714,8.31509426180309,1428.6082899447783,692.3822758788473,108.90426957582105,0,Normal
64.68955650892856,3.1253143461898105,8.616642520543936,1454.8591431731622,4068.1014103713874,122.51218081988891,0,Normal
77.83232742054767,6.274536187583282,5.915730791249386,1465.4864751543505,5851.134960252863,78.57286129813778,1,Cavitation
80.93886752876408,4.513472858022478,8.582866030516252,1700.0813931461132,5544.264739931337,88.82154850243113,1,Shaft Misalignment
74.7763246979239,6.7933952017755574,5.619616793401828,1480.9442408932546,8139.5066653647455,86.99989685104131,1,Cavitation
73.10487983124695,2.432151798468259,8.01820827773498,1403.8053608130167,6510.171642336139,119.82159773025558,0,Normal
65.98054646065918,3.7151705251728666,8.803160766683158,1392.7192147511648,5289.90521649797,119.410315886959,0,Normal
85.11722141826012,4.7548320524444705,8.40308125724368,1253.0359598787556,4407.156070053211,114.45326391661031,1,Shaft Misalignment
80.70836454263863,8.27597756640616,8.360133249372224,1382.9794262661806,9405.128848866125,83.35863232986999,1,Bearing Failure
87.3874874463445,5.575444780530684,8.654030122708198,1178.4260359145333,6873.943795718151,104.07509948486937,1,Shaft Misalignment
61.9004036446292,1.9534280373269886,8.76094502761515,1424.4741622266108,4293.776952065226,125.93132075729685,0,Normal
70.89854703047153,4.831988076156295,6.3681713979559245,1430.9352519597712,7576.117022727651,80.41440605608784,1,Cavitation
62.482688280494706,2.0106983788778674,8.299563021872514,1474.4797052765796,3372.0491025919155,106.19460597299917,0,Normal
66.47531431866177,2.064185851185915,8.566545680377496,1447.537983213107,3334.393978599981,134.56709273247526,0,Normal
78.32793672547619,5.897042191118581,7.075550838329136,1598.740542316136,4161.933831096573,111.95511493263334,1,Shaft Misalignment
68.59584333177719,3.5918630723875586,8.458455336128408,1475.9552770361536,4395.4081810181115,126.0358055981656,0,Normal
69.6382474435481,2.5707985456864386,8.383078392432934,1430.9510447718014,6912.983568448007,132.91438286551852,0,Normal
66.66529217533524,2.3108330875287137,8.61575938602323,1502.601922380968,3212.7195762311176,115.44295938762897,0,Normal
77.00097728980764,8.51795705242936,7.09276591502325,1439.279146743521,6769.372625900086,112.52891081493784,1,Bearing Failure
67.79994731839984,6.376694848676386,6.525488161474992,1430.2270451647735,7923.2584686598575,84.07756899551694,1,Cavitation
86.6287540494277,2.313852495930325,8.09288079843315,1800.0,5468.331655663095,111.58984733474206,1,Shaft Misalignment
70.74743682005185,1.5553949693608222,8.703844868418589,1473.2399815984677,4097.100174417197,109.06810943491706,0,Normal
69.28634771094589,2.1835955946823358,8.062554527110198,1473.5119798956853,4301.844233035225,109.54357549151814,0,Normal
80.96384500823548,7.794688947162549,5.4938000701971434,1396.6673315540613,8281.033083844539,76.90319582087822,1,Cavitation
55.01894001225587,1.1600367677411938,9.076800904903426,1449.429799587715,1491.921391560376,124.85722249200414,0,Normal
64.28636053416234,1.317847720348564,7.986920932068472,1452.500485480855,3002.519292683177,118.75453333578768,0,Normal
70.08510760800807,2.935490054908563,8.404243175033674,1414.4842794622737,5697.477433355023,121.17140581376643,0,Normal
94.84474868532723,4.401852845479221,8.991881781686294,1522.4494749564722,7155.831276562869,103.92016313987389,1,Bearing Failure
60.56667482657813,2.01064493726851,8.325068668461782,1475.983253265847,2463.317625680711,117.25825778497484,0,Normal
58.154793303478485,1.9218063834625003,8.346770836585325,1413.5116039278312,6206.0328697195455,125.76133950565895,0,Normal
60.685953681959475,2.5478498004930987,8.459253067020255,1481.2837844407825,2861.6695824557182,131.7266878288237,0,Normal
64.12757915314063,2.9430670997087143,9.193749166001401,1442.1600262731943,5961.521437874392,119.08046491523777,0,Normal
61.959969285313385,1.8913121639755517,7.829963964438033,1467.2886676303701,1256.156226366198,124.6730518785505,0,Normal
74.86205235826817,6.527898314691622,8.560476948963496,1165.6347243221562,9365.910636437253,103.104322633485,1,Shaft Misalignment
91.41855351822507,7.175823138959359,6.4617492963165795,1526.1228336745942,6290.728623363244,114.99284640234508,1,Bearing Failure
63.59184742013626,3.500326960511053,9.597506014563875,1463.7864921857592,6197.950280502083,120.07512486414879,0,Normal
75.99418519130641,2.7060132090317817,8.383205133861,1489.0793123064782,3221.5017367853293,116.9124051208271,0,Normal
56.89952830402471,2.7050981931076636,8.947328725846003,1481.8524033141414,5373.207314388401,117.90002511631397,0,Normal
88.52109111433238,7.597284665126258,7.389051600502428,1518.6522878742483,9173.93846137673,115.44546578143184,1,Bearing Failure
75.18490880876232,6.727543820831695,8.873397534314607,1188.9293603226881,8381.531656984835,111.2337318164463,1,Shaft Misalignment
59.76571020770831,3.2661898354378316,8.277161630049296,1490.696866792356,6820.1559100048935,120.91930181097185,0,Normal
74.85788680393863,7.231672326620911,8.242747788215937,1754.8378931357151,6009.2575974066385,100.73019628493238,1,Shaft Misalignment
59.2822027011725,2.8249874127103554,9.17332171571724,1399.5515259259078,3992.2918788422476,129.44102538993224,0,Normal
66.33092165568736,2.023561161794124,9.523884395293393,1441.7051517225507,6961.468897320612,114.31727810664724,0,Normal
67.81726760800619,2.6595097891049706,8.664329749086157,1475.0335463014285,4527.722929869048,123.65313221846355,0,Normal
63.01894828859448,0.6573094072605834,8.888986181733321,1443.1701344200676,6325.535619449865,100.75009479192082,0,Normal
65.68454995376698,0.6665746305134796,8.35882681381135,1431.2331497200269,738.0899453642104,126.36199333893822,0,Normal
93.42500748768775,6.598705107579709,8.145895068915545,1462.2015901571806,9495.492610605865,104.68543035318648,1,Bearing Failure
75.53470091131592,3.0330681582151326,8.455696946825695,1450.1279196246114,2541.587959018257,115.80112431740453,0,Normal
69.27211232282623,6.899786850763018,5.551710023130041,1505.5693462715628,5879.738960779876,85.57241089138779,1,Cavitation
88.77843513095787,6.516615404670447,7.21185956503837,1214.1351815544656,9220.89771399234,112.73053306045978,1,Shaft Misalignment
64.85410407967454,2.9157302812305046,8.658188009096435,1425.9224424861166,1179.3808690092337,112.67216181288477,0,Normal
57.72017478782689,2.535679556425286,7.391939676524056,1363.824651746371,2416.738022296482,113.28518433365893,0,Normal
67.49157210226619,2.9186842814401928,8.566816596594366,1404.100383397049,4493.818756428119,139.84520734009715,0,Normal
70.38467081788068,6.1160397979651595,8.089837319042056,1184.512694617233,4194.58568345326,118.7946091630168,1,Shaft Misalignment
69.81180199944409,2.4591575996389277,8.763362738316692,1447.192274748079,3381.957872661414,134.5416205913945,0,Normal
91.39901473033132,7.192310563493098,7.891465938803858,1460.0119148464994,6103.844073415684,102.41235588127621,1,Bearing Failure
87.16291583000158,8.110133545087935,8.23948359407676,1406.9630216190599,7958.495325640698,111.6025870670655,1,Bearing Failure
87.94481701569444,7.784423740451972,9.506740292958122,1421.5637082386093,8222.53902881988,114.02678142699249,1,Bearing Failure
74.18792691918881,8.346011938420766,9.265552987266728,1386.0989470471216,8648.35470836991,104.98547401222143,1,Bearing Failure
76.80650511393928,2.5153406912767546,8.808121904849271,1425.536777186136,6663.058232631988,117.41804357821326,0,Normal
74.91366626855533,7.459176347676083,5.47792114088955,1488.4712819583171,3227.226056171556,82.20731041030241,1,Cavitation
89.70903580711894,7.100018339991722,8.662166498725115,1429.5246387807224,6296.679795136648,90.04860341516117,1,Bearing Failure
100.78214259116653,6.478612487323815,8.085339214467126,1463.1633180784324,8892.254934212746,111.79086018415849,1,Bearing Failure
66.5101966154458,2.1569045285653314,8.92511652591851,1450.3176209209296,776.7101207210555,120.1719752455196,0,Normal
59.05104676992118,2.4170991122320604,8.50163795355149,1415.6644754317383,3205.2197960690223,117.79115641651394,0,Normal
66.20977701160506,3.020907563831932,8.103815367909675,1329.176963126809,4296.909552579006,125.43666519508517,0,Normal
65.07978493890768,2.7285907363734805,8.77998083350497,1416.944157430025,3486.52031927892,123.76006441529819,0,Normal
69.17414250596227,2.113938959781834,8.047105310699106,1430.2277759485457,1961.7640714659565,114.66697107457084,0,Normal
62.588432145318485,3.159390014465179,9.479918627372337,1468.0245219772555,5067.092246846452,120.32877105546565,0,Normal
87.9295410878706,7.367905023043752,8.237655437860957,1548.13001783341,7201.439286893204,98.94814722469532,1,Bearing Failure
64.19388267076937,3.0857362515979423,8.835352882699588,1473.3692082749492,3855.081380191184,110.53056972383816,0,Normal
61.499412040922934,1.7849685198295941,8.395746784523125,1428.7289719615344,3494.8244121976154,119.24034904397503,0,Normal
79.86722601690609,6.904692776567852,7.405028053218339,1494.7874573081265,7831.78133909742,99.71367337704493,1,Bearing Failure
63.896235023838365,1.542586888109438,9.262379152864423,1432.9438637379512,5226.5566038940515,134.20470426411177,0,Normal
97.74316847393285,9.153635216029858,7.625674436786359,1438.6907884144703,7280.920163874087,100.88720075669461,1,Bearing Failure
79.22521533655247,7.634369294531939,6.2445010578115445,1347.3085279918212,6714.909309445964,74.6404460834504,1,Cavitation
78.35585679525805,4.948868264223832,5.61039523503672,1441.6082283809785,4898.095726578193,84.0054012360156,1,Cavitation
69.45526553005237,6.043596817159893,6.725721366349715,1239.3820569679453,6954.431268822159,100.30870340675912,1,Shaft Misalignment
95.02558467157249,7.48621658801327,7.452363770253506,1437.3476348086342,6503.911443276673,101.33038405471832,1,Bearing Failure
58.74987172206198,2.6834207144498663,8.775718269087772,1479.0328459215518,1852.30325273075,120.5814890005096,0,Normal
76.58966464821616,2.287487862994107,8.938543089325254,1524.195263205315,3908.7645263231652,108.4104490666804,0,Normal
74.69139394659288,5.827073416998593,5.6843388361540885,1391.2010098116446,6752.651980836068,72.49980934476027,1,Cavitation
75.6978552562948,8.239180494701568,8.35491419049475,1446.556278095558,7509.393908921246,96.39515926617165,1,Bearing Failure
74.31107069403859,5.164398759312254,6.386950465787104,1399.0981164038592,8221.44994948201,79.27750368968029,1,Cavitation
63.31486812659312,2.797749139747257,9.241416433192954,1478.1915776975595,828.9090162917307,126.47633510602353,0,Normal
85.67895425208097,6.225712776949076,8.20370673907321,1400.5814122086613,6282.231821061697,97.85094152950418,1,Bearing Failure
93.91650334886627,8.14644936854226,9.617881303460015,1442.9440928405122,9998.020758834065,96.27016738649473,1,Bearing Failure
67.32681461865914,3.22929323297487,8.3336646007436,1411.4929722364204,5767.664562777696,112.44148407806624,0,Normal
71.43935744568866,6.9481387274067075,8.2945342383842,1127.5043227315236,6578.283060545622,107.69235132886259,1,Shaft Misalignment
80.21069946317589,6.224179484853792,5.5740816358982395,1563.578722945228,5732.40394298349,64.81400225029577,1,Cavitation
62.417957561859765,2.0601208451651045,8.454652140188594,1444.8720743157087,2265.5091940070133,131.2052525965456,0,Normal
87.56218340871233,7.318266462384094,7.341032959702514,1336.3251309716618,9380.429196021649,103.39961326420655,1,Bearing Failure
85.04473255595066,8.173327671575557,5.16464836017721,1434.888381409166,3129.195601791588,71.65106800277297,1,Cavitation
94.09562334138134,7.0966202540313175,6.960369686110048,1327.0315308598192,8536.97236391017,92.49974467215951,1,Bearing Failure
66.11109556699226,2.732105091720081,8.671966054368157,1406.859845763408,671.1763254954429,128.17090587919736,0,Normal
84.58776576041768,8.46627873923467,6.986822735558742,1417.4749866971272,9563.031868035965,103.422775549301,1,Bearing Failure
71.58447303746952,7.4562950020913465,9.627271314096973,1683.227553980398,7034.283822935539,104.73394894963019,1,Shaft Misalignment
88.42978766065701,7.746886901532267,7.650496586436107,1497.2116041241095,7896.96604708122,110.90452300784725,1,Bearing Failure
67.8365281264613,3.5129870868717292,8.197018508026245,1444.9543380049072,3241.0091391681813,122.61336737233734,0,Normal
62.87753317840474,2.0928674521002284,7.796120520483617,1513.705044687678,4434.7879126369435,124.40570546496767,0,Normal
78.2480472004928,5.317654360120734,5.029116037647601,1446.1936388465547,4171.047690240037,81.82512460444647,1,Cavitation
68.55913684298834,2.18434738747596,8.296891871709567,1465.2278612091911,3581.017427896048,119.08275686348706,0,Normal
87.95871522804855,9.5280478497139,7.002178640786317,1381.7423787815135,6943.85450383972,103.49945592778857,1,Bearing Failure
60.41832746870483,2.0349415637227706,7.833879727277589,1360.1078756150303,4092.7571588320047,119.06725262315418,0,Normal
68.74506977537065,3.429604556062636,8.132598146394821,1383.7322992176164,1915.0486925720109,117.93903611591205,0,Normal
58.490630740636064,3.0724260468779856,9.080871150252882,1460.0791524362417,2199.714176679166,109.9228817655676,0,Normal
52.866910198844,2.8904438224558953,8.687389265429337,1414.9891160569998,6549.806076355682,109.90038078668272,0,Normal
60.820011557792185,1.9061828562894088,8.185509795397593,1471.2957888944097,3734.3070740946505,124.29088962108284,0,Normal
63.949221979045625,1.9298947227581231,8.634801847031621,1540.5027523334127,6016.790451855631,115.9622763053188,0,Normal
72.45545097642501,7.222456095604093,6.042916573462952,1447.7826893923457,3193.7461027596487,76.59577549922362,1,Cavitation
71.7274148394196,2.1108657260268093,9.430686535659111,1461.034960255006,2190.7538896000947,120.37838994502982,0,Normal
73.31383722598926,3.5655053646125894,8.836959236489616,1467.6473871389835,5794.850428160915,114.96599474446298,0,Normal
62.33815821886691,2.508406124781929,7.630419902694468,1429.7401807018136,1525.3237582730387,126.34360563077075,0,Normal
97.5036186457809,5.7437697655204225,8.633583428218573,1486.0948027241307,8442.14970922693,108.30378817761682,1,Bearing Failure
65.52639311954839,2.59036149570678,7.74847657032126,1489.8277501748146,4022.2211262954297,122.16478172892523,0,Normal
82.58419047904903,6.857265030015562,5.207708320369705,1458.9130895878313,6247.982155518572,75.52421436385119,1,Cavitation
80.81354037532712,6.521642961342175,9.036921560541119,1766.6671152103627,5750.80017120686,101.47035769257796,1,Shaft Misalignment
79.69983107628292,6.3212618803100655,8.603972288661232,1151.4122873821168,9167.04413127889,98.85303176992332,1,Shaft Misalignment
58.749556624530385,1.5327318810847363,8.18348229971916,1492.266477970441,3762.33817261732,109.45526371363596,0,Normal
80.0880645446928,7.306144843702716,8.372566415796062,1495.75063676156,8861.578986463064,120.61940737186782,1,Bearing Failure
69.56855413198224,7.205636608869409,5.589956997532892,1412.9257637269984,4981.773737808765,90.94367747504724,1,Cavitation
77.61686665699779,2.1458712326797063,8.439751293050321,1375.7626685124626,3968.4156099152806,123.89029843792716,0,Normal
66.34098150537027,6.553120779680093,6.399129866275072,1370.5034664122884,7585.205813110586,75.0364405200266,1,Cavitation
68.8091942783227,6.996388425643009,6.728795438324832,1446.985962548601,5137.361324936253,69.91294802728319,1,Cavitation
61.011125609858134,2.2272601464749426,8.060152160264924,1463.3122850100299,4127.598262386471,120.65157787570269,0,Normal
65.02442870465097,2.123918693456829,8.17137298822166,1504.8204623713789,4661.421330243384,122.70208255948249,0,Normal
92.10113518342573,9.310147016630095,8.435776031421447,1483.3739928995374,9569.479592901389,105.71411853915313,1,Bearing Failure
65.22090246824682,3.0471154869140356,8.873573562421484,1487.0715662007524,3300.9468024125918,126.21602370013824,0,Normal
84.60141911019271,7.633744933654674,6.990534684630496,1407.2755740368575,7573.438185932594,112.86486953128704,1,Bearing Failure
64.14131995552466,3.0494438914945268,8.167454025959106,1479.2714594556887,6667.205392904631,132.07637490090104,0,Normal
69.05130022187667,1.8067289237094042,8.862540522223753,1511.0725065430906,3647.7302877132156,135.22046564183648,0,Normal
65.02912028961639,2.4235875458444016,9.009227978272506,1474.0260948754715,2598.678076150801,114.11543643215477,0,Normal
58.12029838292359,2.3103622170175306,8.627829327048637,1424.1500704837058,3251.70980903757,122.94838484601038,0,Normal
79.95372091248886,6.413756713210381,7.798669981687553,1350.7617052772139,7623.395601608584,101.18413302692362,1,Bearing Failure
71.37195201104727,1.528577888306836,8.586207694313018,1395.5605948758093,3462.181215830846,127.5345922357976,0,Normal
82.32105522406943,7.317839416142077,8.196848177808846,1433.6195951186448,9905.652889536224,110.85021332287798,1,Bearing Failure
79.13158545644475,7.742943912350816,6.481246342470811,1492.8347779395317,8789.996144148377,117.53058210243914,1,Bearing Failure
62.042558714645416,3.2135036698630013,7.7938706862911,1544.4352868725186,3567.8518190947516,127.01889767365181,0,Normal
67.75823853212619,3.094642789958455,8.870342001961799,1463.6950035851003,6749.3338433507415,113.17674346287278,0,Normal
83.66726733302401,5.378337994952483,4.822372420454213,1372.2810960438198,7561.2337471749615,73.97469184762915,1,Cavitation
69.55230551225921,2.073837461012855,9.334691729773823,1394.616135010906,3524.704973758331,135.51753154182708,0,Normal
80.86521519064735,7.93296591751486,7.874314237634637,1499.4987438670057,9399.851513167374,96.8139409559211,1,Bearing Failure
63.54333996937527,2.782235645205494,9.095180709876033,1438.688271595627,5511.548350964255,120.63751025155784,0,Normal
94.45062072285363,7.1586954853399405,7.822403185453521,1440.4478973048017,8500.83328697172,115.12942884669782,1,Bearing Failure
67.28101659575871,2.258770419835126,8.872593440946915,1509.3303553942637,6028.292928458269,99.15538595449173,0,Normal
65.67185143791055,2.74413745437778,8.428855417470219,1434.4126228865837,3595.0014674337954,116.06609568105766,0,Normal
91.96187928709257,8.635831450569967,7.472887171381805,1426.622253982106,8604.41467767983,104.61575091094318,1,Bearing Failure
86.39923127231461,5.162873820898757,8.093143375766346,1118.1553406214643,7173.499591181348,104.48102613178982,1,Shaft Misalignment
72.47002623853773,2.824496926230695,7.3236067650573204,1497.1028165659786,2818.785747798701,127.30181450495847,0,Normal
64.40466608047441,3.1063820364576573,8.184953063225288,1467.562346434815,6317.28146118512,117.10789418314506,0,Normal
70.38868708846103,2.8801972127754456,8.412993442336921,1464.713527735956,5680.336062822785,121.47851334089799,0,Normal
60.90960506347011,2.990491468393715,7.691044677104973,1367.1502373022572,2933.0420288439095,117.10726159944522,0,Normal
82.33092138736833,5.923845448644851,6.108430419146894,1757.2114559780798,5878.70678759272,113.55997290306546,1,Shaft Misalignment
77.25856312498645,2.206400574722677,9.566632340780927,1395.2531572591977,5950.231916424588,128.20394869013003,0,Normal
67.8577828551938,2.8690267611856153,8.578066767096812,1450.6295431892927,2725.0553063137863,112.94667897534116,0,Normal
64.37459734014992,2.1759913968579627,8.716409270632662,1474.0203918890875,3861.513808178227,111.65779954594865,0,Normal
86.80858487871424,5.4385945759770955,8.301253849054548,1526.4791874423004,8232.19590251795,114.24721805513421,1,Bearing Failure
64.75038026565252,3.3692524696821233,6.898327195397657,1499.7069752186778,2737.598346556559,132.90812319572746,0,Normal
82.79348761187542,7.1573678569898105,6.725922784531139,1471.6061287643663,8755.742564034252,110.47706193163144,1,Bearing Failure
67.32131871617896,2.8407967237145453,9.088112853379265,1398.6251209796321,1307.0412125607702,116.87836395231795,0,Normal
57.80786640612298,1.7380461476034719,9.098066858545554,1425.469847413997,926.9877907142037,117.28873163459333,0,Normal
82.62250348079526,7.0332398691554285,8.155399716240519,1123.7078664521243,5276.451571157975,91.95043218465855,1,Shaft Misalignment
64.79378146680473,2.501287769275925,8.093712108844596,1490.7737306899473,4289.621208386886,125.22273227456925,0,Normal
76.32386391495196,4.191882679579926,5.683251824386617,1491.2081658424743,8214.695920265893,68.87842241795106,1,Cavitation
68.62414686742916,3.0537865390842582,8.23968469671885,1386.0952108332617,4124.675556730531,131.92110017679872,0,Normal
65.73005304887863,2.243112801404317,7.783479797691073,1537.6655302021995,4164.813623738612,121.25137616336534,0,Normal
61.53824612883103,2.104576435066813,8.2129496623582,1471.4565559956538,933.2888938514897,116.60080728637755,0,Normal
71.37622455882547,5.603065392978811,5.976545788665173,1400.142341018995,6131.471581660996,64.88531361643629,1,Cavitation
65.59595406503796,2.0625781431840773,8.279368597572162,1461.6248599139922,5949.195833857004,134.78487283284443,0,Normal
71.53843691514125,6.7172434606840445,5.907954537007228,1366.3634317918265,3356.841279546713,80.3581355909709,1,Cavitation
62.9425437938936,2.824866459633842,7.961047069424207,1424.3726002600959,3697.193736495354,127.57446053209496,0,Normal
68.09278178488962,3.6914058466089035,8.561764600920547,1441.3307284337416,5127.23355399038,120.73391900789825,0,Normal
87.39293972633544,7.367849109865138,8.366483360509914,1497.3082624007914,9223.824511312161,85.45867425706925,1,Bearing Failure
82.56559773329619,9.154230518279952,8.239009835935082,1413.9049612270774,9296.350448682975,96.04311488304228,1,Bearing Failure
89.87750793340703,7.738439844388339,7.955916156129855,1478.9774040270447,9801.341866673562,101.79253628521154,1,Bearing Failure
63.70351815637002,2.3735274852528576,8.884768457247349,1404.485614595975,6333.246712984246,115.33116349517186,0,Normal
70.54388330153617,3.244680592008881,7.435704895586534,1468.0164783971786,5317.492376356781,115.76313440344353,0,Normal
59.294170921701756,2.629799330739801,9.13583261664825,1445.263395811355,600.6359843938496,132.73619918860868,0,Normal
77.45624165003633,1.5617553473971724,8.581480835428174,1403.0258815073075,3031.3272821099504,127.03876739165511,0,Normal
105.08205753374584,7.032390466582773,7.492728051822387,1441.430401684291,7691.213889795274,110.99463918625175,1,Bearing Failure
70.9355522508648,3.046533268737752,7.727549978542694,1441.8031742695873,4122.0490661112235,108.50368878098567,0,Normal
64.78978116017845,2.4896522270134023,7.7543388577357995,1452.3940812237731,3875.5191690796696,118.28753783494386,0,Normal
94.8204932365961,7.966265717310912,8.157885334444783,1475.6029273277195,8634.810824838505,117.12234865852305,1,Bearing Failure
88.19499917732718,8.305593834995175,8.052792419828723,1388.504316004854,6507.491312252373,100.19352058511758,1,Bearing Failure
62.85203437620848,3.0590663593150764,8.731421289534886,1422.9573106652151,572.8716511073219,115.38805330457208,0,Normal
86.33630006417431,7.732076196502625,7.708299320640297,1463.2782936385934,7501.2313681139685,105.37092341936456,1,Bearing Failure
67.26194701560178,4.9814547055780665,6.342333874754507,1436.0969897933521,7626.175083483115,73.21106273819315,1,Cavitation
84.32378793703212,6.490703206994113,9.886375632536858,1488.1187070149242,6775.2564578341135,112.45747057430913,1,Bearing Failure
95.92942055889442,8.2882159650817,7.7502595281184625,1416.7283493370117,6776.327515865176,109.7522958150663,1,Bearing Failure
63.210860332793665,4.08272905135612,8.650936690360506,1434.547100982113,2862.8439729002334,102.35764501795275,0,Normal
98.2596523059976,6.263444399851266,8.274706392853359,1555.42428049187,7349.898780146692,112.74582815822453,1,Bearing Failure
84.7075193358393,7.474250296250421,9.00869404544862,1601.4596180535802,6877.586842254304,96.2936127298139,1,Bearing Failure
86.30872504420974,6.633426914653454,7.875970587200129,1712.4825816856867,6681.338246591112,98.91176837576634,1,Shaft Misalignment
65.56068881388826,6.702503019063358,6.777331271731245,1387.7781976125652,8453.10826729393,80.31411008173251,1,Cavitation
65.77246832797626,2.298068446073096,8.490063182315843,1445.7094093675623,2640.9652504634923,128.3733986182475,0,Normal
79.97391167342758,6.959188522891609,7.768411673743165,1197.5130523983523,5333.67393944013,98.28850891924377,1,Shaft Misalignment
63.91345547264402,6.85123337052085,6.348650644476295,1316.4142878308185,3770.3770308135095,73.5227665533987,1,Cavitation
62.57522786600868,2.776910827826868,7.686051076708974,1492.4115456354928,4305.6585990477315,115.37509233027485,0,Normal
58.94919528292921,3.4548402206576823,8.938357093193058,1488.5662353668793,4194.074482006516,117.55644238046655,0,Normal
69.47020271954015,6.953202917279569,8.488283274414995,1759.4895432535177,7186.813147446188,99.77840302390425,1,Shaft Misalignment
61.03263465450699,1.4074899166492634,8.667876996925637,1460.483336588006,6295.0286805056485,126.21850309828682,0,Normal
90.56586206365776,6.5021364508622534,8.308925681655085,1564.4358105522574,7232.899605612443,103.23030665656779,1,Bearing Failure
70.66463193650517,3.736253619066819,8.626001880600965,1473.963367411793,3124.2645266820464,118.01886295454153,0,Normal
64.78924734159266,2.5201157724869923,8.721992910780266,1438.7796566150212,5148.18648851758,131.18275445625198,0,Normal
69.6874621224485,5.884303517084333,6.103782813560688,1499.782950571435,8582.691603270187,65.07974502297697,1,Cavitation
64.64330000749798,3.5318600757577094,9.387707287577344,1462.309410753137,1899.6484289367547,126.76218637633677,0,Normal
67.55160206222091,2.6468202558770244,9.64816965796468,1417.8292380188532,5968.504284748062,132.30080481259182,0,Normal
60.89022947169201,1.9822866870991107,8.975421799670118,1428.6785485380815,1551.3004432615453,115.85202130700523,0,Normal
58.70594579658469,2.5830742231683885,8.387046787612222,1443.9446972905764,6712.0366165027835,132.51425095544695,0,Normal
75.96812561910363,7.813935072310166,8.180079232920535,1461.4604580577281,8970.324893486524,99.46035954639298,1,Bearing Failure
84.066505652152,7.2667615278314885,8.431720816378954,1407.4705141453662,9770.401093434728,113.86459102136452,1,Bearing Failure
70.2731031424366,3.1148644673690367,9.08429018213669,1410.047165226638,4929.844480375196,110.22108308010209,0,Normal
79.56374889956923,5.168952151688901,6.477747766437504,1552.152112173516,6722.0571679032955,82.86105407478512,1,Cavitation
63.18322952446021,2.326991639345401,8.171322329169344,1505.9708550093321,6228.052094878072,127.18821594465183,0,Normal
91.68319807684468,6.755439459606971,7.709939136806371,1476.7062552899624,8571.226364344695,97.01079344081235,1,Bearing Failure
75.66322013171818,1.8541816200477008,8.999732042350363,1510.7866175682084,6933.271990008512,104.03695080200717,0,Normal
88.03502099220425,8.399720373029535,7.321857683113694,1557.381939375783,8524.056774018125,89.26787060438294,1,Bearing Failure
67.93011872027569,2.4815874283695396,7.53640228137077,1505.2731745217134,1975.2375832158962,123.48256304282404,0,Normal
72.08256018784319,5.684366145791061,6.38372520893833,1490.9204396715759,7738.167076421926,79.91977272442142,1,Cavitation
69.6473953104677,2.7166011677062607,8.657585851946246,1425.0351910853224,5219.093303046876,107.48535738840725,0,Normal
74.96182831922972,3.1008417461380393,8.271321465517854,1418.9869447155234,1169.6247638743396,128.9683141107594,0,Normal
72.50214014867322,2.3983048175156774,9.142401849935624,1427.1006077381935,4239.893314155647,127.63614889541165,0,Normal
75.5375346911916,2.783939844935419,8.95607351350823,1408.2152482763918,4596.8437628442225,117.8832290742626,0,Normal
62.09278456828621,1.3219848140406878,8.212345695799103,1411.1019744925197,5273.102153420411,123.72853398622883,0,Normal
85.80658016079373,5.433636924615181,7.953128776779328,1238.9572858117838,7287.251704152941,117.48655753889638,1,Shaft Misalignment
76.00746161566637,7.2867988527259016,5.641861728404542,1435.4848365632404,6443.906522250674,85.08799979819868,1,Cavitation
83.34782212121853,6.504229858994152,8.433220408616208,1800.0,8754.014465507853,89.81089174909933,1,Shaft Misalignment
93.03375322692618,8.297629895539078,6.509162216226554,1366.8993558397706,7841.857849514523,116.61917671212893,1,Bearing Failure
61.48875228818428,2.3381561652549445,8.134641609950675,1439.7338185319081,2920.604329229815,115.95277647686109,0,Normal
91.57297180433184,7.686252459901266,8.742729301428506,1467.0931539829191,9451.119645210003,83.44109260773624,1,Bearing Failure
73.66498119116484,6.8690312755308405,5.737771685142789,1493.3578444550094,7478.236048754123,56.91328824389436,1,Cavitation
84.56386485743221,6.150349970034156,8.413850349231684,1353.4058079193787,9009.243882693823,117.65014234071697,1,Bearing Failure
69.27099824306408,2.3611286710074073,8.900892592164244,1409.7476797762765,2465.3750505354346,120.58149381825649,0,Normal
62.46166075395146,2.335453894914132,8.276394631727724,1438.8614114512645,2595.7440797374493,123.59571721579584,0,Normal
84.56514985713045,8.756221344441359,8.099314629839947,1381.0695928230482,7115.741234550751,96.8104755502628,1,Bearing Failure
64.79253915929449,4.50111109313875,8.023820710442676,1740.3978454875323,7027.999153409975,108.55025617934929,1,Shaft Misalignment
88.10331749638337,8.833638561859827,8.79901820482489,1536.1039247201268,6588.481380270338,119.60818718289113,1,Bearing Failure
65.96827658315746,2.5334438639958208,8.832381544862182,1360.427093337431,3433.0928468754155,132.35466789576986,0,Normal
74.59303166938103,2.288041518737105,8.387253288332682,1461.8204676636135,6468.25553000107,117.11778522498419,0,Normal
61.23882731736279,3.1158516262807603,9.659051130231902,1418.3412942994858,6778.252584131725,110.54484820502408,0,Normal
79.50102826725247,4.525617130681852,7.056821734104451,1509.5442966433259,3472.967982661207,92.74567669650159,1,Cavitation
95.88535945422147,8.213266250796542,7.281824627763456,1486.4373409061016,7975.948720573965,103.78480321799762,1,Bearing Failure
75.02271189889993,5.00555757867284,5.805762788050928,1488.4752525647325,7732.193937320832,77.99433084933611,1,Cavitation
62.74790556716172,2.5922090579061425,8.327525342392763,1376.9235878413608,2232.8181637385574,116.33057396236075,0,Normal
63.244857479093554,3.1326701362914955,7.634367466016345,1438.3406514895312,2281.8629322868837,121.26853356374887,0,Normal
78.95742963642614,7.511353147977536,5.046048818319489,1428.9627425550966,5214.088196075672,64.06356846582536,1,Cavitation
56.6345799374713,2.1510515420636693,8.072236156029689,1377.4908813970742,3911.7019170362855,111.73973379032472,0,Normal
70.6531587488437,4.835995089996647,5.739420975404645,1497.443262272342,3227.7029175652888,74.96603273782992,1,Cavitation
70.71556979442181,2.4196871026752933,8.060177394934687,1423.690688031665,5905.974300186668,112.96952856667272,0,Normal
73.94248996574896,4.231414330086519,5.287103207537129,1434.0798212972954,3075.940621271175,83.81823500749728,1,Cavitation
85.96314733681072,6.173463396623672,7.825228922534216,1171.915544598747,7810.596537784253,76.05814942428417,1,Shaft Misalignment
67.69217478608226,2.929440544702504,9.697180950291225,1537.4037958014444,4122.13691656967,114.50627725597364,0,Normal
95.47797886644966,6.344991502600098,6.321285833324372,1365.4941105778983,9421.870116464423,105.2141062840429,1,Bearing Failure
59.67098644325621,2.8569126240383467,8.193394053762002,1437.0152130240824,6428.41894369653,121.90185382324789,0,Normal
64.47676687870899,2.7076881663714407,8.111728355234911,1479.855794940888,1240.6464889233305,122.1226244399992,0,Normal
76.25221296757977,4.700964363734439,5.375722870492694,1484.2151292069234,8140.162819959386,79.29627194889719,1,Cavitation
65.49218811962292,2.364410077988651,8.717103588930943,1489.844191572684,4203.363502561385,115.31834134848796,0,Normal
54.715568682892126,2.661106315448253,8.784669586462648,1452.1068883926087,1839.1131278939442,117.11015845668501,0,Normal
83.15445195941022,7.2765274947630605,7.26861458026785,1557.0353557121061,7622.477561021769,100.30017426669991,1,Bearing Failure
88.44553851211796,7.916239174014805,9.63047339221907,1338.9393699448976,9234.159266787894,120.81876093498988,1,Bearing Failure
58.38132514675514,3.1612497611415593,9.224430188157244,1451.3251248668373,4881.839989232513,84.27516909176899,0,Normal
55.82000818012479,2.1072247514727733,8.024204202173392,1422.9283583267652,4576.349098779016,134.34937146111554,0,Normal
91.49870413668866,6.79247304222309,7.537296222873075,1735.1495428332864,7156.703988469645,115.0753140248854,1,Shaft Misalignment
84.93855626937203,6.675296090865455,7.921017608181965,1471.9235091477829,8368.523405377195,92.92668003160158,1,Bearing Failure
61.259545085756685,2.6749953599134275,8.644669452821493,1443.1910483211527,4854.62698686448,128.74650702934656,0,Normal
60.04930554127884,2.8401398911232767,8.130571249345403,1437.3601342046675,1776.6387897189638,116.28865567742511,0,Normal
60.382997637374594,2.400422961116245,8.314624508096177,1457.1572691575263,4333.237365528221,119.44427158709941,0,Normal
77.12399656738393,4.9136081221224535,6.050819841130429,1411.090926081225,7259.3726002887215,87.6923860552941,1,Cavitation
67.25609404225972,5.746811087211533,7.793163430269453,1674.9260105570784,9471.67393883986,117.99918978061811,1,Shaft Misalignment
64.53847303099613,3.4337844330881646,8.745039814125748,1471.9062308767677,1805.923707955896,123.27708894947195,0,Normal
63.964880196569844,1.364217353846916,8.40928806944095,1521.3565679273258,1863.8692336666602,112.83224026210637,0,Normal
58.925441776081264,2.333484993316054,9.210719087426252,1429.8338046578556,1880.4671666829563,112.7836577496039,0,Normal
83.86611992173987,6.904051141145306,9.297480108394296,1278.133204895457,9413.547316428288,106.63620797774985,1,Shaft Misalignment
62.24021492607853,3.5163747637707927,8.659633760397831,1486.1875361181437,6730.2039543817955,122.1394162367798,0,Normal
68.57587195064029,2.4693287841907736,8.508062393950237,1455.7322522000002,1605.9278111515264,114.16349587409907,0,Normal
67.40471819137768,2.965991345915464,8.858994570654147,1387.4677038329037,3296.2607049082267,120.2239963615565,0,Normal
64.07494561250724,1.0812907780864973,9.24678558127894,1457.0719554004518,4165.388606196744,116.08806093153896,0,Normal
74.1461208389896,5.106346489704393,6.097222802002057,1435.850132635007,8216.040647444132,76.53167742386827,1,Cavitation
